:020000040800F2
:1000000000200020C9920008019000080390000819
:1000100000000000000000000000000000000000E0
:100020000000000000000000000000000590000833
:100030000000000000000000079000080990000880
:100040001993000800000000199300081993000894
:1000500019930008199300081993000819930008D0
:100060000000000019930008199300081993000874
:100070001993000819930008199300080000000064
:100080003D900008000000000000000019930008E7
:100090000000000019930008199300084D90000813
:1000A0001993000819930008199300081993000880
:0800B00071900008000000003F
:1000B80010B5064C2378002B07D1054B002B02D036
:1000C800044800E000BF0123237010BDA0000020F9
:1000D8000000000044D80008044B10B5002B03D0E2
:1000E8000349044800E000BF10BDC04600000000FE
:1000F800A400002044D80008002243088B4274D38F
:1001080003098B425FD3030A8B4244D3030B8B4210
:1001180028D3030C8B420DD3FF22090212BA030C19
:100128008B4202D31212090265D0030B8B4219D3FA
:1001380000E0090AC30B8B4201D3CB03C01A52411A
:10014800830B8B4201D38B03C01A5241430B8B4262
:1001580001D34B03C01A5241030B8B4201D30B034B
:10016800C01A5241C30A8B4201D3CB02C01A524172
:10017800830A8B4201D38B02C01A5241430A8B4235
:1001880001D34B02C01A5241030A8B4201D30B021E
:10019800C01A5241CDD2C3098B4201D3CB01C01A38
:1001A800524183098B4201D38B01C01A5241430942
:1001B8008B4201D34B01C01A524103098B4201D330
:1001C8000B01C01A5241C3088B4201D3CB00C01A9D
:1001D800524183088B4201D38B00C01A5241430815
:1001E8008B4201D34B00C01A5241411A00D201463A
:1001F800524110467047FFE701B5002000F006F8AD
:1002080002BDC0460029F7D076E770477047C04660
:100218008446100062468C461900634600E0C046DA
:100228001FB501F0CDFD002801D40021C8421FBD33
:1002380010B501F00FFD4042013010BD10B501F0BE
:10024800BFFD002801DB002010BD012010BDC04605
:1002580010B501F0B5FD002801DD002010BD01201A
:1002680010BDC04610B501F03BFD002801DC0020A0
:1002780010BD012010BDC04610B501F031FD0028A9
:1002880001DA002010BD012010BDC0469E2110B526
:10029800C905041C02F0B2FE002803D1201C00F09E
:1002A800EBFC10BD9E21201CC90500F0A3FA00F04C
:1002B800E3FC80231B069C466044F2E770B50022ED
:1002C8000C4B04000D00FFF7D7FF002804D12000D5
:1002D800290002F005FD70BD064B00222000290010
:1002E80002F0A4F802F0FCFC80231B069C46604444
:1002F800F1E7C0460000E04170B50600080002F0D2
:1003080059FD0022064B01F0C9FD0D000400300024
:1003180002F050FD2B00220000F064FD70BDC046C5
:100328000000F041F0B546464F46D6464502C0B5F6
:10033800C30F470098460E1C6D0A3F0E5BD0FF2F77
:1003480021D08023ED00DB041D43002399469A4603
:100358007F3F74027300640A1B0EF60F002B20D037
:10036800FF2B43D080220020E400D20414437F3BBB
:100378004246FF1A4B4672400F2B00D99DE0714947
:100388009B00CB589F46002D5AD108239946063B1F
:1003980074029A467300FF27640A1B0EF60F002B9F
:1003A800DED1002C3BD10123424649467240194315
:1003B8000E2918D86448890041588F465346022BA5
:1003C80000D1B8E0032B6ED042462C00012B40D15F
:1003D80000200024C0052043D2071043E0BCBA46E1
:1003E800B146A846F0BDFF200024F3E7002C20D139
:1003F8000223FF3FD8E7002D05D104239946033B8C
:1004080000279A46A5E7280002F002FE7627431F38
:100418009D4000237F4299469A463F1A99E720005B
:1004280002F0F6FD431F9C4076235B421B1A002016
:100438009EE703234A461A4391460320FC3397E775
:100448000C239946093BFF279A4682E703282CD0BC
:10045800320038007F30002847DD630704D00F23BF
:100468002340042B00D00434230103D53800374B34
:1004780080301C40FE28B6DCA401640AC0B2A9E79B
:1004880080240022FF20E403A4E78023DB031D422D
:1004980001D01C420BD08024E4032C436402424662
:1004A800FF20640A96E746462C008023DB031C43A2
:1004B80064023200FF20640A8CE76D016001854206
:1004C8002DD21B230024013F0126290064006D0062
:1004D800002901DB854201D32D1A3443013B002B4F
:1004E800F3D16B1E9D412C43B3E701231B1A1B2B31
:1004F80000DD6DE721009E37D940BC400B00611E2E
:100508008C412343590704D00F211940042900D0F6
:100518000433590113D49B0100205C0A5AE71A23BB
:1005280001242D1AD0E7981E434258414042320018
:100538000024C0B24EE74246FF2000244AE70120CB
:10054800002447E770D80008B0D80008FFFFFFF77D
:10055800F0B54F464646D6464502C0B546000F1C84
:100568006D0A360EC40F002E00D1CDE0FF2E72D0DA
:100578008023ED00DB041D43002399469A467F3E05
:100588007B025B0A98467B001B0EFF0F002B72D084
:10059800FF2B00D1A9E07F3BF6184B460A2B00DD64
:1005A80085E043468022DB00D2041A434B4690463E
:1005B8007C400022022B0FDD494601238B40A621F7
:1005C800C9000B4200D072E0902189000B4200D094
:1005D800DAE08821194267D1280C42462D042D0CF7
:1005E8004346290012041B0C120C51435D4342433D
:1005F8005843AD180B0C5B199A4203D9802252025A
:100608009446604409041A04090C52189501691E9D
:100618008D411B0C920E1B1815439B011D431B019A
:1006280000D5CFE030007F30002800DCB1E06B0758
:100638000BD00F2332002B40042B06D004352B019E
:1006480003D5803210006A4B1D40FE2864DCAB01E4
:100658005B0AC0B21FE0002D00D08FE00823994646
:10066800063B9A467B025B0A98467B00FF261B0ED8
:10067800FF0F002B8CD14346002B5CD14A46013337
:100688001A43914613000A2A11DC01227C40022BEE
:1006980092DC00200023C0051843E4072043E0BC97
:1006A800BA46B146A846F0BD3C0045469246534678
:1006B800022B31D0032B11D0012BEAD0300080302F
:1006C800721C002866DD6B07B9D00F232B40042B62
:1006D800B4D1B4E70F2A7AD03C0045468023DB0327
:1006E8002B435B02FF205B0AD5E74346FF36002B0E
:1006F80034D14A46023313430A2BD8DC7C40002A03
:100708000AD09946022257E7002D08D104239946BA
:10071800033B00269A4633E7FF200023BBE7280067
:1007280002F076FC7626431F9D40002376429946C8
:100738009A46361A24E7404602F06AFC4B46361AB7
:10074800763E0A2BB3DC43460538834098464B4631
:1007580000227C40022B00DD2EE73DE703234A46BA
:100768001A4313000A2AB5DC01229A408821130093
:100778007C400322194200D12EE795E70C239946C5
:10078800093BFF269A46FBE680230024FF20DB0373
:1007980081E7320001231B1A1B2B00DD79E79E320B
:1007A80029009540D9406A1E95410D436B0704D036
:1007B8000F232B40042B00D004356B0113D50120E7
:1007C800002368E701236A081D40154376E7802364
:1007D800DB031D4282D042461A4200D07EE73C002D
:1007E800FF20134357E7AB0100205B0A53E7C046DD
:1007F800FFFFFFF7F8B54746CE464B02460080B5E7
:10080800C40F4702580A844648007A0A360EBF09C0
:10081800000ECD0F9B09FF286DD001214D40311AE4
:10082800AC423AD0002900DC9CE1002800D19EE0CF
:10083800FF2E00D188E08022D20413431B2900DC5C
:10084800F6E0013F7A0100D479E001277F42BF0139
:10085800BB099846404602F0DBFB43460538834017
:10086800864200DCCCE0B44F311A1F405A0768D0EA
:100878000F221340042B64D004377B0161D5481C38
:10088800FE2900D081E0FF200023C0051843E407BB
:100898002043C0BCB946B046F8BD002900DC79E168
:1008A800002876D1002B4CD0481E012900D147E101
:1008B800FF2949D01B2871DC01001A002020CA40FA
:1008C800411A8B40591E8B411343FF188023DB04C8
:1008D8001F4200D1B8E0711CFE2ED4D001229748E7
:1008E8003A407F08074017437A0700D096E01F4236
:1008F800C5D1FA0855E03100FF398946002B2CD1C3
:1009080001214D40AC4200D1B4E0494600294CD009
:10091800002E00D0F9E0FF21002F00D108E14A1E87
:10092800012900D156E1FF2900D142E11B2A00DC50
:1009380024E15F1E2C0006007A0100D585E731000E
:100948000437FA08FF292CD1002A9CD08023DB0326
:1009580013435B02FF205B0A97E7AC4200D1A7E094
:10096800002922D0002ED6D062462C00EEE7002BBC
:10097800E7D0481E012936D0FF29E5D001005DE700
:1009880001203B007A0100D457E1C0B2BB015B0AE9
:100998007BE7FF2ED8D01B2900DC9FE0310005370C
:1009A800FA0853025B0AC8B26FE7FE20711C0842BE
:1009B80054D1002E00D0B1E0002F00D102E1002B6D
:1009C80000D1F9E08021FA1AC9040A4200D13BE1BA
:1009D8000124DF1B2C40002F49D001200F42D5D124
:1009E8000021FA08DDE7FF1A7B0100D4DEE0BD0133
:1009F800AD09280002F00CFB2B00053883400126C6
:100A08002022811B0131521A1F009340CF405A1EE9
:100A180093411F432BD000217B07B1D00F233B40CC
:100A2800042B00D028E77B0100D528E7FA08B8E7AF
:100A38001A002020CA40411A8B40591E8B4113438B
:100A4800FF1A7B0100D502E77B0700D10DE10F23D8
:100A580031003B40042B00D00EE772E7FA1A9046AB
:100A6800520156D44346002B00D0F3E60024002060
:100A780000230AE7494600291CD0002E00D002E7CF
:100A8800FF21002F55D04A1E012959D0FF2900D136
:100A980090E01B2A00DD91E011003A002025CA40B1
:100AA800691A8F40791E8F4117430600FF180DE71A
:100AB800002926D1FE20711C084213D1002E00D037
:100AC80096E0002F00D1B4E0002B75D0FB185A0136
:100AD80000D4B2E09B015B0AFD38D6E68022D2043E
:100AE8001343EAE6FF2900D1CDE6FA185208530766
:100AF80005D00F23171D1340042B00D021E7D2087F
:100B08004FE7002EBCD0624620E72C00FF200023D0
:100B1800BBE60124DB1B98462C409BE6002F75D1D1
:100B2800002B00D096E080230024FF20DB03ACE6F6
:100B38002C001F0005E7C046FFFFFFFBFFFFFF7DFE
:100B4800FB185A0100D48DE04A4A5B081A4059073D
:100B580000D18CE00F210B400D39042BCFD002219E
:100B6800171DEEE6002900D11FE7821B1100002E99
:100B780000D1D1E68021C9040F43D7E639002024EB
:100B8800D140A21A97407A1E97410F432C000600C5
:100B9800DF1B56E700298DD0811B002E00D170E79E
:100BA8001B290BDC8022D204174376E70121FA08BF
:100BB800F7E62C006246C7E60021F2E6053301009D
:100BC800DA08EEE6002B00D150E701240021624646
:100BD8002C40E6E6DA1B530132D592019409200035
:100BE80002F016FA2300053883402C00012607E797
:100BF800002FDFD0002B17D08023DB039A4200D2CE
:100C0800A4E69C4500D3A1E662469FE6002B0BD0E4
:100C18008023DB039A4200D298E69C4500D395E6F0
:100C2800012462462C4091E68023DB03FF20134316
:100C38002BE60020002B00D127E60021DA08B0E6D9
:100C48002C000121D208ACE6002A00D10EE70021D1
:100C5800D208A6E6802362460124DB03FF20134363
:100C68002C4012E60121DA089BE6310069E60221F0
:100C7800D20896E6FFFFFF7D41024200C30F490AF2
:100C88000020120E7E2A03DD9D2A02DD094A9818EB
:100C98007047802000040143952A07DC9620821AB9
:100CA800D1404842002BF3D10800F1E7963A914031
:100CB800F7E7C046FFFFFF7F70B5002812D0C317C3
:100CC800C5185D40C40F280002F0A2F99E231B1A24
:100CD800962B0FDC082838D0083885406D026D0A3D
:100CE800D8B202E0002400200025C0052843E4070C
:100CF800204370BD992B14DC421F95402A001549EA
:100D0800114055071CD00F252A40042A18D0043159
:100D1800CA08490115D59F235202181A550AC0B2AC
:100D2800E3E7020029001B3291404A1E9141052247
:100D3800121AD5402A000A43064911405507E2D144
:100D4800CA085202550AD8B2CFE76D026D0A8E3032
:100D5800CBE7C046FFFFFFFB10B5041E0DD002F025
:100D680057F99E231B1A962B0CDC082834D0083818
:100D780084406402640AD8B201E000200024C0055F
:100D8800204310BD992B13DC421F9440144A224083
:100D980061071CD00F212140042918D00432D4083F
:100DA800520115D59F236402181A640AC0B2E6E7F7
:100DB800020021001B3291400A00511E8A41052180
:100DC800091ACC401443064A22406107E2D1D408EC
:100DD8006402640AD8B2D2E76402640A8E30CEE7AD
:100DE800FFFFFFFBF0B54F464646D646C0B50D039C
:100DF80082B0009201934E00C300CC0F690A450FE0
:100E08009C46009A019B0D435F001903D80F009B75
:100E1800490A5B0F1943009B760D7F0DDA00F31B1F
:100E2800844258D0002B13DD002F00D088E0080042
:100E3800104300D159E1581E012B00D1C2E2B14F35
:100E4800BB4200D141E1382800DD6AE2030064E1D9
:100E5800002B00D1B1E0BB1B002E00D0E1E16446BD
:100E68002C4300D176E25C1E012B00D1E8E2A54EAE
:100E7800B34200D1B7E2382C00DC6BE3541EA24227
:100E8800924152428D1AA0461E0004002A0268D4DC
:100E980043461F1D47459B415B42ED182B0200D47A
:100EA8009DE3984A0136964200D1EBE0964A7305D5
:100EB8002A405B0D5107FF0852020F43120B1B0516
:100EC8001343E40723433800190002B0E0BCBA46D4
:100ED800B146A846F0BD002B00DCD7E0002F00D0BB
:100EE8009AE00800104300D1FFE0581E012B00D102
:100EF80048E2844FBB4200D1E7E0382800DCB8E282
:100F080080221204154200D149E31E000023150077
:100F180098467C4B01369E4200D1B3E07A4B0121C2
:100F28001D4043465A081940EF070A4317436D0806
:100F38007B07B3D00F233B40042BAFD0B846A7E7BD
:100F48007048864200D1C0E0382B00DCE2E0012383
:100F58005B4263449C45804140422D1A98462B02CF
:100F680096D501235B429846684D280002F050F858
:100F78000300083B20214046CA1AD04002004046E0
:100F88009D4098402A438046B34200DA72E1981B9C
:100F980043460130091A45468B40C5405E1EB341A1
:100FA80017008F402B431F43C2403B00150000260B
:100FB8001343BDD10027002281E7554F731C3B42E4
:100FC80000D01BE163460F002B431743002E00D0CF
:100FD800C4E1002B00D145E2002F00D107E16346B0
:100FE8009B1A9846C445B6416B1A76429B1B8026CD
:100FF8003604334200D1CBE26346D31A9A42924177
:101008001F00491B52428A1A9C46174300D0EDE242
:1010180004000023002252E73A48864255D0382B74
:1010280000DD48E18020000401431F2B00DDE3E1DF
:101038002027F81A824608005746B8408146100013
:101048004F46D840074338005746BA40D940571E44
:10105800BA416D18104360448046E04580414042E3
:101068002D182B0200D554E743465B0700D1B9E29F
:101078000F2342461340042B00D009E733004246B1
:10108800D20834E033000022002718E7002B00D1F3
:101098008FE0BB1B002E00D033E16046284300D10F
:1010A80040E2581E012B00D10AE2164EB34200D18D
:1010B80085E2382800DC87E280252D04294200D10A
:1010C8009CE21E000023984623E763466E07D80873
:1010D8000643ED0837002F4311D0802212032A431C
:1010E80012033700074B120BE9E66246D2086E0777
:1010F8001643044AED089342ECD03700D6E0014B82
:101108000022DCE6FF070000FFFF7FFFFFFF7F00F4
:10111800FE0700008020000401431F2B00DDB1E022
:101128002027F81A824608005746B8408146100022
:101138004F46D840074338005746BA40D940571E53
:10114800BA416D1A104363461B1A9C458041984664
:1011580040422D1A2B0287D56D026D0A002D00D052
:1011680003E7404601F054FF030018331F2B00DC4F
:1011780000E74246083882409E4200DD91E09B1B12
:10118800581C1F2800DCF8E117001F3BDF4020280F
:1011980005D040231B1A9A40531E9A411743002F2B
:1011A8003CD000267B0700D0C4E63500B8463300A3
:1011B80065E7CB48731C034200D085E063462B43A8
:1011C800002E00D092E10F001743002B00D1D8E188
:1011D800002F0CD06244624580416D1840422D18A2
:1011E8002B0200D5F2E1170094462F4316D0634630
:1011F8006F07D80807430023ED0857E063469B1A9A
:101208009846C445BF416B1A7F42DB1B1F0200D5BD
:10121800AEE047461D001F43A0D100240023002252
:101228004DE6B04CA74200D1DDE0382B00DD85E06B
:101238008024240425431F2B00DDECE02026F41A2B
:10124800A1462C004E46B4406646DE403443A046D4
:1012580066464C46A640DD40741EA6414446491BDE
:101268003443131B9A4292415242984604003E006E
:101278008D1A6FE7F61A03009B4D15405B0700D0E7
:10128800F6E6FBE618000F002038C740202B03D0F5
:101298004020C31A99400A43531E9A41100038430C
:1012A80051E79149F31A0A405707D5082A035B0505
:1012B800120B5B0D03E680231B041D4200D1BBE02B
:1012C8001D000023984624E68648834200D1DAE6CA
:1012D800624462458041691840420918C8075208AB
:1012E800104380464D08520705D00F221E000240C9
:1012F800042A00D0CCE542466F07D20817430D09EF
:10130800D4E77848874200D1D5E0382B00DCB2E03A
:1013180080252D04294200D14CE100233E00984647
:10132800F7E50122524262449445804140422D1A19
:1013380090461E002A0200D513E6A9E5531E9A42DC
:10134800924152428D1A984604003E002B0200D565
:1013580007E69DE504000D00D208C8E6002B00D082
:10136800E3E0002F3FD1802200245E4B1203A6E564
:101378006346D31A9A4292414D1B52429846040042
:10138800AD1AEBE662441600664580416A18404291
:101398001218130200D49DE0534973080A40D1077C
:1013A800194357085B0700D1FEE00F230B40042BBD
:1013B80000D1F9E00B1D98468845AD416D420223E6
:1013C800ED195CE663469B1A9C4580416D1A4042C4
:1013D8002D1A98462B020DD443466F07DB081F438E
:1013E800ED08012362E74E07D20804001643CD0832
:1013F80070E604000126AFE618000F002038C74049
:10140800202B03D04020C31A99400A43531E9A4107
:10141800100038431FE61C002E00203CE640202B1D
:1014280005D04024E31A9D4063462B439C466446FE
:10143800631E9C41344314E701236344984627E51F
:101448006346D31A9A4292414D1B5242AD1A9846AE
:101458002B02CED443466F07DB081F430400012349
:10146800ED0823E7002F00D1D7E604000D009446CD
:10147800BDE60300D9E58020000405431F2B6BDC83
:101488002020C01A804628004646B0406646DE4006
:101498000643B14660464646B040DD40461EB04170
:1014A8004E464919304380469044904592415242F5
:1014B8003E005518D5E54E07D2081643CD0809E673
:1014C80063469E1896429241691852428A1813023E
:1014D80000D561E75707F60801233743D508E5E645
:1014E800FE070000FF070000FFFF7FFF002BE2D090
:1014F8006346DE086B071E430B00ED08134300D15B
:10150800E8E580231B031D4206D0C808184203D112
:101518000500D60849070E43730FF600F6085B0767
:101528001E43D7E50D00D208E1E56346DE086B07E8
:101538001E43ED08002F00D1CCE580231B031D427C
:10154800EAD0CF081F42E7D1D608490704003D007A
:101558000E43E1E723006EE618002E002038C6404F
:10156800202B05D04020C31A9D4063462B439C4640
:101578006046431E9841304395E720210023091A0D
:101588000EE50023002F00D1BAE50D00904676E560
:1015980047461F4300D140E61D00C44627E6012206
:1015A800624490461E0073E4C9087F0702230F4374
:1015B80015097BE6531C98460D003E0068E4D608E2
:1015C8004B071E43CD0885E5030057E7114BD208AA
:1015D8002B405F0717435A02120B01236FE43300B5
:1015E800B8464CE54346DA08330080E532420AD073
:1015F800084B04001A40674601235BE40132904619
:101608000D001E0044E4DB0857071F4304000023B5
:10161800D5084BE6FFFF7FFFF0B5DE464546574647
:101628004E46E0B587B0009201930B031B0B9B4617
:10163800CA0F4B00040080465B0D029200D1BFE048
:101648008F4A934238D05946420FC9000A43802135
:1016580009041143C20090468A4A894692469A4430
:10166800002300240393009E019F3B031B0B7A0079
:1016780030009B46520DFD0F002A00D17FE0804BC1
:101688009A426ED05946730FC9000B438021090452
:1016980019438B467B49F3008C46514662448A1AAB
:1016A80092460021029E6E40F6B20F2C00D9F9E056
:1016B800754AA400125997465A460243914600D0EB
:1016C800B6E09A460223904608240393CBE72E00FF
:1016D80000210023002288461B051343F6073343E5
:1016E8004046190007B0F0BCBB46B246A946A04622
:1016F800F0BDCB464346029D0399022900D1FAE189
:10170800032900D1A1E00129E1D0604A5244904662
:101718004446002C00DC00E25A0704D00F221A408D
:10172800042A00D07FE22E00DA085B46DB0106D5EA
:101738005946574B802419408B46E4005444554B76
:101748009C4209DC5B465B07134398465B4664058D
:101758005A02120B630DBFE7002100228846484B4E
:10176800BAE75B46009A13434B4A9446E244002B7F
:1017780059D10222144300220221934692E75B4684
:10178800009A134349D05B46002B00D1A4E1584688
:1017980001F03EFC030002000B3B1D27009EFB1AD4
:1017A80011005846DE4008398840330003439B4601
:1017B800009B8B40394952448A460021924471E784
:1017C8005B460343994621D05B46002B00D171E16B
:1017D800584601F01DFC0B235B429C4602008444E2
:1017E80066461D239B1B260011005846DE4008391B
:1017F800884033000343994623008B409846284B82
:1018080000249B1A9A46002303932CE7002398464A
:101818009A4601330424039325E701221443002246
:10182800012193463EE7032303211C43330039E794
:101838009A460323D9460C24039314E700238022F5
:10184800984600260E4B120346E78022594612039B
:101858000A43120398462E00094B120B3CE78022DC
:1018680049461203114202D059461142F0D0802253
:101878004B4612031A431203029E014B120B2BE72D
:10188800FF07000001FCFFFFECD80008FF03000081
:10189800FFFFFFFEFE07000001F8FFFFF303000053
:1018A8000DFCFFFFCB4500D2FAE000D1F5E00122A4
:1018B800524294460022444648469046E2445A46DC
:1018C8001F0E12021B020293130C994617433B0486
:1018D8001B0C49460093FEF795FC009A0B04424303
:1018E800210C050019438A4207D9C919013D8F42C5
:1018F80003D88A4201D9851EC919881A4946FEF7B4
:1019080081FC009A240442430904240C03000C437C
:10191800A24204D9E419013BA74200D8F7E0029992
:10192800A01A2D040C0C09041D43090C2A0C2B04C5
:10193800AB460D001B0C5D43059163435143049472
:1019480062435B182C0CE318994203D980214902A1
:101958008C466244190C2D041B042D0C8A185D1941
:10196800904200D287E000D182E043465D1BA84543
:101978009B41801A5B42C01AB14B534498461C00E5
:10198800874200D10CE14946FEF73CFC0200009B6F
:1019980003905A430B04290C19438A420AD90300BD
:1019A800C919013B03938F4204D88A4202D9831E86
:1019B8000393C919881A4946FEF724FC0A00120441
:1019C80094462A0465460099120C414303002A43B1
:1019D800914207D9D2190138974203D8914201D9C7
:1019E800981ED219039B521A1B0403430598190C1D
:1019F80005008C461904090C4D438946614600953B
:101A08006546484304994D43AC464D464D43291815
:101A1800009D2D0CA9464944884203D980204002E4
:101A28008146CC44009D080C2D0409042D0C60440B
:101A38004D1982420FD30BD001221343814A92459C
:101A48006CDB1A1D9A429B415B42D2089B446CE6B0
:101A5800002D00D193E0591EBA188C46BA4200D224
:101A680085E0824200D2C7E000D1D5E00B00E3E771
:101A7800A84500D379E75B46591E029B9C46E04483
:101A88001C0098459B415B42DB19C018874238D23D
:101A9800824278D875D08B4667E7434500D906E778
:101AA8004A46D40750084246520814434246D207D1
:101AB800904604E701F0ACFA15239C4684440200E2
:101AC800634620321C2B00DC8AE62300083883405A
:101AD80099460023984692E601F09AFA030002001C
:101AE800153320321C2B00DC57E60099083881405A
:101AF80000238B465EE600212E0000228846524BCA
:101B0800EAE58742C7D14445C2D98B462DE7A242B0
:101B180000D804E7831EE41901E72E00012241469C
:101B2800521A382A00DDD3E51F2A3FDC47481C003B
:101B38005044594683408140D440581E8341214334
:101B48000B435946D1400A00590709D00F211940C3
:101B5800042905D0191D99429B415B42D2180B00FC
:101B6800110268D50021012300228846B4E50B0044
:101B7800824200D060E7029A954200D05CE73500C7
:101B8800C6E5454587D902235B429C46029BE34450
:101B98009C46E04498459B415B42DB19C018E4E64B
:101BA800002B36DD012300229B44BEE51F21404661
:101BB8004942091A5846C8400100202A04D058460C
:101BC800234A5244904003435A1E934107200B4333
:101BD800010000221940184209D00F211940042998
:101BE8001FD0181D98428941030049424907DB0864
:101BF8000B43984600236FE50299023B49008C4647
:101C080002998C4589414942C91952186146029185
:101C1800AEE701235B4281E70299A942ECD3634610
:101C2800A9E70021E3E71A1D9A429B415B422E0077
:101C3800D2089B4479E551075202120BD7E7C046F8
:101C4800FF03000002FCFFFFFF0700001E04000066
:101C58003E040000F0B55746DE464E464546E0B520
:101C68000D000400E80F83460903D80F090B8246CC
:101C78001A488C461F0369005E00490D3F0B760D1C
:101C880081421AD0864211D00120B1420FD1BC4501
:101C98000DD1A2420BD1D3451ED0002907D16146F0
:101CA80011430A00531E9A41100000E00120F0BCC5
:101CB800BB46B246A946A046F0BD01208E42F6D1E9
:101CC800614639430F0017432743F0D15B4652461C
:101CD800981A431E9841EAE70020E8E7FF0700004A
:101CE800F0B557464E464546DE46E0B50D000E03B4
:101CF8004900490D8A46DF0FE90FBC4683B02F4FD4
:101D0800040080460191580019039146360B090BCF
:101D1800400DBA451DD0B8420DD05746002F2AD1E4
:101D28003443002824D10A4336D0002C41D16346DD
:101D38005800013815E0114338D15346002B01D122
:101D48002643F4D0019B634507D1019B5800013815
:101D580007E026432AD1504521D00120019B5F424C
:101D6800384303B0F0BCBB46B246A946A046F0BD16
:101D7800002CDCD0E6E70028EFD0019B6345ECD1CE
:101D88008245EADCE1DB8E42E7D8DED1C845E4D8FB
:101D98000020C845E5D2D8E7002CE2D0DDE71143A2
:101DA80004D1019B6345D8D10020DAE702204042E4
:101DB800D7E7019B6345E6D0CFE7C046FF070000A1
:101DC800F0B557464E464546DE46E0B50D000E03D3
:101DD8004900490D8A46DF0FE90FBC4683B02E4FF4
:101DE800040080460191580019039146360B090BEF
:101DF800400DBA451ED0B8420DD05746002F27D106
:101E08003443002833D10A4334D0002C40D16346F0
:101E18005800013815E0114312D15346002B01D167
:101E28002643F4D0019B63451DD00120019B5F42EE
:101E3800384306E0264303D15045F6D111431CD060
:101E4800022003B0F0BCBB46B246A946A046F0BD8E
:101E58000028EAD0019B6345E7D18245E5DC02DB37
:101E68008E42E2D80ED0019B58000138E9E7002CD9
:101E7800CDD0D7E7002CE4D0D7E7019B00206345FD
:101E8800DFD0D2E7C845D0D80020C845D9D2EAE784
:101E9800019B6345E4D0C8E7FF070000F0B557464B
:101EA8004E464546DE46E0B51F000B031B0B1600E9
:101EB8009846CA0F4B000400924685B05B0D00D1CE
:101EC800C2E1CC4A934200D128E14146420FC90001
:101ED8000A43802109041143C2009146C64A884634
:101EE80093469B440023002501933C037A00FB0F93
:101EF8003000240B520D009300D185E1BD4B9A426E
:101F080000D160E1BC4B9C46624493440A2D00DD3D
:101F180014E1730FE4001C4380231B042343F000E7
:101F28005246009900264A409246022D11DD0122B0
:101F3800AA40A6211400C9000C400A4200D0FDE0C6
:101F4800902189000A4200D0D4E18821114200D0B2
:101F5800EFE049464A460904140C090C020C0F002C
:101F680015000004000C654347430195B9462F004E
:101F78000D0006005543AC464D4666432D0CB4444F
:101F88006544AE4205D93E0080277F02BC466644C0
:101F980001964F463F043F0C2E0C2D04ED19029577
:101FA8001D0C1B041B0C00951D001F0065434F43AF
:101FB800AC46009D69436C433D0CA94661444944C5
:101FC8008C4503D980256D02AC4664443F040D0C52
:101FD8003F0C0904C919AC467518039545462E04EB
:101FE800360C2F0C3500454378438046380064444E
:101FF800AC462D0CA9465043724342444A4490458E
:1020080003D980256D02A8464044150CA8466546AC
:102018002D042D0CAC4635005D4312046244AC46D9
:102028007B43009D404498462B006E4365467B43A6
:1020380046442D0CAD191F000093A84504D98023F0
:102048005B02984647440097039B019E98462B04E1
:102058004644984663468E4289411B041B0C434400
:10206800B61849421B195F1896429241BC46524223
:10207800804691468C458941A3429B41E044C14436
:1020880049425B42914592410B43804589412D0C61
:10209800494252420A435B199B18009A0299944696
:1020A8004A4663445B02D20D1A43904672020A43C1
:1020B800511E8A41F60D16434A4652021643B1464E
:1020C800DB0154D44D4A5A44002A00DC18E133009D
:1020D8005B0715D00F215B463140042910D04946D3
:1020E800081D484589418146494288444146C901FD
:1020F80006D54146424A114080228846D2009A18A5
:10210800404B9A4200DD2BE141464B464C07DB0829
:102118001C4352054B021B0B520D1AE04246024368
:10212800914600D0E0E09B460223904608250193A3
:10213800DBE6009A9846924681460196019B022B5F
:1021480000D10DE1032B35D0012B1BD10022002338
:10215800002412051A435346DB071A4320001100D6
:1021680005B0F0BCBB46B246A946A046F0BD012268
:102178007308324013434246D207134399464346F5
:102188005B08984680225B46D2005A440133002AF5
:1021980000DCB6E049464907A8D00F21484601406F
:1021A80004299CD1A2E70F2D00D1FDE0009BA04699
:1021B8009A46B146802342461B0313431B034C46F1
:1021C8000C4A1B0BC5E70B4933008C462343E344F9
:1021D800002B77D1022129430A29AFDC5046009C05
:1021E80060408246002D00D10EE10D00002002263D
:1021F8009DE6C046FF07000001FCFFFFFF0300004B
:10220800FFFFFFFEFE070000230033434BD0002CE6
:1022180000D1BBE0200000F0FBFE030002000B3BF6
:102228001D20C31A3000D8401100030030000839BF
:102238008C408840234359468A1A78498B469344F0
:102248000A2D00DC6CE679E743460343994623D020
:102258004346002B00D187E0404600F0D9FE0B230F
:102268005B429C460200844411004046083988407D
:102278001D23804660461B1A2000D84003004046B4
:102288000343984623008B409946644B00259B1ACC
:102298009B460023019328E6002398469B4601337A
:1022A8000425019321E6012215430A2D00DD45E7A7
:1022B800524600994A409246022D00DC46E700202B
:1022C800012634E603231D430A2D00DD6BE7534640
:1022D800009A882153400122AA409A4603262300E7
:1022E800114200D135E624E79B46032381460C259D
:1022F8000193FAE500239A468023494A1B0328E7FD
:102308005B460121891A382900DD1FE71F295ADD9C
:102318001F204042821A4046D040202908D0414A16
:102328009446424663449A4013004A461A439146EB
:102338004A460721531E9A410C00024300231440C9
:10234800114209D008311140042960D0111D914271
:10235800A4410A0064426407D20814430022F8E644
:10236800002300242E4AF4E600F052FE15239C4672
:1023780084440200634620321C2B00DC74E70023EF
:10238800994623000838834098467EE700F040FECF
:1023980003000200153320321C2B00DC40E7330019
:1023A80008388340002046E7802342461B031A4230
:1023B80000D1FFE61C4200D0FCE6009A2343924677
:1023C8003400174AC5E6184A404694464A466344CC
:1023D8009840CA4010434A469A40531E9A41434681
:1023E8000243CB40510709D00F211140042905D0E1
:1023F800111D9142924152429B180A00190208D5B8
:10240800012200230024A4E600230024A1E60024DE
:10241800A2E75C075B021B0B9EE7C0460DFCFFFFB3
:10242800FF0700003E0400001E040000F0B54E4601
:102438004546DE465746E0B583B0009001910D034E
:102448004E000199760DCC0F690A009D6D0F0D4362
:10245800009900920193C8001903019BCB4A5B00C5
:102468005B0D9946019B8346DB0F98464B0A009902
:10247800490F1943009BDB009C469A46914500D1C1
:1024880073E0012347465F404B46B846F31ABC4207
:1024980016D0002B00DC9AE24F46002F00D082E0D5
:1024A80067460F4300D13AE15F1E012B00D1A4E239
:1024B800934200D12EE1382F00DD43E23B003EE19C
:1024C800002B00DCD7E24F46002F00D0F8E067462B
:1024D8000F4300D123E15F1E012B00D157E2934245
:1024E80000D117E1382F00DC04E3802212041542E2
:1024F80000D1AAE31E0015000027A44B01369E4216
:1025080000D103E10122A24B3A401D407908114352
:10251800EA070A436D08530709D00F231340042B19
:1025280005D017003A1DBA42BF417F42ED192B0270
:1025380000D477E3954901368E4200D1E6E094490C
:1025480073050D405B0D6907D2086D020A432D0B18
:102558001B052B43E40723431000190003B0F0BC0C
:10256800BB46B246A946A046F0BD8A4BF218634660
:102578000B434CD0444550D0002A6CD0002E00D1DB
:102588007DE1634644464F07DA081743C8083A0016
:10259800024300D1CDE080252D0305432D033A00E9
:1025A8007A4B2D0BD4E7964200D1B3E0382B00DCF0
:1025B800C2E0471EB842804140422D1A2B02B1D5D5
:1025C8000127754D7F42280000F022FD083820239E
:1025D80039001A1A8540D14087402943B04200DAB1
:1025E80045E1801B01301B1A3D009F40C5407A1E03
:1025F80097410A009A402F433A43C14013000D0007
:1026080000260B4300D086E700220025A0E74746B6
:1026180001235F40B8464445AED1002A00D1EFE01F
:10262800002E00D088E14B462A00024300D1A0E2E8
:102638005A1E012B00D1B7E2544EB34200D17BE1C0
:10264800382A00DC12E380252D04294200D112E348
:102658001E00002751E7514A731C134200D0F4E0D2
:1026680062462B000A430343002E00D074E1002B7E
:1026780000D123E2002A00D1E0E06346C71AB8423D
:10268800924180266B1A52429B1A3604334200D17B
:10269800C1E26346181A844592414D1B5242AD1A55
:1026A8000124020043462A431C40002A00D1DBE0F3
:1026B800354200D1E9E2364B02001D40012342E7D2
:1026C800964227D0382B00DD11E1802212041143F5
:1026D8001F2B00DDA1E120220F00D21A914697405E
:1026E8006246DA401743B84662464F46BA40D94078
:1026F800571EBA4147466D1817433F188742804115
:1027080040422D182B0200D5F7E634E033000025AF
:1027180000221DE7C0086F070743E80837E7C70826
:102728006A071743194AE808934200D12FE73A008D
:10273800D8E0164B00250BE78022120411431F2B0B
:1027480000DDB7E020220F00D21A9146974062467A
:10275800DA401743B84662464F46BA40D940571E3A
:10276800BA4147466D1A1743C71BB84280414042D9
:102778002D1A2B0216D47B0700D179E20F233B4098
:10278800042B00D0CEE63300FF08C9E7FF0700009E
:10279800FFFF7FFF01F8FFFFFFFF7F00FE0700003C
:1027A800444601266D026D0A002D00D00BE7380063
:1027B80000F02EFC030018301F2800DC07E7390062
:1027C800083B9940864200DD87E0831B581C1F2880
:1027D80000DC14E20A001F3BDA40202805D0402321
:1027E8001B1A99404B1E99410A43002A3CD00026E7
:1027F800530700D091E6170035003300FF088FE734
:10280800CA4A731C13427AD12B000343002E00D00E
:1028180092E162460A43002B00D1F4E1002A0DD070
:102828006346C718874280416D1840422D182B0215
:1028380000D512E23A00BB462A4315D05B466A0728
:10284800DF083A430023E8084CE06346C71AB84259
:1028580092416B1A52429B1A1A0200D587E03A003D
:102868001D001A43A0D100240023002570E6B04DB6
:10287800361A0D407B0700D080E7330084E74B46CB
:102888002A0002437ED05A1E012B00D11FE1A94C19
:10289800A34200D198E1382A00DC9CE16246571E29
:1028A800BC45924152428D1A44461E002A0200D568
:1028B80086E637E61A000F00203AD740B846202BA4
:1028C80005D04022D31A994063460B439A4657468F
:1028D8007B1E9F4143461F4346E7954A331A1140E2
:1028E8004A07C80805035B052D0B5B0D30E68023FE
:1028F8001B041D4200D1FBE01D000027FDE58D4AA9
:10290800934200D103E762468218824280416918E7
:1029180040420818C707520817434508520700D411
:10292800AEE10F221E003A40042A00D0FAE5FF0863
:102938006A073A430009D5E763464F07DA081743A1
:10294800C80824E6471EB842804140422D1A1E009E
:102958002A0200D534E6E5E5002B00D00DE1002A77
:1029680000D069E180250024724B2D03F0E5634611
:102978001F1ABC459241012443464D1B5242AD1AD1
:102988001C4011E7624644460D00D708C8E6634676
:10299800C618864280416918404209180B0200D4C3
:1029A8000CE1634B70081940CB0703434A08400702
:1029B80000D43BE10F201840042800D136E11F1D48
:1029C8009F42AD416D420223AD18FF08A8E6002BD7
:1029D80000D140E64B469B1B002E00D150E7382B18
:1029E8002EDD63465F1EBC45924152428D1A444615
:1029F8004E462B0200D5E3E594E56346C71AB84274
:102A080080416D1A40422D1A2B0200D5C9E66A078B
:102A1800FF0801233A43E80864E71A000F00203A48
:102A2800D740B846202B05D04022D31A9940634698
:102A38000B439A4657467B1E9F4143461F435CE61D
:102A480080223C00120415431F2B26DC20222F0075
:102A5800D21A060090409740DE40421E9041DD4069
:102A680037430743491B6346DF1BBC45924152422B
:102A78004E468D1A7DE6002B00D1C1E64B469B1BC6
:102A8800002E00D1D0E5382B36DD80252D042942D3
:102A980000D1DDE04E4600272FE51A002E00203A2F
:102AA800D640202B05D04022D31A9D402F00074343
:102AB800BB465F467B1E9F413743D4E7002A00D1BF
:102AC800D1E6012443460D00E3461C40B6E66346C2
:102AD8001F1ABC4592414D1B5242AD1A2B0200D51C
:102AE8005EE66A07FF08444601233A43E808F9E628
:102AF800471C17E53B00EBE58022120415431F2B0A
:102B08006CDC20222F00D21A060090409740DE404D
:102B1800421E9041DD4037430743491967446745E2
:102B2800924152424E465518ECE5C046FE07000059
:102B3800FFFF7FFFFF070000002B00D1FCE6C7085E
:102B48006B071F436346E8080B4300D11FE580234A
:102B58001B03184207D0CA081A4204D16346100062
:102B6800DF0849070F437B0FFF00FF085B071F4380
:102B78000DE562460D00D708D2E5C7086B071F436D
:102B8800E808002A00D102E580231B031842EAD096
:102B9800CA081A42E7D163460124DF0843464907B9
:102BA80010000F431C40DEE76044604592416918FD
:102BB8005242891806000B0200D5F2E64A07F608C9
:102BC80001233243C8088DE66346DF084B074446B5
:102BD8001F43C808DBE44446130035E71A002E00FB
:102BE800203AD640202B05D04022D31A9D402F00F2
:102BF8000743BB465F467B1E9F4137438EE7202332
:102C080000271B1AF5E40023002A00D192E5674645
:102C18000D00FF0884E53A001A4300D123E61D00A1
:102C2800BB460BE617003300FF0879E5DB085207BF
:102C38001A430809022355E663460124DA08434685
:102C48004F071743C8081C40A1E41E00471C69E44D
:102C580067460D004E46013764E40F4BFF081D40E0
:102C68006A076D0201233A432D0B71E4130046E70E
:102C78003300FF0854E567460D001E00013751E494
:102C88006A07FF083A4300092CE6C0086A070243AE
:102C98000023E80826E6C046FFFF7FFFF0B5C646DA
:102CA8001E03360BB0460D4E0C034D005F0000B5F9
:102CB800240B6D0D7F0DB5420BD0084900208F42C3
:102CC80004D1464616433000431E984180BCB8469E
:102CD800F0BD04430120002CF8D1EEE7FF07000007
:102CE8000B00020070B5164D0C0382B0490000209D
:102CF80000920193240B490DDE0FA94204DD11480F
:102D0800814203DD104BF01802B070BD80204003F3
:102D180020430E4C641A1F2C08DD0D4B5B1AD8405B
:102D280003005842002EEFD11800EDE7094B009A36
:102D38009C46030061448B40E2401343F1E7C046E0
:102D4800FE0300001D040000FFFFFF7F33040000A6
:102D580013040000EDFBFFFF70B5002816D0C31761
:102D6800C5185D40C40F280000F052F9104B1B1A1B
:102D78005B055B0D0A2814DC02002E001532964014
:102D88000B22121AD5402D032D0B03E0002400233B
:102D9800002500261B052B43E407234330001900B8
:102DA80070BD0B3885402D0300262D0BF2E7C04679
:102DB8001E04000010B5041E10D000F029F90E4BB7
:102DC8001B1A5B055B0D0A280FDC0B222100121A67
:102DD800D14015300A038440120B01E00023002281
:102DE8001B0513432000190010BD22000B38824038
:102DF80012030024120BF3E71E04000070B5420210
:102E08004300C40FFE201B0E591C550A08420CD063
:102E1800E02189008C466D07120B63441B051343A0
:102E2800E40723432800190070BD002B14D1002D9E
:102E38001BD0280000F0ECF80A281CDC0B232A0021
:102E48001B1ADA40030015339D400E4B12031B1A60
:102E58005B05120B5B0DE1E7002D09D0130B8022F7
:102E680012031A436D07084BD8E700230022D5E761
:102E78000022054BD2E703002A000B3B9A400025AD
:102E8800E3E7C04689030000FF070000F0B54B00E8
:102E98000F035B0D3D4C450F83B07F0A5E1C2F432B
:102EA80000900191CA0FC50026420BD038495C1822
:102EB800FE2C12DDFF200023C0051843D207104363
:102EC80003B0F0BD00203D43002BF5D0002DF1D01C
:102ED8008023DB03FF203B43EEE7002C0CDD009B47
:102EE800FF009B01581E8341690F3B430B43590761
:102EF80025D1DB08E0B2DFE7210017312EDB802186
:102F08001E2009043943001B1F282ADD02267642A9
:102F1800341B0E00E6403400202804D01D488446A7
:102F2800634499400D432B00591E8B4123430721CD
:102F3800180008400B421FD19B015B0ABCE70F2118
:102F48001940042903D19B015B0AE0B2B4E70433BA
:102F58005901F8D501340023E0B2ADE70020002381
:102F6800AAE70D4C1C192B00A540C340A140681EC0
:102F7800854129430B43DAE70F210024194004292E
:102F8800E5D19B0120005B0A96E7C046FE070000DA
:102F980080FCFFFFA2FCFFFF82FCFFFF84460800C5
:102FA8006146FFE71FB500F0C1F8002801D40021F1
:102FB800C8421FBD10B500F049F84042013010BDAD
:102FC80010B500F0B3F8002801DB002010BD012087
:102FD80010BDC04610B500F0A9F8002801DD00209A
:102FE80010BD012010BDC04610B500F057F80028EC
:102FF80001DC002010BD012010BDC04610B500F056
:103008004DF8002801DA002010BD012010BDC0468F
:103018001C2101231B04984201D3000C10391B0A00
:10302800984201D3000A08391B09984201D30009C4
:10303800043902A2105C40187047C046040302021B
:1030480001010101000000000000000070B542000D
:103058004E024C0045026D0A120EC30F760A240E6A
:10306800C90FFF2A10D0FF2C0CD00120A2420AD190
:10307800B54208D18B420FD0002A04D12800431E44
:10308800984100E0012070BD0120FF2CFBD13543A1
:10309800F9D14B401800F6E70020F4E730B54200BC
:1030A80044024D02C30F4800640A120E6D0A000E56
:1030B800C90FFF2A18D0FF280AD0002A1ED10028DD
:1030C8000AD1002D29D0002C2DD14800013830BD5F
:1030D800002D25D1002A01D1002CF6D08B4219D021
:1030E80001205B421843F2E7002C19D1FF28F7D1E1
:1030F800002D15D100208B42F2D1E8E70028EFD04F
:103108008B42EDD18242EBDC04DBAC42E8D80020F4
:10311800AC42DCD258000138D9E7002CD7D0DFE721
:1031280002204042D3E78B42DAD1EEE730B54200C5
:1031380044024D02C30F4800640A120E6D0A000EC5
:10314800C90FFF2A17D0FF280AD0002A1BD1002850
:103158000AD1002D1DD0002C2DD14800013811E0D6
:10316800002D0ED1002A01D1002CF6D08B420CD1B3
:103178005800013806E0002C03D1FF2805D1002DA6
:1031880015D0022030BD002806D101205B4218432B
:10319800F8E7002CF6D0F8E78B42F6D18242F4DC4F
:1031A800E6DBAC42F1D80020AC42EBD2E0E70020ED
:1031B8008B42EAD1E6E78B42E7D1F2E7F0B5DE468B
:1031C80057464E464546E0B585B08246BE4AFB2383
:1031D8001600D75C7B00185AFFF7ECFD04000D00C1
:1031E800FA23F35C9B4620335B00F3185888FFF7FB
:1031F800E1FD02000B0020002900FEF74FFE0090C1
:1032080001915B465B005246985AFFF7D3FD0400D4
:103218000D003B0020335B00F3185888FFF7CAFD08
:1032280002000B0020002900FEF738FE02000B0008
:1032380000980199FEF7F0F909F034FF0290039124
:10324800C0239B00F3181860596000263CE07B00FF
:103258005246985AFFF7AEFD04000D00B300994698
:103268005B445B005246985AFFF7A4FD02000B002E
:1032780020002900FEF712FE009001915B465B00DA
:103288005246985AFFF796FD04000D004B46DB198D
:103298005B005246985AFFF78DFD02000B00200094
:1032A8002900FEF7FBFD02000B0000980199FEF7CC
:1032B800B3F909F0F7FE844B32005532D2009B185F
:1032C800186059600136F6B20A2EC0D97F4B1C68C7
:1032D8005D6800227E4B20002900FCF7AFFF002824
:1032E80011D100227A4B20002900FCF7BBFF0028EF
:1032F80012D022002B0002980399FEF78DF9754B26
:103308001860596008E022002B0002980399FEF724
:10331800C5FD704B186059606B4BC02292009A181B
:1033280014685568AA229200944663441A685B6838
:1033380020002900FCF78CFF002812D0624BC42221
:1033480092009A180020002110605160C622920055
:103358000121995405B0F0BCBB46B246A946A04627
:10336800F0BD5D4B1E685F6832003B0020002900FD
:10337800FCF76EFF002817D032003B002000290020
:10338800FEF74AF9504C90239B00E3181A685B68D3
:10339800FEF784FDC4239B00E31818605960C62318
:1033A8009B000122E254D5E74C4B1A685B680092F7
:1033B800019320002900FCF74BFF00283CD0320085
:1033C8003B0020002900FFF731F804000D0032000F
:1033D8003B0000980199FFF729F802000B00200034
:1033E8002900FEF719F906000F00374B984692237B
:1033F8009B0043441868596890239B0043441C6809
:103408005D6822002B00FFF711F802000B00300066
:103418003900FEF743FD02000B0020002900FDF7EC
:10342800E1FCC4239B00434418605960C6239B00F9
:1034380001224146CA548DE7294B1E685F68320055
:103448003B0020002900FCF703FF00284AD0009A1F
:10345800019B20002900FEF7E9FF04000D00009AF7
:10346800019B30003900FEF7E1FF02000B0020004D
:103478002900FEF7D1F806000F00134B9846942355
:103488009B0043441868596892239B0043441C6876
:103498005D6822002B00FEF7C9FF02000B00300018
:1034A8003900FEF7FBFC02000B0020002900FDF7A5
:1034B80099FCC4239B00434418605960C6239B00B1
:1034C80002224146CA5445E7C802002000000020F5
:1034D8000000F03FC8050020780500208005002086
:1034E80088050020D64B1A685B680092019320007B
:1034F8002900FCF7ADFE00283CD032003B0020003C
:103508002900FEF793FF04000D0032003B000098ED
:103518000199FEF78BFF02000B0020002900FEF73F
:103528007BF806000F00C74B984696239B00434440
:103538001868596894239B0043441C685D682200FE
:103548002B00FEF773FF02000B0030003900FEF776
:10355800A5FC02000B0020002900FDF743FCC42352
:103568009B00434418605960C6239B0002224146D1
:10357800CA54EFE6B44B1E685F6832003B00200077
:103588002900FCF765FE00283CD0009A019B20002A
:103598002900FEF74BFF04000D00009A019B300044
:1035A8003900FEF743FF02000B0020002900FEF758
:1035B80033F806000F00A34B984698239B0043441A
:1035C8001868596896239B0043441C685D6822006C
:1035D8002B00FEF72BFF02000B0030003900FEF72E
:1035E8005DFC02000B0020002900FDF7FBFBC42353
:1035F8009B00434418605960C6239B000322414640
:10360800CA54A7E6914B1A685B68009201932000A0
:103618002900FCF71DFE00283CD032003B002000AA
:103628002900FEF703FF04000D0032003B0000985C
:103638000199FEF7FBFE02000B0020002900FDF7B0
:10364800EBFF06000F007F4B98469A239B004344EC
:103658001868596898239B0043441C685D682200D9
:103668002B00FEF7E3FE02000B0030003900FEF7E6
:1036780015FC02000B0020002900FDF7B3FBC42352
:103688009B00434418605960C6239B0003224146AF
:10369800CA545FE66E4B1E685F6832003B0020002C
:1036A8002900FCF7D5FD00283CD0009A019B20009A
:1036B8002900FEF7BBFE04000D00009A019B3000B4
:1036C8003900FEF7B3FE02000B0020002900FDF7C9
:1036D800A3FF06000F005B4B98469C239B004344C6
:1036E800186859689A239B0043441C685D68220047
:1036F8002B00FEF79BFE02000B0030003900FEF79E
:10370800CDFB02000B0020002900FDF76BFBC42352
:103718009B00434418605960C6239B00042241461D
:10372800CA5417E64B4B1A685B6800920193200055
:103738002900FCF78DFD00283CD032003B0020001A
:103748002900FEF773FE04000D0032003B000098CC
:103758000199FEF76BFE02000B0020002900FDF71F
:103768005BFF06000F00374B98469E239B0043449F
:10377800186859689C239B0043441C685D682200B4
:103788002B00FEF753FE02000B0030003900FEF755
:1037980085FB02000B0020002900FDF723FBC42352
:1037A8009B00434418605960C6239B00042241468D
:1037B800CA54CFE5284B1E685F6832003B002000E2
:1037C8002900FCF745FD00284AD0009A019B2000FB
:1037D8002900FEF72BFE04000D00009A019B300023
:1037E8003900FEF723FE02000B0020002900FDF738
:1037F80013FF06000F00134B184A106851689846CB
:103808009E239B0043441C685D6822002B00FEF742
:103818000DFE02000B0030003900FEF73FFB0200EE
:103828000B0020002900FDF7DDFAC4239B00434468
:1038380018605960C6239B0005224146CA5489E591
:1038480090050020C802002098050020A00500204F
:10385800A8050020B0050020B80500204805002074
:103868003A4B1A685B680092019320002900FCF724
:10387800EFFC00283AD032003B0020002900FEF778
:10388800D5FD04000D0032003B0000980199FEF7B9
:10389800CDFD02000B0020002900FDF7BDFE06004B
:1038A8000F002B4B2B4A106851689846A0239B00A9
:1038B80043441C685D6822002B00FEF7B7FD020038
:1038C8000B0030003900FEF7E9FA02000B00200077
:1038D8002900FDF787FAC4239B0043441860596008
:1038E800C6239B0005224146CA5433E5009A019B32
:1038F80020002900FCF7B6FC002800D12AE5154B6A
:103908001E685F68009A019B30003900FDF784FE4D
:1039180002000B0020002900FEF7C0FA0C4BC4225D
:103928009200944663441860596002000B0030000E
:103938003900FCF783FC002802D0074B1E605F604B
:10394800034BC62292000521995403E5C0050020C7
:10395800C802002050050020D8050020F0B5DE463A
:1039680057464E464546E0B587B080467449481CE0
:10397800FF30002200230260436008000930FF3056
:103988000260436008001130FF3002604360193163
:10399800FF310A604B60002081465DE068494B1C9E
:1039A800FF339A461A685B68FA20085C4C46A40004
:1039B800A446604440004446245A009400240194DC
:1039C800009C019D12196B41544622606360842358
:1039D8005B009A468A4453461A685B68FB240C5D70
:1039E800A346DC4464466400A44644466546665BD8
:1039F800002792197B4154462260636088235B004C
:103A08009A468A4453461A685B684446045BA34650
:103A180044462C5BA4465C4665466C430294E41716
:103A28000394029C039D12196B4154462260636003
:103A38001931FF310A684B684446005B40430490E3
:103A4800C0170590049C059D12196B410A604B60D4
:103A58004B460133DBB299464B460A2B9ED9384B6D
:103A680099461133FF3318685968FCF745FC002262
:103A7800344BFEF713FA04000D004B460133FF33B5
:103A880018685968FCF738FC06000F004B460933E4
:103A9800FF3318685968FCF72FFC02900391020065
:103AA8000B0030003900FEF7F9F902000B00200086
:103AB8002900FEF7BBFC009001914B461933FF33F8
:103AC80018685968FCF718FC00221E4BFEF7E6F947
:103AD80004000D0032003B0030003900FEF7DEF92B
:103AE80002000B0020002900FEF7A0FC02000B00DA
:103AF80000980199FDF790FD0A00010000910192DC
:103B08004B462133FF3319605A601300020030001E
:103B18003900FEF7C3F902000B0002980399FEF77B
:103B280085FC0022074BFDF777FD029003914B4679
:103B38002933FF331860596000239A4689E0C0464C
:103B4800C802002000002640C54AFB239146D35CEA
:103B580052469600F3185B004246985AFFF72AF936
:103B6800029A039BFEF762FC02000B000098019981
:103B7800FEF794F904000D00FA234A46D35CF618C0
:103B880076004346F05AFFF715F902000B002000B3
:103B98002900FDF727F904000D00009E019F32005F
:103BA8003B0030003900FEF779F90022AD4BFDF7F4
:103BB80019F902000B0020002900FDF72DFD040073
:103BC8000D0053462633DB004B441C605D60020049
:103BD8000B0030003900FEF761F902000B00029873
:103BE8000399FDF7FFF806000F0053463133DB0059
:103BF8004B441E605F604B463133FF331868596889
:103C080022002B00FEF712FC02000B00FEF746F91B
:103C180004000D004B468933FF3318685968320099
:103C28003B00FEF703FC02000B00FEF737F9020029
:103C38000B0020002900FDF7D5F809F069FA534672
:103C48003C33DB004B441860596053460133DBB208
:103C58009A4653460A2B00D876E7814AFB2316007A
:103C6800D35C20335B00D3185888FFF7A3F8029A77
:103C7800039BFEF7DBFB02000B0000980199FEF79F
:103C88000DF904000D00FA23F35C20335B00F318F0
:103C98005888FFF78FF802000B0020002900FDF775
:103CA800A1F804000D000098019902000B00FEF72E
:103CB800F5F800226B4BFDF795F802000B00200089
:103CC8002900FDF7A9FC04000D00A4239B00F318AC
:103CD8001C605D6002000B0000980199FEF7DEF899
:103CE80002000B0002980399FDF77CF8A6239B00BD
:103CF800F318009001911860596033003133FF3395
:103D08001868596822002B00FEF790FB02000B0090
:103D1800FEF7C4F804000D0033008933FF33186838
:103D28005968009A019BFEF781FB02000B00FEF721
:103D3800B5F802000B0020002900FDF753F809F040
:103D4800E7F904000D00A8239B00F3181C605D60D0
:103D58003300E133FF331A685B68FCF779FA00280F
:103D680012D03F4BC42292009A1800200021106004
:103D78005160C62292000121995407B0F0BCBB469D
:103D8800B246A946A046F0BD374B1E685F683200B0
:103D98003B0020002900FCF75BFA002817D032000E
:103DA8003B0020002900FDF737FC2D4C90239B0099
:103DB800E3181A685B68FEF771F8C4239B00E318E0
:103DC80018605960C6239B000122E254D5E7274BAF
:103DD8001A685B680092019320002900FCF738FA02
:103DE800002845D032003B0020002900FEF71EFBCA
:103DF80004000D0032003B0000980199FEF716FB05
:103E080002000B0020002900FDF706FC06000F0049
:103E1800134B984692239B00434418685968902393
:103E28009B0043441C685D6822002B00FEF7FEFAE5
:103E380002000B0030003900FEF730F802000B00DA
:103E480020002900FCF7CEFFC4239B0043441860E0
:103E58005960C6239B0001224146CA548DE7C046DB
:103E6800C80200200000F03FB0040020B804002081
:103E7800D74B1E685F6832003B0020002900FCF722
:103E8800E7F900283CD0009A019B20002900FEF7A2
:103E9800CDFA04000D00009A019B30003900FEF7AE
:103EA800C5FA02000B0020002900FDF7B5FB06004B
:103EB8000F00C84B984694239B00434418685968E0
:103EC80092239B0043441C685D6822002B00FEF788
:103ED800ADFA02000B0030003900FDF7DFFF0200E9
:103EE8000B0020002900FCF77DFFC4239B004344FE
:103EF80018605960C6239B0002224146CA543CE719
:103F0800B54B1A685B680092019320002900FCF702
:103F18009FF900283CD032003B0020002900FEF722
:103F280085FA04000D0032003B0000980199FEF765
:103F38007DFA02000B0020002900FDF76DFB06004A
:103F48000F00A44B984696239B0043441868596871
:103F580094239B0043441C685D6822002B00FEF7F5
:103F680065FA02000B0030003900FDF797FF0200E8
:103F78000B0020002900FCF735FFC4239B004344B5
:103F880018605960C6239B0002224146CA54F4E6D1
:103F9800924B1E685F6832003B0020002900FCF746
:103FA80057F900283CD0009A019B20002900FEF711
:103FB8003DFA04000D00009A019B30003900FEF71D
:103FC80035FA02000B0020002900FDF725FB06004A
:103FD8000F00804B984698239B0043441868596803
:103FE80096239B0043441C685D6822002B00FEF763
:103FF8001DFA02000B0030003900FDF74FFF0200E8
:104008000B0020002900FCF7EDFEC4239B0043446D
:1040180018605960C6239B0003224146CA54ACE687
:104028006F4B1A685B680092019320002900FCF727
:104038000FF900283CD032003B0020002900FEF791
:10404800F5F904000D0032003B0000980199FEF7D5
:10405800EDF902000B0020002900FDF7DDFA06004B
:104068000F005C4B98469A239B0043441868596894
:1040780098239B0043441C685D6822002B00FEF7D0
:10408800D5F902000B0030003900FDF707FF0200E8
:104098000B0020002900FCF7A5FEC4239B00434425
:1040A80018605960C6239B0003224146CA5464E63F
:1040B8004C4B1E685F6832003B0020002900FCF76B
:1040C800C7F800283CD0009A019B20002900FEF781
:1040D800ADF904000D00009A019B30003900FEF78D
:1040E800A5F902000B0020002900FDF795FA06004B
:1040F8000F00384B98469C239B0043441868596826
:104108009A239B0043441C685D6822002B00FEF73D
:104118008DF902000B0030003900FDF7BFFE0200E8
:104128000B0020002900FCF75DFEC4239B004344DC
:1041380018605960C6239B0004224146CA541CE6F5
:10414800294B1A685B680092019320002900FCF74C
:104158007FF800284AD032003B0020002900FEF7F3
:1041680065F904000D0032003B0000980199FEF744
:104178005DF902000B0020002900FDF74DFA06004A
:104188000F00144B98469E239B00434418685968B7
:104198009C239B0043441C685D6822002B00FEF7AB
:1041A80045F902000B0030003900FDF777FE0200E8
:1041B8000B0020002900FCF715FEC4239B00434494
:1041C80018605960C6239B0004224146CA54D4E5AE
:1041D800C0040020C8020020C8040020D004002029
:1041E800D8040020E0040020E8040020604B1E688A
:1041F8005F680296039732003B0020002900FCF715
:1042080027F800283AD0009A019B20002900FEF7E1
:104218000DF904000D00009A019B30003900FEF7EB
:1042280005F902000B0020002900FDF7F5F906004A
:104238000F00504B504A1068516898469E239B00C7
:1042480043441C685D6822002B00FEF7EFF802006B
:104258000B0030003900FDF721FE02000B002000A2
:104268002900FCF7BFFDC4239B0043441860596034
:10427800C6239B0005224146CA547EE53F4B1E6873
:104288005F6832003B0020002900FBF7E1FF0028AF
:104298003AD0029A039B20002900FEF7C7F80400D1
:1042A8000D00029A039B30003900FEF7BFF80200A8
:1042B8000B0020002900FDF7AFF906000F002D4B79
:1042C8002F4A106851689846A0239B0043441C68F5
:1042D8005D6822002B00FEF7A9F802000B003000F1
:1042E8003900FDF7DBFD02000B0020002900FCF778
:1042F80079FDC4239B00434418605960C6239B0082
:1043080005224146CA5438E532003B002000290006
:10431800FBF7A8FF002800D12FE5194B1A685B6846
:104328001000190032003B0000900191FDF774F96C
:104338000290039132003B0020002900FEF776F836
:1043480002000B0002980399FDF7A8FD02000B007C
:1043580000980199FCF746FD064BC42292009A1872
:1043680010605160C62292000521995405E5C046A7
:10437800F0040020C802002048050020F8040020AE
:1043880050050020F0B5CE46474680B583B081463B
:10439800002638E04B465888FEF70CFD04000D0057
:1043A800F7004F447888FEF705FD02000B00200057
:1043B8002900FDF731F908F075FE009001914B4690
:1043C8009888FEF7F7FC04000D00B888FEF7F2FCA9
:1043D80002000B0020002900FDF71EF908F062FE1C
:1043E80002000B0000980199FCF7FCFC0022CA4B64
:1043F800FDF754FDC94B32005532D2009B181860A6
:1044080059600136F6B20A2EC4D94B465888FEF7D1
:10441800D1FC04000D00C14A44239046D05AFEF74F
:10442800C9FC02000B0020002900FDF7F5F808F090
:1044380039FE06000F004B469888FEF7BBFC0400C7
:104448000D0046234246D05AFEF7B4FC02000B008A
:1044580020002900FDF7E0F808F024FE02000B0018
:1044680030003900FCF7BEFC0022AB4BFDF716FD0F
:1044780006000F00C0239B0043441E605F60A84BEA
:104488001C685D680022A74B20002900FBF7D6FEB8
:10449800002815D10022A34B20002900FBF7E2FEDB
:1044A80000281AD022002B0030003900FDF7F6FC56
:1044B8000022994BFDF7F2FC9B4B186059600CE009
:1044C80022002B0030003900FDF7A6F80022924B9D
:1044D800FDF7E4FC944B18605960904BC0229200A1
:1044E8009A1814685568AA229200944663441A6878
:1044F8005B6820002900FBF7ABFE002810D0874B33
:10450800C42292009A180020884910605160C6227F
:1045180092000121995403B0C0BCB946B046F0BD21
:10452800834B1E685F6832003B0020002900FBF7C0
:104538008FFE002817D032003B0020002900FDF72D
:104548006BF8764C90239B00E3181A685B68FDF7BC
:10455800A5FCC4239B00E31818605960C6239B0080
:104568000122E254D7E7734B1A685B680092019303
:1045780020002900FBF76CFE00283CD032003B00ED
:1045880020002900FDF752FF04000D0032003B0017
:1045980000980199FDF74AFF02000B00200029004E
:1045A800FDF73AF806000F005C4B984692239B00F3
:1045B80043441868596890239B0043441C685D680D
:1045C80022002B00FDF732FF02000B0030003900FB
:1045D800FDF764FC02000B0020002900FCF702FC38
:1045E800C4239B00434418605960C6239B000122E2
:1045F8004146CA548FE7504B1E685F6832003B0043
:1046080020002900FBF724FE00283CD0009A019BDB
:1046180020002900FDF70AFF04000D00009A019B05
:1046280030003900FDF702FF02000B0020002900CE
:10463800FCF7F2FF06000F00384B984694239B00C6
:1046480043441868596892239B0043441C685D687A
:1046580022002B00FDF7EAFE02000B0030003900B3
:10466800FDF71CFC02000B0020002900FCF7BAFB38
:10467800C4239B00434418605960C6239B00022250
:104688004146CA5447E72D4B1A685B68009201936C
:1046980020002900FBF7DCFD002851D032003B0048
:1046A80020002900FDF7C2FE04000D0032003B0087
:1046B80000980199FDF7BAFE02000B0020002900BE
:1046C800FCF7AAFF06000F00144B984696239B00A0
:1046D80043441868596894239B0043441C685D68E8
:1046E80022002B00FDF7A2FE02000B00300039006B
:1046F800FDF7D4FB02000B0020002900FCF772FB39
:10470800C4239B00434418605960C6239B000222BF
:104718004146CA54FFE6C0460000E03FC8020020F8
:10472800000000200000F03FC805002000002440E1
:1047380078050020800500208805002090050020CD
:10474800D54B1E685F6832003B0020002900FBF74C
:104758007FFD00283CD0009A019B20002900FDF72E
:1047680065FE04000D00009A019B30003900FDF73A
:104778005DFE02000B0020002900FCF74DFF06003B
:104788000F00C64B984698239B0043441868596805
:1047980096239B0043441C685D6822002B00FDF7AC
:1047A80045FE02000B0030003900FDF777FB0200E0
:1047B8000B0020002900FCF715FBC4239B00434491
:1047C80018605960C6239B0003224146CA54A2E6DA
:1047D800B34B1A685B680092019320002900FBF72D
:1047E80037FD00283CD032003B0020002900FDF7AF
:1047F8001DFE04000D0032003B0000980199FDF7F2
:1048080015FE02000B0020002900FCF705FF06003A
:104818000F00A24B98469A239B0043441868596896
:1048280098239B0043441C685D6822002B00FDF719
:10483800FDFD02000B0030003900FDF72FFB0200E0
:104848000B0020002900FCF7CDFAC4239B00434449
:1048580018605960C6239B0003224146CA545AE691
:10486800904B1E685F6832003B0020002900FBF770
:10487800EFFC00283CD0009A019B20002900FDF79E
:10488800D5FD04000D00009A019B30003900FDF7AA
:10489800CDFD02000B0020002900FCF7BDFE06003C
:1048A8000F007E4B98469C239B0043441868596828
:1048B8009A239B0043441C685D6822002B00FDF787
:1048C800B5FD02000B0030003900FDF7E7FA0200E1
:1048D8000B0020002900FCF785FAC4239B00434401
:1048E80018605960C6239B0004224146CA5412E648
:1048F8006D4B1A685B680092019320002900FBF752
:10490800A7FC00283CD032003B0020002900FDF71E
:104918008DFD04000D0032003B0000980199FDF761
:1049280085FD02000B0020002900FCF775FE06003B
:104938000F005A4B98469E239B00434418685968B9
:104948009C239B0043441C685D6822002B00FDF7F4
:104958006DFD02000B0030003900FDF79FFA0200E0
:104968000B0020002900FCF73DFAC4239B004344B8
:1049780018605960C6239B0004224146CA54CAE500
:104988004A4B1E685F6832003B0020002900FBF795
:104998005FFC00283AD0009A019B20002900FDF70F
:1049A80045FD04000D00009A019B30003900FDF719
:1049B8003DFD02000B0020002900FCF72DFE06003B
:1049C8000F00364B3A4A1068516898469E239B0060
:1049D80043441C685D6822002B00FDF727FD020098
:1049E8000B0030003900FDF759FA02000B002000D7
:1049F8002900FCF7F7F9C4239B0043441860596069
:104A0800C6239B0005224146CA5484E5294B1A68EF
:104A18005B680092019320002900FBF719FC00282D
:104A28004CD032003B0020002900FDF7FFFC0400B9
:104A38000D0032003B0000980199FDF7F7FC0200D9
:104A48000B0020002900FCF7E7FD06000F00134BC0
:104A5800194A106851689846A0239B0043441C6873
:104A68005D6822002B00FDF7E1FC02000B0030001E
:104A78003900FDF713FA02000B0020002900FCF7AB
:104A8800B1F9C4239B00434418605960C6239B00B6
:104A980005224146CA543EE598050020C802002078
:104AA800A0050020A8050020B0050020B8050020BA
:104AB80048050020C005002050050020134B1E6843
:104AC8005F68009A019B30003900FCF7A5FD0200E1
:104AD8000B0020002900FDF7E1F90D4BC4229200DC
:104AE800944663441860596002000B003000390096
:104AF800FBF7A4FB002802D0064B1E605F60044B46
:104B0800C62292000521995405E5C04650050020AB
:104B1800C8020020D8050020F0B5D646474680B523
:104B28008BB0D149002200230A604B600021029219
:104B380003930092019382460F0085E0534618883C
:104B4800FEF738F904000D00FE005346F05AFEF750
:104B580031F902000B0020002900FCF75DFD08F088
:104B6800A1FA0490059153465888FEF723F90400EA
:104B78000D0056447088FEF71DF902000B00200056
:104B88002900FCF749FD08F08DFA06900791534675
:104B98009888FEF70FF904000D00B088FEF70AF9AF
:104BA80002000B0020002900FCF736FD08F07AFA15
:104BB800089009915346D888FEF7FCF804000D00C8
:104BC800F088FEF7F7F802000B0020002900FCF738
:104BD80023FD08F067FA04000D00069A079B049865
:104BE8000599FCF7FFF8089A099BFCF7FBF82200E7
:104BF8002B00FCF7F7F800229C4BFDF74FF9040057
:104C08000D009B4B3A004732D2009B181868596830
:104C180022002B00FDF742F902000B0000980199D1
:104C2800FCF7E0F80090019122002B0020002900F9
:104C3800FDF734F902000B0002980399FCF7D2F84B
:104C4800029003910137FFB20A2F00D876E7574642
:104C5800029A039B00980199FCF7DEFC844B984666
:104C6800C2239B0043440090019118605960388822
:104C7800FEF7A0F804000D0042234246D05AFEF782
:104C880099F802000B0020002900FCF7C5FC08F089
:104C980009FA029003917888FEF78CF804000D0059
:104CA80044234246D05AFEF785F802000B00200044
:104CB8002900FCF7B1FC08F0F5F904900591B888D3
:104CC800FEF778F804000D0046234146C85AFEF75F
:104CD80071F802000B0020002900FCF79DFC08F089
:104CE800E1F906900791F888FEF764F804000D00D2
:104CF80048234146C85AFEF75DF802000B00200021
:104D08002900FCF789FC08F0CDF904000D00049A8D
:104D1800059B02980399FCF765F8069A079BFCF730
:104D280061F822002B00FCF75DF800224F4BFDF7DD
:104D3800B5F806000F004F4B1C685D6800224E4B0B
:104D480020002900FBF78EFA002831D032003B0002
:104D580000980199FDF7A2F802000B002000290035
:104D6800FDF79CF8454B18605960414BC4229200EE
:104D78009A18146855688E2189008C4663441E6809
:104D88005F6832003B0020002900FBF761FA002829
:104D98003CD0374BC42292009A1816605760C6223E
:104DA8009200012199540BB0C0BCBA46B046F0BD80
:104DB8000022314B20002900FBF73AFA00280DD0D9
:104DC80032003B0000980199FDF768F822002B009B
:104DD800FDF72CFB294B18605960C6E70022264BCB
:104DE80020002900FBF72AFA0028BED032003B0039
:104DF80000980199FDF752F802000B0020002900E5
:104E0800FDF74CF81D4B18605960AEE71C4B1A684B
:104E18005B6820002900FBF71BFA002805D0144B1B
:104E2800C622920001219954BDE7164B1A685B68A7
:104E380020002900FBF70CFA002805D00C4BC622ED
:104E4800920001219954AEE70F4B1A685B68200065
:104E58002900FBF7FDF9002818D0054BC62292005F
:104E6800022199549FE7C046D00500200000D03F9A
:104E7800C8020020000000200000F03FD8050020F4
:104E88000805002010050020180500203C4B1A6872
:104E98005B6820002900FBF7DBF9002805D0394BB7
:104EA800C6229200022199547DE7374B1A685B6845
:104EB80020002900FBF7CCF9002805D0314BC62289
:104EC8009200032199546EE7304B1A685B68200002
:104ED8002900FBF7BDF9002805D02A4BC62292000D
:104EE800032199545FE72A4B1A685B682000290060
:104EF800FBF7AEF9002805D0224BC6229200042108
:104F0800995450E7234B1A685B6820002900FBF787
:104F18009FF9002805D01B4BC62292000421995402
:104F280041E71D4B1A685B6820002900FBF790F9E0
:104F3800002805D0134BC62292000521995432E768
:104F4800164B1E685F6832003B0020002900FBF703
:104F58007FF9002805D00B4BC622920005219954F1
:104F680021E732003B0020002900FBF77BF90028ED
:104F780000D118E7034BC62292000521995412E785
:104F880020050020C8020020280500203005002048
:104F98003805002040050020480500205005002065
:104FA800F0B5C64600B582B00500002419E028888F
:104FB800FDF700FF06000F00E300585BFDF7FAFE5F
:104FC80002000B0030003900FCF726FB08F06AF8F5
:104FD800CF4B22005532D2009B181860596001341B
:104FE800E4B20A2CE3D92888FDF7E4FE04000D009A
:104FF800C74E4223F05AFDF7DDFE02000B002000E9
:105008002900FCF709FB08F04DF804000D00C02347
:105018009B00F3181C605D60AA239B009C466644B5
:105028003068716822002B00FBF726F900280FD0A2
:10503800B74BC42292009A180020002110605160DA
:10504800C62292000121995402B080BCB846F0BD36
:10505800B04B1E685F6822002B0030003900FBF758
:105068000BF900281CD032003B0020002900FCF777
:10507800D3FAA74C90239B00E3181A685B68FCF7E7
:105088000DFFA54B1A685B68FCF7C6FAC4239B00A2
:10509800E31818605960C6239B000122E254D3E745
:1050A8009E4B1A685B681000190022002B000090C4
:1050B8000191FBF7E1F8002841D032003B002000C5
:1050C8002900FDF7B3F904000D0032003B000098F9
:1050D8000199FDF7ABF902000B0020002900FCF74D
:1050E8009BFA06000F008A4B984692239B00434484
:1050F8001868596890239B0043441C685D68220027
:105108002B00FDF793F902000B0030003900FCF783
:10511800C5FE02000B0020002900FBF763FE7E4B52
:105128001A685B68FCF778FAC4239B00434418604C
:105138005960C6239B0001224146CA5484E7784B34
:105148001E685F6822002B0030003900FBF794F8D6
:10515800002841D0009A019B20002900FDF766F93C
:1051680004000D00009A019B30003900FDF75EF93C
:1051780002000B0020002900FCF74EFA06000F0081
:10518800634B984694239B004344186859689223BC
:105198009B0043441C685D6822002B00FDF746F91C
:1051A80002000B0030003900FCF778FE02000B000B
:1051B80020002900FBF716FE574B1A685B68FCF7BE
:1051C8002BFAC4239B00434418605960C6239B00F4
:1051D80002224146CA5437E7524B1A685B681000EE
:1051E800190022002B0000900191FBF745F80028D8
:1051F80041D032003B0020002900FDF717F90400D8
:105208000D0032003B0000980199FDF70FF90200EC
:105218000B0020002900FCF7FFF906000F003C4BAB
:10522800984696239B0043441868596894239B002A
:1052380043441C685D6822002B00FDF7F7F8020064
:105248000B0030003900FCF729FE02000B0020009B
:105258002900FBF7C7FD304B1A685B68FCF7DCF9DF
:10526800C4239B00434418605960C6239B00022254
:105278004146CA54E8E62C4B1E685F6822002B00A2
:1052880030003900FAF7F8FF00284FD0009A019B48
:1052980020002900FDF7CAF804000D00009A019BC0
:1052A80030003900FDF7C2F802000B002000290089
:1052B800FCF7B2F906000F00154B984698239B009F
:1052C80043441868596896239B0043441C685D68EA
:1052D80022002B00FDF7AAF802000B00300039006D
:1052E800FCF7DCFD02000B0020002900FBF77AFD2B
:1052F800094B1A685B68FCF78FF9C4239B00434489
:1053080018605960C6239B0003224146CA549BE695
:10531800C802002078050020000000208005002039
:10532800880500209005002098050020D34B1A68B6
:105338005B681000190022002B0000900191FAF719
:105348009BFF002841D032003B0020002900FDF7D8
:105358006DF804000D0032003B0000980199FDF73C
:1053680065F802000B0020002900FCF755F906003B
:105378000F00C34B98469A239B004344186859680A
:1053880098239B0043441C685D6822002B00FDF7AE
:105398004DF802000B0030003900FCF77FFD0200D9
:1053A8000B0020002900FBF71DFDB64B1A685B684F
:1053B800FCF732F9C4239B00434418605960C623A4
:1053C8009B0003224146CA543EE6AF4B1E685F6805
:1053D80022002B0030003900FAF74EFF002841D098
:1053E800009A019B20002900FDF720F804000D0019
:1053F800009A019B30003900FDF718F802000B00F5
:1054080020002900FCF708F906000F009C4B98467D
:105418009C239B004344186859689A239B00434483
:105428001C685D6822002B00FDF700F802000B00E5
:1054380030003900FCF732FD02000B002000290083
:10544800FBF7D0FC8F4B1A685B68FCF7E5F8C423C0
:105458009B00434418605960C6239B0004224146C0
:10546800CA54F1E5894B1A685B68100019002200DC
:105478002B0000900191FAF7FFFE002841D032007E
:105488003B0020002900FCF7D1FF04000D0032008A
:105498003B0000980199FCF7C9FF02000B002000AF
:1054A8002900FCF7B9F806000F00754B98469E23B3
:1054B8009B004344186859689C239B0043441C681C
:1054C8005D6822002B00FCF7B1FF02000B003000E2
:1054D8003900FCF7E3FC02000B0020002900FBF771
:1054E80081FC684B1A685B68FCF796F8C4239B003C
:1054F800434418605960C6239B0004224146CA549D
:10550800A2E5634B1E685F6822002B00300039005B
:10551800FAF7B2FE00283FD0009A019B200029002C
:10552800FCF784FF04000D00009A019B300039004D
:10553800FCF77CFF02000B0020002900FCF76CF848
:1055480006000F004E4B534A1068516898469E2338
:105558009B0043441C685D6822002B00FCF766FF33
:1055680002000B0030003900FCF798FC02000B0029
:1055780020002900FBF736FC424B1A685B68FCF7F1
:105588004BF8C4239B00434418605960C6239B0012
:1055980005224146CA5457E53F4B1A685B6810001C
:1055A800190022002B0000900191FAF765FE0028EF
:1055B8003FD032003B0020002900FCF737FF0400F1
:1055C8000D0032003B0000980199FCF72FFF020004
:1055D8000B0020002900FCF71FF806000F00284BDD
:1055E8002E4A106851689846A0239B0043441C68C3
:1055F8005D6822002B00FCF719FF02000B00300049
:105608003900FCF74BFC02000B0020002900FBF7D7
:10561800E9FB1C4B1A685B68FBF7FEFFC4239B0081
:10562800434418605960C6239B0005224146CA546A
:105638000AE51A4B1E685F68009A019B3000390022
:10564800FBF7EAFF22002B00FCF728FC0C4BC422D6
:105658009200944663441860596002000B003000C1
:105668003900FAF7EBFD002802D00D4B1E605F6091
:10567800034BC622920005219954E5E4A0050020B9
:10568800C802002000000020A8050020B005002066
:10569800B805002048050020C0050020500500205E
:1056A800D805002010B500280CD0A0200122022126
:1056B800C00504F025F90A4B38215A5C042002433E
:1056C8005A5410BDA02000220221C00504F018F988
:1056D800034B38215A5C042082435A54F1E7C046F0
:1056E800C802002070B505000020FFF7DBFF054C5D
:1056F800256001232371611D0122280007F020FC89
:10570800207170BDBC000020054B002224215A5492
:1057180004315A54DA840021473299547047C046FC
:10572800BC00002010B5FFF7EFFF0020FFF7BAFF1D
:1057380010BD000010B502680B4B9A4200D010BD96
:105748000A4C2422A35C6079E11888710133A354C0
:105758000023E38401332371611D2068233A07F095
:10576800EFFB2071EBE7C04600440040BC0000207E
:1057780010B50268094B9A420DD010BD084B9B1812
:1057880000219971293319700132D2B21D2AF5D935
:10579800FFF7C8FFF1E70022F8E7C04600440040E1
:1057A800BC00002030B5274B1B7A083BD9B2012238
:1057B80018001040134240D105293FD94908030079
:1057C800040006E001335D001E4A52199279144321
:1057D800DBB28B42F6D34A1C52001A4B9B189B79BA
:1057E800A3421ED0030005E0164AD2180021917189
:1057F8000133DBB21D2BF7D920E05C000334114ADA
:10580800121992791543EDB20133DBB28B42F4D30E
:10581800490003310B4B5B189B79AB420FD0030057
:1058280008E003000500F1E7064AD218002191714B
:105838000133DBB21D2BF7D900E0002030BD012079
:10584800FCE7C046BC000020F8B50400150000289D
:1058580027D0884229D2091A88B2FDF7ABFA00226C
:105868002E4BFCF71BFB06000F002000FDF7A2FAE9
:1058780002000B0030003900FBF7CEFE06000F00D7
:105888002800FDF797FA32003B00FCF707FB0022DF
:10589800224BFBF7C1FEFAF711FD2D18204B9D4254
:1058A80001D82800F8BD1F4DFBE78842F9D9411AF5
:1058B80088B2FBF751FAFDF7A1FA0022174BFCF763
:1058C800EDFA06000F002000FBF746FAFDF796FAFE
:1058D80002000B0030003900FBF79EFEFDF7D6FAF8
:1058E800FDF78CFA06000F002800FBF735FAFDF7E4
:1058F80085FA32003B00FCF7D1FAFAF7DFFCFDF736
:1059080059FA0022054BFBF787FEFAF7D7FC2B1A4A
:10591800002B01DD1D00C4E70025C2E70000594047
:1059280017FCE70318FCE70370B52E4B1A7C6420BC
:10593800504380B25A7C801880B21B7B202B07D83A
:10594800022B11D3202B0FD89B00274AD3589F46F0
:10595800402B10D0802B07D1244DB8242A59244B32
:105968009988FFF771FF2851214B38215A5C022092
:1059780002435A5470BD1D4DBC242A591C4BD9886A
:10598800FFF762FF2851EFE7184DC0242A59184B3A
:105998001989FFF759FF2851E6E7144DC4242A59FD
:1059A800134B5989FFF750FF2851DDE70F4DC824E5
:1059B8002A590F4B9989FFF747FF2851D4E70B4D18
:1059C800CC242A590A4BD989FFF73EFF2851CBE747
:1059D800064DD0242A59064B198AFFF735FF28515E
:1059E800C2E7C046BC0000202CD90008D80100201E
:1059F800C802002070B52F4B5B79702B49D012D8A4
:105A0800402B3CD008D8202B22D0302B37D0102B5D
:105A18001ED0002400252CE0502B30D0602B17D04E
:105A28000024002525E0A02B09D1234B18685968CC
:105A38000022224BFCF732FA04000D0011E0A02BE3
:105A480031D8802B04D0902B02D00024002510E000
:105A5800194B186859680022184BFCF71FFA040004
:105A68000D000022164B20002900FAF705FC00283B
:105A78001CD120002900FAF721FC80B270BD0E4B22
:105A88001868596800220F4BFCF708FA04000D004B
:105A9800E7E7094B186859680022084BFCF7FEF93C
:105AA80004000D00DDE700240025E2E70024044D92
:105AB800DFE7C046D8010020D80500200000594083
:105AC800C0FFEF4000408F40F8B5CA4BDB7A402B4F
:105AD80000D105E152D8202B00D187E0302B00D12E
:105AE800D9E0102B38D1C34B5A7AAA20987199243F
:105AF800DC7118211972997A59729A721022DA7225
:105B0800BD4A3C21515C19733D21515C0125294353
:105B180059733E21515C99733F21515CD9734221DD
:105B2800515A0D0A1D7459744421515A0D0A9D7415
:105B3800D9744621515A0D0A1D7559754821525A72
:105B4800110A9975DA7500221A765A769C76D876F3
:105B58000D321A77033A5A77A64B1A7A083AD2B214
:105B6800520800230020934200D311E101335C0066
:105B7800A049091989790843DBB2F4E7502B00D111
:105B8800E7E06A2BE8D19B4B5A7AAA2098719924AE
:105B9800DC7118211972997A59729A726A22DA722A
:105BA800954A3C21515C19733D21525C01210A43FD
:105BB8005A7300229A73DA739049CD882E0A1E749C
:105BC8005D740D892E0A9E74DD744D892E0A1E752A
:105BD8005D7589890D0A9D75D9751A765A769C76F0
:105BE800D8760D321A77033A5A77B5E7824B3822BE
:105BF8009B5CDB0731D47F4B5C7A7F4A3C20115C8D
:105C08001D7B294311543D25505D597B07260F0004
:105C1800B743384350550135505D9E7B304350554E
:105C28000135505DDE7B30435055AA229A71992088
:105C3800D8712F3D1D729D7A5D729C722024DC7292
:105C48000124214359730021197459749874DA7422
:105C58009D3A1A75033A5A757EE7002000F0E8F974
:105C6800002000F009FA002000F02AFA002000F0D5
:105C780049FA002000F068FA002000F087FA0020B6
:105C880000F0A6FA002000F0C3FA002000F0E2FAC3
:105C980000F0AAFCAFE7FFF7ADFE564B5A7AAA21EF
:105CA80099719924DC7110251D729D7A5D729A7222
:105CB8003022DA72504AC625AD00525D1A735A7BFB
:105CC80001252A435A73020A9A73D87300221A7458
:105CD8005A749C74D9740D321A75033A5A753BE795
:105CE80044494C7A444B38201A5C01252A431A54FB
:105CF8004A7B130723D5404B3C25595D3D48007B23
:105D08004126B043014359553A4BAA21997199202C
:105D1800D87110251D729D7A5D729C724024DC72C8
:105D2800012422435A7300229A73DA731A745A743C
:105D38009874D9740D321A75033A5A750CE72E4BBC
:105D48003C25595D2B48007B4126B043814359557A
:105D5800DAE7284C657AFFF7E7FDAA22A2719921B4
:105D6800E17112232372A37A6372A5725023E3723E
:105D7800637B0120034363730023A373E373A3745A
:105D8800E374217562750D33A375033BE375E3E690
:105D9800511C4900174B5B1898710023002493424B
:105DA80008D2580003301349091889790C43013384
:105DB800DBB2F4E7520003320E4B9A1894711C7A46
:105DC8000023A3420AD20B4AD21890791100293134
:105DD8000870002191710133DBB2F2E7FFF794FC00
:105DE800044B2B229A5C19002931186806F036F901
:105DF800F8BDC046BC000020C8020020D801002021
:105E080010B5FFF7CFFC00280BD0074B9A7A074B49
:105E18005B799A4202D0FFF785FC10BDFFF754FE6C
:105E2800FBE7FFF77FFCF8E7BC000020D801002063
:105E380010B5504B28229B5C002B78D14D4B9B7999
:105E4800AA2B09D0AA2B7BD04A4B24229B5C002B7F
:105E580076D0FFF767FC73E0464A2421525C002A9B
:105E6800F0D0444BDB79992B06D0992B68D0012AC6
:105E780066D9FFF757FC63E0012AF6D93D4B197A3A
:105E88004B1EDBB21D2B4BD8022A49D9081F394BB0
:105E98001B189B79992B07D0992B51D00339914224
:105EA8004EDCFFF73FFC4BE0C81E844610009445CB
:105EB800F2DC304B63449B79AA2B07D0AA2B3FD046
:105EC800023988423CDBFFF72DFC39E08C1EA446E2
:105ED800A242F3DB274B63449B790D2B07D00D2B94
:105EE8002ED0013988422BDBFFF71CFC28E04C1E22
:105EF800A446A242F3DB1F4B63449B790A2B06D0CE
:105F08000A2B1DD08A421BD3FFF70CFC18E08A42EB
:105F1800F6D3184B012028229854FFF7C3FB0FE053
:105F28001D2B0DD9022A0BD9FFF7FCFB08E0114BFA
:105F380047229B5C042B03D80E4A01334721535454
:105F48000C4B24229B5C002B06D00A4BDB8CC72B06
:105F580002D8084A0133D384064BDB8CC72B04D9FB
:105F6800044B28229B5C002B00D010BDFFF7DAFB06
:105F7800FBE7C046BC00002010B50D4B1B79002B79
:105F880005D10B4B28229B5C012B08D010BD094979
:105F98004C1F2068012206F0D3FF2071F1E7044B63
:105FA8001F329B5C042BF1D9FFF72AFFEEE7C046AE
:105FB800BC000020C1000020F0B583B005000F0030
:105FC800160003F0EBFA154802230360023343601E
:105FD8001B3383601E3BC36001A903F093FB0028B9
:105FE8000FD10024A64214DDE300FB181A685B6891
:105FF8002900012003F026FB002805D108350134CB
:10600800F0E703F0E3FA07E003F04EFB03F0DEFAF3
:1060180002E003F049FB002003B0F0BD04010020BA
:1060280030B530C830C1013A92B2002AF9D130BD3A
:1060380010B500280ED0012818D18021002249006F
:106048000B4803F05DFC0B4B40215A5C01200243D6
:106058005A540BE0802101224900054803F050FC06
:10606800044B40215A5C012082435A5410BDC0465B
:1060780000040050C802002010B500280ED00128E6
:1060880018D18021002289000B4803F039FC0B4B02
:1060980040215A5C022002435A540BE0802101221D
:1060A8008900054803F02CFC044B40215A5C02206F
:1060B80082435A5410BDC04600040050C802002054
:1060C80010B500280DD0012816D1002280210B48D8
:1060D80003F016FC0A4B40215A5C042002435A5430
:1060E8000AE001228021054803F00AFC044B402104
:1060F8005A5C042082435A5410BDC0460004005024
:10610800C802002010B500280DD0012816D10022A1
:1061180040210B4803F0F4FB0A4B40215A5C08204D
:1061280002435A540AE001224021054803F0E8FBE3
:10613800044B40215A5C082082435A5410BDC04683
:1061480000040050C802002010B500280DD0012816
:1061580016D1002220210B4803F0D2FB0A4B402124
:106168005A5C102002435A540AE0012220210548B3
:1061780003F0C6FB044B40215A5C102082435A545A
:1061880010BDC04600040050C802002010B5002809
:106198000DD0012816D1002210210B4803F0B0FBC6
:1061A8000A4B40215A5C202002435A540AE001223B
:1061B8001021054803F0A4FB044B40215A5C202021
:1061C80082435A5410BDC04600040050C802002043
:1061D80010B500280DD0012815D1002208210A4841
:1061E80003F08EFB094B40215A5C402002435A546D
:1061F80009E001220821044803F082FB034B4022F6
:10620800995C9143995410BD00040050C8020020C5
:1062180010B500280ED0012817D1002208210B48FC
:1062280003F06EFB0A4B4021585C80225242024325
:106238005A540AE001220821044803F061FB044B88
:106248004021585C7F2202405A5410BD000C005077
:10625800C802002010B500280CD0012814D1002253
:1062680004210A4803F04CFB094A537801210B43E7
:10627800537009E001220421044803F041FB044A59
:10628800537801218B43537010BDC046000C005059
:106298000803002070B53C4B1C6A5B6A3B4A916955
:1062A800002B1ED0394A50690A18002B1FD0374DD1
:1062B800ED695219002B23D08A18002B29D0801899
:1062C800002B2FD02D18002B35D04919002B3BD18E
:1062D800A14239D90020FFF7BDFF0120FFF798FF41
:1062E80004E0A142DED90120FFF792FF70BDA2426F
:1062F800DDD90020FFF78CFF0120FFF769FFF5E7E4
:10630800A242D9D90020FFF763FF0120FFF7A2FFBF
:10631800ECE7A242D3D90020FFF79CFF0120FFF74A
:1063280077FFE3E7A042CDD90020FFF771FF0120F6
:10633800FFF74EFFDAE7A542C7D90020FFF748FF6D
:106348000120FFF787FFD1E70020FFF783FF002038
:10635800FFF73EFF0020FFF75BFF0C4BC4229200C3
:106368009A180020002110605160C6229200002176
:1063780099543D31585C7F2202405A54024B002008
:10638800002118625962B1E718010020C8020020F4
:1063980030B5234B3D22995C9B56002B30DB204ABD
:1063A8003C20135C1256002A34DB5A0603D51D48DC
:1063B8004268013242609A0603D51A48826801325F
:1063C8008260DA0603D51748C2680132C2601A072C
:1063D80003D514480269013202615A0703D51148EE
:1063E8004269013242619B0703D50E4A9369013322
:1063F8009361490603D50B4AD3690133D36130BD94
:106408000848026A436A0124002512196B41026296
:106418004362C4E70348026801320260C5E7C04628
:10642800C80200201801002010B50C4B1A680C4B4C
:10643800B8215B589A4203D20120FFF7F9FD10BD3D
:106448000020FFF7F5FD054B00221A60054B3C21A3
:10645800585C7F3202405A54F1E7C04618010020C8
:10646800D8010020C802002010B50C4B5A680C4B0C
:10647800BC215B589A4203D20120FFF7D9FD10BD19
:106488000020FFF7D5FD054B00225A60054B3C2143
:106498005A5C402082435A54F1E7C0461801002054
:1064A800D8010020C802002010B50C4B9A680C4B8C
:1064B800C0215B589A4203D20120FFF7DDFD10BDD1
:1064C8000020FFF7D9FD054B00229A60054B3C21BF
:1064D8005A5C202082435A54F1E7C0461801002034
:1064E800D8010020C802002010B50C4BDA680C4B0C
:1064F800C4215B589A4203D20120FFF7E1FD10BD89
:106508000020FFF7DDFD054B0022DA60054B3C213A
:106518005A5C102082435A54F1E7C0461801002003
:10652800D8010020C802002010B50C4B1A690C4B8A
:10653800C8215B589A4203D20120FFF7E3FD10BD42
:106548000020FFF7DFFD054B00221A61054B3C21B7
:106558005A5C082082435A54F1E7C04618010020CB
:10656800D8010020C802002010B50C4B5A690C4B0A
:10657800CC215B589A4203D20120FFF7E5FD10BDFC
:106588000020FFF7E1FD054B00225A61054B3C2135
:106598005A5C042082435A54F1E7C046180100208F
:1065A800D8010020C802002010B50C4B9A690C4B8A
:1065B800D0215B589A4203D20120FFF7E7FD10BDB6
:1065C8000020FFF7E3FD054B00229A61054B3C21B3
:1065D8005A5C022082435A54F1E7C0461801002051
:1065E800D8010020C80200200A4B00221A605A6015
:1065F8009A60DA601A615A610020002118625962B3
:106608009A61DA61044B38215A5C013082435A544A
:106618007047C04618010020C802002010B5184B6A
:10662800DA69184BDB699A420BD3164989695B18FA
:106638009A420AD20020FFF70DFE0120FFF7E8FD7D
:1066480010BD0120FFF706FEFAE70020FFF7E0FD86
:106658000020FFF7FFFD0B4BC42292009A18002080
:106668000021106051600022C62189005A54044953
:10667800CA613D215A5C402082435A54E0E7C04633
:1066880018010020C802002010B54B4B38229B5C33
:10669800DB0742D4484B04329B56002B28DB464B81
:1066A8003C229B5C5B0626D4434B3C229B5C9B06AE
:1066B80024D4414B3C229B5CDB0622D43E4B3C223B
:1066C8009B5C1B0720D43C4B3C229B5C5B071ED485
:1066D800394B3C229B5C9B071CD4374B3D229B5675
:1066E800002B63DB344B3D229B5C5B0661D410BD01
:1066F800FFF79AFED3E7FFF7B7FED5E7FFF7D4FE1B
:10670800D7E7FFF7F1FED9E7FFF70EFFDBE7FFF763
:106718002BFFDDE7FFF748FFDFE7274B3C229B56BF
:10672800002B2BDB0020FFF783FC234B3C229B5CD8
:106738009B0627D50120FFF79FFC1F4B3C229B5C43
:10674800DB0623D50120FFF7BBFC1B4B3C229B5CDF
:106758001B071FD50120FFF7D5FC174B3C229B5C7C
:106768005B071BD50120FFF7EFFC134B3C229B5C1A
:106778009B0717D50120FFF709FDAEE70120FFF7BA
:1067880057FCD2E70020FFF777FCD6E70020FFF799
:1067980097FCDAE70020FFF7B5FCDEE70020FFF7FB
:1067A800D3FCE2E70020FFF7F1FC96E7FFF772FD64
:1067B80098E7FFF733FF9AE7C802002010B5074CA7
:1067C8002060082105F04CFA2068042105F048FAF9
:1067D8002068002105F044FA10BDC04640010020A1
:1067E80010B5002804D1164B1B681B680024DC6315
:1067F800002904D1124B1B681B6800249C63002AE3
:1068080004D10F4B1B681B6800245C63002805D06B
:1068180080000B4B1B681B680138D863002905D022
:106828008900074B1B681B6801399963002A05D04A
:106838009200034B1B681B68013A5A6310BDC0469F
:1068480040010020184B00221A8002329A70002260
:106858000021D9702B215A541A719860002305E041
:10686800114AD218002111730133DBB2132BF7D967
:10687800002306E00C4AD21820320021117001339F
:10688800DBB2092BF6D9084B00222A215A540231CF
:106898005A54DA851A865A869A86DA861A875A8761
:1068A8009A87DA877047C04644010020164B0022B9
:1068B8001A8002329A70013ADA7000212A32995409
:1068C80000221A71002305E00F4AD2180021117323
:1068D8000133DBB2132BF7D9002306E00A4AD2189A
:1068E8002032002111700133DBB2092BF6D9064B97
:1068F80000222A215A5402315A54DA851A865A86B5
:106908009A86DA867047C0464401002010B50C4BC1
:106918001B88AF229200934205D2094A01331380A3
:106928000023D38510BD064AD38D01339BB2D3858E
:10693800AF2292009342F5D3FFF7B8FFF2E7C046C3
:106948004401002002680B4B9A4200D070470A4A63
:106958002A21535C0133DBB25354092B05D91300A8
:1069680000225A5401315A541A71034B2C22002127
:106978009954EBE7005400404401002070B50268C8
:106988004D4B9A4200D070BD4C4A2A21535C0133CA
:10699800DBB25354132B00D889E01600D08FFAF7D6
:1069A800DBF9FCF72BFA464A464BFBF777FA04006B
:1069B8000D00707E0002337E1843FAF77DF9FCF76C
:1069C8001DFA414A414BFBF769FA02000B0020000F
:1069D8002900FAF707FAF9F771FCF087308FFAF710
:1069E800BBF9FCF70BFA364A364BFBF757FA0400AB
:1069F8000D00F07E0002B37E1843FAF75DF9FCF74C
:106A0800FDF9314A314BFBF749FA02000B0020002F
:106A18002900FAF7E7F9F9F751FC3087708FFAF790
:106A28009BF9FCF7EBF9264A264BFBF737FA0400EB
:106A38000D00707F0002337F1843FAF73DF9FCF729
:106A4800DDF9214A214BFBF729FA02000B0020004F
:106A58002900FAF7C7F9F9F731FC7087B08FFAF710
:106A68007BF9FCF7CBF9164A164BFBF717FA04002B
:106A78000D00F07F0002B37F1843FAF71DF9FCF709
:106A8800BDF9114A114BFBF709FA02000B0020006F
:106A98002900FAF7A7F9F9F711FCB08700232A2291
:106AA800B354338000222B33F2542A3B3371034B07
:106AB8002C220021995466E700540040440100202C
:106AC800666666666666E63F333333333333D33FF1
:106AD80030B583B00C4C2A23E35C0C4AD15C80228D
:106AE80052420A43D2B2A0680125019508331B1906
:106AF800043300930123522103F08AF82C23E55430
:106B0800013BE55403B030BD44010020B0D9000872
:106B18000E4BD870012800D07047202203219954C9
:106B280000221E315A54DE312130195401301A54D2
:106B380001301A540130195401301954D839173812
:106B4800585401315A5401315A54E5E744010020A0
:106B58002F4B597E1A7E09020A43DA86D97E9A7E1D
:106B680009020A431A86597F1A7F09020A435A867C
:106B7800D97F9A7F09020A439A86D878012801D0DA
:106B8800002070471A7B20215B5C9A42F9D1204B88
:106B98005A7B01315B5C9A42F3D11D4B9A7B0131E0
:106BA8005B5C9A42EDD11A4BDA7B01315B5C9A420D
:106BB800E7D1174B1A7C01315B5C9A42E1D1144B47
:106BC8005A7C01315B5C9A42DBD1114B9A7C0131D2
:106BD8005B5C9A42D5D10E4BDA7C01315B5C9A4200
:106BE800CFD10B4B1A7D01315B5C9A42C9D1084B5E
:106BF8005A7D01315B5C9A42C3D1054B9B7D442B86
:106C080003D04D2BBDD10020BBE70020B9E7C0461B
:106C18004401002010B50A4B9B78022B08D0084B82
:106C2800DB78012B08D0FFF793FF054B987010BD58
:106C38000120FFF76DFFF6E70120FFF769FFF2E794
:106C48004401002010B582B0334B1A88AF239B0053
:106C58009A4204D3304B2A229B5C002B1DD02E4B2A
:106C68002B229B5C012B18D0FFF7D4FF2A4B9A7874
:106C7800012A1ED0284B2B215B5C022B1DD0002A39
:106C880004D1254B2A329B5C002B38D0224B2B2277
:106C98009B5C022B33D002B010BD1F4B2C229B5C97
:106CA800002BE1D11C4B1B79002BDDD1FFF710FF26
:106CB800DAE72A215B5C002BDCD1174B2C215B5CCB
:106CC800002BDCD1144B1B79012BD8D1124C293362
:106CD800E35C124AD15C802252420A43D2B2A068D5
:106CE8000121019120331B1900930123513102F036
:106CF80025FF02232C22A354013AA354CBE7064BC9
:106D08002C229B5C002BC6D1034B1B79012BC2D1D3
:106D1800014B00221A71BEE744010020B0D90008D7
:106D2800034B9B78002B01D0002070470120FCE723
:106D38004401002030B5054C258F0580608F088000
:106D4800A18F1180E28F1A8030BDC0464401002017
:106D5800F0B5C64600B50500454B42229E5A3000A4
:106D6800F9F7FAFF041C2888F9F7F6FF011C201C24
:106D7800F9F7D8FA071C2E8001240BE0E600705BB7
:106D8800F9F7EAFF391CF9F7E3FBF9F77FFAA8539B
:106D98000134E4B20A2CF1D9354B44229E5A300012
:106DA800F9F7DAFF041C6888F9F7D6FF011C201CE4
:106DB800F9F7B8FA80466E8001240CE0E600AE19B7
:106DC8007088F9F7C9FF4146F9F7C2FBF9F75EFA8F
:106DD80070800134E4B20A2CF0D9254B46229E5A21
:106DE8003000F9F7B9FF041CA888F9F7B5FF011CB2
:106DF800201CF9F797FA8046AE8001240CE0E600E3
:106E0800AE19B088F9F7A8FF4146F9F7A1FBF9F7E1
:106E18003DFAB0800134E4B20A2CF0D9144B482270
:106E28009E5A3000F9F798FF041CE888F9F794FF98
:106E3800011C201CF9F776FA8046EE8001240CE04C
:106E4800E600AE19F088F9F787FF4146F9F780FBAD
:106E5800F9F71CFAF0800134E4B20A2CF0D9054C99
:106E6800381CFBF7CBFF2060616080BCB846F0BDE2
:106E7800C802002000000020F0B5CE46474680B585
:106E880089B003AC14220021200006F0D8F8204B6A
:106E98005A6B012632435A635A6B32400092009A69
:106EA800596B022211435963596B0A400192019AA6
:106EB800596B0822114359635B6B1A400292029B7B
:106EC800144B994600220C21180002F019FDFE23EC
:106ED8009B009846104F00221900380002F010FD60
:106EE8000C23039304960025059506952100484632
:106EF80002F04CFC43460393049605950695210041
:106F0800380002F043FC09B0C0BCB946B046F0BD39
:106F180000100240000C00500004005070B5C74B30
:106F28005B79602B00D1BDE200D9BAE0302B00D1EB
:106F380008E254D8102B00D1A6E1202B00D0F3E1B1
:106F4800BF4BC82199800022DA80198159819A8122
:106F5800DA811A82FF321A705A709A70053AC73964
:106F680099540132013199543E32FF329A18002067
:106F7800002110605160902292009A1810605160B0
:106F8800922292009A1810605160942292009A18E6
:106F980010605160962292009A18106051609822F1
:106FA80092009A18106051609A2292009A18106004
:106FB80051609C2292009A18106051609E229200A3
:106FC8009A1810605160A02292009A1810605160BF
:106FD800A22292009446634418605960A4E1402BB1
:106FE80000D10CE2502B00D09EE1954BFA22D20042
:106FF8009A800022DA80C82119815A819A81DA811F
:107008001A82FF321A705A709A70053AC739995421
:107018000132013199543E32FF329A180020002182
:1070280010605160902292009A18002085491060E3
:107038005160922292009A18106051609422920036
:107048009A1800208021C90510605160962292008C
:107058009A1810605160982292009A1800207A4974
:10706800106051609A2292009A18106051609C2218
:1070780092009A1800207549106051609E22920073
:107088009A1810605160A02292009A180020704946
:1070980010605160A22292009446634418605960BF
:1070A80042E1902B00D1E7E266D8702B00D158E27C
:1070B800802B00D038E1624BFA2292009A8000229D
:1070C800DA8019211981AF31598164399981DA81BE
:1070D800DC22FF321A82DC3A1A705A709A70053A2A
:1070E800633999540132013199543E32FF329A186A
:1070F8000020002110605160902292009A18554893
:10710800554910605160922292009A18514853498B
:1071180010605160942292009A184E4850491060AD
:107128005160962292009A1810605160982292003D
:107138009A184C484C49106051609A2292009A184B
:10714800106051609C2292009A184248474910608A
:1071580051609E2292009A1810605160A0229200FD
:107168009A180020374910605160A2229200944674
:10717800634418605960D7E0A02B02D0FF2B00D0E1
:10718800D2E02F4BFA21890099800022DA801981F8
:107198005A819A81DA811A82FF321A705A709A706B
:1071A8000021053A99540132022199543E32FF32A6
:1071B8009A180020002110605160902292009A18BD
:1071C80000202B4910605160922292009A180020EA
:1071D800284910605160942292009A18002026498C
:1071E80010605160962292009A181060516098229F
:1071F80092009A1800202149106051609A2292004A
:107208009A18106051609C2292009A1800201C491C
:10721800106051609E2292009A1810605160A0225E
:1072280092009A180020174910605160A22292001B
:10723800944663441860596076E0C046D80100203F
:10724800C80200200000F03F000010400000244069
:10725800000034409A9999999999B93F9999C93FE9
:107268009999D93F333333333333E33F9999E93F1E
:10727800000049400000594000C0624000006940D9
:1072880000406F4000C07240E74BFA22D2009A805B
:107298000022DA80C82119815A819A81DA811A82FA
:1072A800FF321A705A709A70053AC73999540132E8
:1072B800013199543E32FF329A18002000211060A3
:1072C8005160902292009A181060516092229200A8
:1072D8009A1810605160942292009A1810605160B8
:1072E800962292009A1810605160982292009A187B
:1072F800106051609A2292009A18106051609C2286
:1073080092009A18106051609E2292009A1810609C
:107318005160A02292009A1810605160A222920037
:107328009446634418605960BF4BC04A5A82C04AA9
:107338005A61C04A9A61C04ADA61FA221A629A62AC
:10734800002513E2B84B962252009A800022DA8078
:10735800962119815A819A81DA811A82FF321A702C
:107368005A709A70053A95399954013201319954F5
:107378003E32FF329A18002000211060516090229E
:1073880092009A18AD48AE4910605160922292005E
:107398009A1810605160942292009A18A748A94937
:1073A80010605160962292009A18106051609822DD
:1073B80092009A18A148A449106051609A2292003C
:1073C8009A18106051609C2292009A1800209F49D8
:1073D800106051609E2292009A1810605160A0229D
:1073E80092009A1800209A4910605160A2229200D7
:1073F80094466344002097491860596094E78A4B83
:10740800FA22D2009A800022DA80C82119816431D8
:1074180059819A81DA811A82FF321A705A709A70E9
:10742800053A2C39FF3999540132013199543E32C9
:10743800FF329A18002000211060516090229200BB
:107448009A1810605160922292009A181060516048
:10745800942292009A1810605160962292009A180D
:1074680010605160982292009A18106051609A2218
:1074780092009A18106051609C2292009A1810602D
:1074880051609E2292009A1810605160A0229200CA
:107498009A1810605160A2229200944663441860C2
:1074A800596041E7604B6C4A9A800022DA801E21BD
:1074B80019815A819A81DA8178321A8287321A7050
:1074C8005A709A700021053A995401320221995450
:1074D8003E32FF329A18002000211060516090223D
:1074E80092009A1800205949106051609222920027
:1074F8009A1810605160942292009A1800205449FA
:1075080010605160962292009A180020514910602C
:107518005160982292009A180020504910605160DA
:107528009A2292009A1800204D49106051609C22BE
:1075380092009A1800204B49106051609E229200D8
:107548009A1810605160A02292009A1800204649AB
:1075580010605160A22292009446634418605960FA
:10756800E2E6314BFA2252009A80913AFF3ADA80E9
:107578001A81372159819A810022DA818222920068
:107588001A820A3AFF3A1A705A709A70053A3639CE
:1075980099540132013199543E32FF329A18002031
:1075A800002110605160902292009A1800208021DA
:1075B800C90510605160922292009A1800202B4948
:1075C80010605160942292009A1800202849106097
:1075D8005160962292009A18106051609822920089
:1075E8009A1800202349106051609A2292009A1834
:1075F800106051609C2292009A1800201549106072
:1076080051609E2292009A1810605160A022920048
:107618009A180020114910605160A22292009446E5
:107628006344186059607FE6C80200201405000012
:1076380090650000D8D60000102700009A99999903
:107648009999B93F9999C93F9999D93F0000F03F55
:107658000000144000002440DC0500000000344015
:1076680000003E4000004440000049400000104037
:107678000000184000002040444BFA2292009A80F3
:107688000022DA806421198159819A81DA81912254
:1076980092001A82463AFF3A1A705A709A70053A5E
:1076A800633999540132013199543E32FF329A18A4
:1076B8000020002110605160902292009A1800204A
:1076C8008021C90510605160922292009A181060BA
:1076D8005160942292009A1800202D491060516040
:1076E800962292009A1810605160982292009A1877
:1076F80000202849106051609A2292009A18106060
:1077080051609C2292009A18002023491060516011
:107718009E2292009A1810605160A02292009A1836
:1077280000201E4910605160A222920094466344D2
:1077380018605960F8E51A49AB001B195A008A18F5
:10774800D688124A180024304000101846801800C5
:107758002C3040000918C98850335B00D21851807A
:107768000134E4B2032CE6D90135EDB20A2D01D873
:107778000024F7E7054B3D22995C04208143995486
:10778800C8B27F210140995470BDC046C80200208C
:107798000000104000001840000020400000244075
:1077A800D8010020F0B5D6464F464646C0B5BF4B77
:1077B8005B79602B01D100F05AFE00D9B0E1302B83
:1077C80001D100F0B8FC00D9B8E0102B01D100F0CD
:1077D800FDFB202B01D000F0A9FCB44BB44ADA80A1
:1077E8005E215A52B34A1A8102315A52B24A5A8118
:1077F80002315A52B14A9A8102315A52B04ADA8158
:1078080002315A52AF4A1A8202315A52AE4A5A8249
:1078180002315A52AD4A9A8202315A52AC4CDC8239
:107828006E229C52AB48188302329852AA49598357
:1078380002329952A94A9A8374255A53DC83023535
:107848005C5318847824185359847A2019529A84DE
:107858007C215A52A24CDC847E229C52A148188575
:1078680002329852A0495985023299529F4A9A8504
:107878000E355A53DC8502355C5318868824185314
:1078880059868A2019529A868C215A52984CDC863D
:107898008E229C52974818870232985296495987E7
:1078A80002329952954A9A870E355A53DC87023527
:1078B8005C534024185358341853422019525830F6
:1078C800195244215A5258315A528D4C46229C52D0
:1078D80058329C528B48563A9852583298528A4994
:1078E800563A995258329952884A4A3D5A5358350D
:1078F8005A53563D5C5358355C53502418535834EA
:107908001853522019525830195254215A5258318A
:107918005A527F4A56395A5258315A527D4A563924
:107928005A5258315A527C4A56395A5258315A5238
:107938007A4A56395A5258315A52F7E3402B01D1F4
:1079480000F0E4FC502B00D0F0E3584B584ADA80A2
:107958005E215A52574A1A8102315A52564A5A815E
:1079680002315A52554A9A8102315A52544ADA819E
:1079780002315A52534A1A8202315A52524A5A8290
:1079880002315A52514A9A8202315A52504CDC8280
:107998006E229C524F481883023298524E4959839E
:1079A800023299524D4A9A8374255A53DC83023520
:1079B8005C5318847824185359847A2019529A846D
:1079C8007C215A52464CDC847E229C5245481885BC
:1079D800023298524449598502329952434A9A854B
:1079E8000E355A53DC8502355C53188688241853A3
:1079F80059868A2019529A868C215A523C4CDC8628
:107A08008E229C523B481887023298523A4959872D
:107A180002329952394A9A870E355A53DC87023511
:107A28005C53402418535834185342201952583084
:107A3800195244215A5258315A52314C46229C52BA
:107A480058329C522F48563A9852583298522E49DA
:107A5800563A9952583299522C4A4A3D5A535835F7
:107A68005A53563D5C5358355C5350241853583478
:107A78001853522019525830195254215A52583119
:107A88005A52234A56395A5258315A52214A56396B
:107A98005A5258315A52204A56395A5258315A5223
:107AA8001E4A56395A5258315A523FE3D8010020DB
:107AB8005E470000BA380000933F00005DC8FFFF32
:107AC800023F00001F3400001E3B000054B6FFFFB9
:107AD800B0360000612F00008136000001A4FFFFCE
:107AE800B7280000F22600003C2E00002684FFFF85
:107AF800141F0000AD200000F6270000146D0000E0
:107B0800B3160000BF1A0000E1210000D957000099
:107B18004911000099160000851D00005049000019
:107B2800902B01D100F084FE00D9F5E0702B01D133
:107B380000F0CCFD802B00D0F8E2D34BD34ADA809A
:107B48005E22D3499952D34A1A816022D249995266
:107B5800D24A5A816222D2499952D24A9A816422DF
:107B6800D1499952D14ADA816622D1499952D14AEA
:107B78001A826822D0499952D04A5A826A22D04938
:107B88009952D04A9A826C22CF499952CF4ADA82C6
:107B98006E22D52189019952CD4A1A837022CD4986
:107BA8009952CD4A5A837222CC499952CC4A9A8327
:107BB8007422CC499952CC4A9446DA83CB4F762228
:107BC8009F52CB4E1E84CB4D02329D52CA4C5C84D0
:107BD800CA4802329852CA4A92469A84C94A914679
:107BE8007C22494699526246DA847E229F521E853B
:107BF80080269D535C858224185352469A85842199
:107C08004A465A52C04A9446DA85C04F86229F5245
:107C1800BF4E1E86BF4D02329D52BF4C5C86BF4888
:107C280002329852D822D20192469A86E022D20194
:107C380091468C22494699526246DA868E229F5294
:107C48001E8790269D535C879224185352469A8724
:107C580094214A465A52B24A9446DA87B14F96223C
:107C68009F52B14E563A9E52B04D58329D52B04C2A
:107C7800563A9C52AF4858329852AF4A91464422DD
:107C880049469952AD4A92469C2251469952563AD3
:107C98006146995258329F524827DE53A0269D5379
:107CA8004A255C53A22418534C204A461A52A42150
:107CB80052465A52A24A94464E2261469952A14FC0
:107CC80058329F52A04E563A9E52A04D58329D525D
:107CD8009F4C563A9C529F48583298529E4A914619
:107CE8005422494699529D4A9246AC22514699528D
:107CF800563A6146995258329F525827DE53B02659
:107D08009D535A255C53B22418535C204A461A5294
:107D1800B42152465A5209E2A02B02D0FF2B00D0C0
:107D280004E2594B8E4ADA805E215A528D4A1A81F2
:107D380002315A528C4A5A8102315A528B4A9A81DC
:107D480002315A528A4ADA8102315A52894A1A82CF
:107D580002315A52884A5A8202315A52874A9A82C2
:107D680002315A52864ADA8202315A52854A1A83B5
:107D780002315A52844A5A8302315A52834A9A83A8
:107D880002315A52824CDC8376229C5281481884F4
:107D98000232985280495984023299527F4A9A8411
:107DA8007C255A53DC8402355C531885802418538B
:107DB8005985822019529A8584215A52784CDC853B
:107DC80086229C52774818860232985276495986FC
:107DD80002329952754A9A860E355A53DC86023514
:107DE8005C531887902418535987922019529A8700
:107DF80094215A526E4CDC8796229C526D48563A12
:107E0800985258329852DB21C900563A9952583242
:107E18009952694A4A3D5A5358355A53563D5C530C
:107E280058355C5348241853583418534A2019526B
:107E3800583019524C215A5258315A525F4C4E22DE
:107E48009C5258329C525E48563A98525832985230
:107E58005C49563A9952583299525B4A4A3D5A53AC
:107E680058355A53563D5C5358355C53582418536B
:107E7800583418535A201952583019525C215A5202
:107E880058315A5252E1C046D8010020DC40000067
:107E980049410000663C0000D23C00000848000050
:107EA800544900007EB9FFFF2ABBFFFF933A000048
:107EB8009E3B00006838000089390000C843000074
:107EC800ED450000DCABFFFF9BAFFFFFE533000093
:107ED800E7330000633500003B3F000082410000AB
:107EE800E29CFFFF9BA1FFFF8A280000032A0000F5
:107EF800D52B0000B32D00005C360000453900008A
:107F08007D82FFFF1F88FFFF4B1F00000F2000002E
:107F1800C324000026260000BA2E00000C31000001
:107F280025180000E2180000EA1E00006520000085
:107F38004F280000AF2A0000BB590000E25D000096
:107F4800A41100007313000050190000BC1B0000AE
:107F5800182200007125000081480000754F0000BC
:107F6800F0430000530F0000490900001D580000AD
:107F7800113C0000E30E00008B080000874F000052
:107F880022350000130E0000C607000079470000E4
:107F98008B2F0000540E00006C0700000F420000F9
:107FA8001C2C0000180F00006A070000873F000023
:107FB800BD270000390E0000FF390000DD25000054
:107FC800450E0000BE06000027380000B24BB34A39
:107FD800DA805E215A52B24A1A8102315A52B14AA3
:107FE8005A8102315A52B04A9A8102315A52AF4AE2
:107FF800DA8102315A52AE4A1A8202315A52AD4AD5
:108008005A8202315A52AC4A9A8202315A52AB4CC5
:10801800DC826E229C52AA48188302329852A949DF
:10802800598302329952A84A9A8374255A53DC8399
:1080380002355C5318847824185359847A201952CD
:108048009A847C215A52A14CDC847E229C52A048FE
:108058001885023298529F495985023299529E4A90
:108068009A850E355A53DC8502355C531886882468
:10807800185359868A2019529A868C215A52974C3D
:10808800DC868E229C52964818870232985295496F
:10809800598702329952944A9A870E355A53DC8787
:1080A80002355C534024185358341853422019524F
:1080B8005830195244215A5258315A528B4C462240
:1080C8009C5258329C528A48563A98525832985282
:1080D8008849563A995258329952874A4A3D5A53D2
:1080E80058355A53563D5C5358355C5350241853F1
:1080F80058341853522019525830195254215A5290
:1081080058315A527D4A56395A5258315A527C4A35
:1081180056395A5258315A527A4A56395A5258315F
:108128005A52794A56395A5258315A52E0BCBA46CC
:10813800B146A846F0BD584B584ADA805E215A52DB
:10814800574A1A8102315A52564A5A8102315A52B2
:10815800554A9A8102315A52544ADA8102315A52A6
:10816800534A1A8202315A52524A5A8202315A5298
:10817800514A9A8202315A52504CDC826E229C52E9
:108188004F481883023298524E4959830232995205
:108198004D4A9A8374255A53DC8302355C531884FC
:1081A8007824185359847A2019529A847C215A5277
:1081B800464CDC847E229C524548188502329852EF
:1081C8004449598502329952434A9A850E355A5381
:1081D800DC8502355C5318868824185359868A2012
:1081E80019529A868C215A523C4CDC868E229C521B
:1081F8003B481887023298523A49598702329952B5
:10820800394A9A870E355A53DC8702355C53402425
:1082180018535834185342201952583019524421CF
:108228005A5258315A52314C46229C5258329C521A
:108238002F48563A9852583298522E49563A9952DF
:10824800583299522C4A4A3D5A5358355A53563D3A
:108258005C5358355C5350241853583418535220E3
:1082680019525830195254215A5258315A52234AE5
:1082780056395A5258315A52214A56395A52583157
:108288005A52204A56395A5258315A521E4A563969
:108298005A5258315A5249E7D80100205E47000027
:1082A800BA380000933F00005DC8FFFF023F00009E
:1082B8001F3400001E3B000054B6FFFFB03600001C
:1082C800612F00008136000001A4FFFFB7280000DD
:1082D800F22600003C2E00002684FFFF141F000039
:1082E800AD200000F6270000146D0000B316000052
:1082F800BF1A0000E1210000D95700004911000011
:1083080099160000851D000050490000B24BB34A81
:10831800DA805E215A52B24A1A8102315A52B14A5F
:108328005A8102315A52B04A9A8102315A52AF4A9E
:10833800DA8102315A52AE4A1A8202315A52AD4A91
:108348005A8202315A52AC4A9A8202315A52AB4C82
:10835800DC826E229C52AA48188302329852A9499C
:10836800598302329952A84A9A8374255A53DC8356
:1083780002355C5318847824185359847A2019528A
:108388009A847C215A52A14CDC847E229C52A048BB
:108398001885023298529F495985023299529E4A4D
:1083A8009A850E355A53DC8502355C531886882425
:1083B800185359868A2019529A868C215A52974CFA
:1083C800DC868E229C52964818870232985295492C
:1083D800598702329952944A9A870E355A53DC8744
:1083E80002355C534024185358341853422019520C
:1083F8005830195244215A5258315A528B4C4622FD
:108408009C5258329C528A48563A9852583298523E
:108418008849563A995258329952874A4A3D5A538E
:1084280058355A53563D5C5358355C5350241853AD
:1084380058341853522019525830195254215A524C
:1084480058315A527D4A56395A5258315A527C4AF2
:1084580056395A5258315A527A4A56395A5258311C
:108468005A52794A56395A5258315A525EE65A4B3C
:10847800764ADA805E215A52754A1A8102315A5276
:10848800744A5A8102315A52734A9A8102315A52B5
:10849800724CDC8166229C527148188202329852D2
:1084A80070495982023299526F4A9A826C255A53FE
:1084B800DC8202355C531883702418535983722068
:1084C80019529A8374215A52684ADA8302315A52ED
:1084D800674A1A8402315A52664A5A8402315A52F9
:1084E800654A9A8402315A52644ADA8402315A52ED
:1084F800634A1A8502315A52624A5A8502315A52DF
:10850800614A9A8502315A52604ADA8502315A52D2
:108518005F4A1A8602315A525E4A5A8602315A52C4
:108528005D4A9A8602315A525C4ADA8602315A52B8
:108538005B4A1A8702315A525A4A5A8702315A52AA
:10854800594A9A8702315A52584CDC8796229C52D3
:108558005748563A9852583298525649563A99526C
:1085680058329952544A2A3D5A5358355A53563D0F
:108578005C5358355C5348241853583418534A20D0
:108588001952583019524C215A5258315A524B4CA0
:108598004E229C5258329C524948563A9852583268
:1085A80098524849563A995258329952464A4A3D41
:1085B8005A5358355A53563D5C5358355C535824D2
:1085C8001853583418535A201952583019525C21EC
:1085D8005A5258315A52A9E5D80100205E47000086
:1085E800BA380000933F00005DC8FFFF023F00005B
:1085F8001F3400001E3B000054B6FFFFB0360000D9
:10860800612F00008136000001A4FFFFB728000099
:10861800F22600003C2E00002684FFFF141F0000F5
:10862800AD200000F6270000146D0000B31600000E
:10863800BF1A0000E1210000D957000049110000CD
:1086480099160000851D000050490000324A0000BC
:108658004B4A0000A25200003AD0FFFF0E4900002A
:10866800C2480000CD5000003BCCFFFF674200002D
:10867800814100005C48000062B8FFFF513C0000E7
:108688006F3B00007141000086A7FFFFE332000046
:108698002F3100009C350000558BFFFF942B000004
:1086A8009C290000042D00004C760000F4250000F1
:1086B8009F23000069260000F86500009C1F000049
:1086C8005F1D00005D1F00001D540000AF4BB04A45
:1086D800DA805E215A52AF4A1A8102315A52AE4AA2
:1086E8005A8102315A52AD4A9A8102315A52AC4AE1
:1086F800DA8102315A52AB4A1A8202315A52AA4AD4
:108708005A8202315A52A94A9A8202315A52A84AC6
:10871800DA8202315A52A74A1A8302315A52A64AB9
:108728005A8302315A52A54A9A8302315A52A44CAA
:10873800DC8376229C52A348188402329852A249BC
:10874800598402329952A14A9A847C255A53DC846E
:1087580002355C5318858024185359858220195294
:108768009A8584215A529A4CDC8586229C529948D3
:108778001886023298529849598602329952974A75
:108788009A860E355A53DC8602355C531887902436
:1087980018535987922019529A8794215A52904C0B
:1087A800DC8796229C528F48563A985258329852F3
:1087B8008D49563A9952583299528C4A4A3D5A53E1
:1087C80058355A53563D5C5358355C534824185312
:1087D800583418534A201952583019524C215A52B9
:1087E80058315A52824C4E229C5258329C528148DF
:1087F800563A985258329852B6214901563A9952E7
:10880800583299527C4A4A3D5A5358355A53563D24
:108818005C5358355C5358241853583418535A200D
:108828001952583019525C215A5258315A527DE423
:10883800564B724ADA805E215A52714A1A810231C5
:108848005A52704A5A8102315A526F4A9A810231F9
:108858005A526E4CDC8166229C526D481882023254
:1088680098526C495982023299526B4A9A826C2505
:108878005A53DC8202355C53188370241853598389
:10888800722019529A8374215A52644CDC837622DE
:108898009C526348188402329852624959840232C1
:1088A8009952614A9A840E355A53DC8402355C53D6
:1088B8001885802418535985822019529A85842155
:1088C8005A525A4CDC8586229C52594818860232E4
:1088D80098525849598602329952574A9A860E3503
:1088E8005A53DC8602355C531887902418535987ED
:1088F800922019529A8794215A52504CDC8796221A
:108908009C524F48563A9852583298524D49563AC6
:108918009952583299524C4A4A3D5A5358355A53EB
:10892800563D5C5358355C534824185358341853F3
:108938004A201952583019524C215A5258315A5219
:10894800424C4E229C5258329C524148563A9852B8
:10895800583298523F49563A9952583299523E4A9B
:108968004A3D5A5358355A53563D5C5358355C5313
:1089780058241853583418535A2019525830195239
:108988005C215A5258315A52FFF7D0FBD8010020C7
:10899800354C0000DA4C000059520000BFD7FFFFE9
:1089A80039480000E84800001D4E0000BBCCFFFF1E
:1089B8001F3A00002C3B00004D3F0000BFA5FFFF01
:1089C80092300000A9310000F6340000E98AFFFF68
:1089D800E6280000EF2900009A2C000034750000FA
:1089E800FB230000F1240000312700002E6700005F
:1089F800E21400009E150000263C0000B142000071
:108A08002A410000F643000083BDFFFFBA3F000083
:108A1800E23400003E320000589EFFFFE53E0000B1
:108A2800DE2B000061260000BC89FFFFF33B00003D
:108A38001C250000F31E000088790000A039000002
:108A4800072000009D1900006D6D0000E63200004F
:108A5800C71700001C1200000758000010B5144882
:108A6800144B0360144B4360002383600122C260EF
:108A7800036143618361C361036200F0F1FF002871
:108A88000CD10B48002101F0F9FF002809D1084852
:108A9800002102F01FF8002806D110BD00F07AF975
:108AA800EFE700F077F9F2E700F074F9F5E7C04670
:108AB8008401002000540040583D500010B58EB08D
:108AC80004001422002109A804F0B9FA1822002190
:108AD80003A804F0B4FA22681C4B9A4201D00EB0E5
:108AE80010BD2023039303A802F0D6FB002829D148
:108AF800174C626B01231A436263626B1340019344
:108B0800019B09A9C023DB00099312234B600023B2
:108B18008B60CB6006330B61A020C00500F036FEE9
:108B2800E36B802292031343E363E36B13400293E6
:108B3800029B00220021172000F08AFC172000F079
:108B48008BFCCCE700F026F9D2E7C0460054004081
:108B58000010024010B5264B3D229B5C1B0720D419
:108B6800234BDB78802B14D007D9902B15D0A02B62
:108B780035D12048FCF714FA31E0602B05D0702B72
:108B88002DD11C48FBF7C8FF29E01A48FAF7E6FE82
:108B980025E01848FAF712FB21E01648FBF7F2FB2C
:108BA8001DE0134BDB78802B1AD007D9902B1BD0F4
:108BB800A02B0ED11048FCF7F3F90AE0602B05D082
:108BC800702B06D10C48FBF7A7FF02E00A48FAF71A
:108BD800C5FE074B3D215A5C082082435A5410BDFC
:108BE8000548FAF7EBFAF4E70348FBF7CBFBF0E7A5
:108BF800C8020020120300206A03002001207047E9
:108C0800074B5A8880235B009A4205D1044B1B7995
:108C1800052B03D1002000E0012070470120FCE76C
:108C2800D8010020044B5A79044BDB789A4201D1D1
:108C3800002070470120FCE7D8010020C80200206E
:108C480070B50A4CAA252570552666700023A370B6
:108C58000133E37004332371054BDB786371FEF74E
:108C6800A1FDD423E6540133E55470BDD80100209A
:108C7800C8020020184B99888A0052189100174A98
:108C8800B8201150D888810009188800BC2150509C
:108C98001889810009188800C0215050588981001E
:108CA80009188800C4215050988981000918880043
:108CB800C8215050D889810009188800CC2150500B
:108CC800188A810009188800D021505098395A5CB8
:108CD800022002435A547047C8020020D8010020DD
:108CE800014BA022DA707047C802002010B5FFF7C8
:108CF800F7FFFFF783FF002807D1FFF781FF002860
:108D080003D1FFF78FFF002806D0FFF799FFFEF782
:108D180005F9FFF7AFFF10BDFEF700F9FBE700000C
:108D2800194B3D229B5C5B070FD5174A538F0133C4
:108D38009BB25387154A934207D9134B3D215A5C7E
:108D4800042082435A54124A5A870F4B3D229B5C97
:108D58009A0713D50C4A3C21525CD20703D50A491D
:108D68004A6A01324A629B0603D5074AD36A01332D
:108D7800D362054B3E229B56002B00DB7047024A0C
:108D8800536B01335363F9E7C80200204F460000D4
:108D98005046000072B6FEE710B592B005AC34221A
:108DA8000021200004F04BF91022002101A804F052
:108DB80046F98020800001F0B7FE02230593FE33B8
:108DC80008930023099340220A920C93200001F093
:108DD800D5FE00280DD101A8072301930023436085
:108DE8008360C360002102F077F9002803D112B034
:108DF80010BDFFF7CFFFFFF7CDFF000070B500F003
:108E0800B5FAFFF7C9FFFEF737F8FFF727FE00F0BE
:108E18008DF900F0FDF963491E226348FDF700F95A
:108E2800FFF764FF6148FDF70DFD6148FDF7C6FCDB
:108E38006048FCF757FC0020FDF7FAF80020FDF722
:108E48001BF90020FDF73CF90020FDF75BF9002035
:108E5800FDF77AF90020FDF799F90020FDF7B8F938
:108E68000020FDF7D5F90020FDF7F4F9524B9A7868
:108E780059781878FDF7B4FC3CE04A491E224A4864
:108E8800FDF79AF84C4B38215A5C022082435A5419
:108E980037E0494B3D215A5C022082435A543CE05A
:108EA800FFF758FE444B3C215A5C012082435A5438
:108EB80001315A5C073082435A5400225A6247E013
:108EC8003E4C2000FDF744FFA23C3D22A35C082154
:108ED8008B43A3544BE0384B3C215A5C012082431E
:108EE8005A5401315A5C1F3082435A54FDF744F8F2
:108EF800FDF7CAFB304B38229A5C06231340022B3D
:108F0800BBD0FDF79FFEFDF70BFF0028C1D02A4B11
:108F18003D215A5C022002435A54274B3D229B5C58
:108F28009B07E3D5264CA21E211FA01F2300FDF797
:108F380001FF483C3D23E35C5B07CCD41E4B3C223D
:108F48009B5CDB0704D51C4B5A6A1B6A9A42A7D262
:108F5800194B3D229B5C9A06C8D5174AD16A926A7A
:108F68009142C3D31B07ABD41648FDF7F1FE124B51
:108F78003D22995C102001439954C9B208208143CD
:108F88009954C9B21830814399540022DA62C42135
:108F980089005918002400250C604D60C6218900FD
:108FA8005A54A3E7D801002000F8000884010020E3
:108FB800EC05002038060020C80200206A030020C3
:108FC800100300201203002082B00A4B196C012202
:108FD80011431964196C0A400092009ADA6B8021D7
:108FE80049050A43DA63DB6B0B400193019B02B02E
:108FF8007047C04600100240FEE7FEE77047704722
:1090080010B5FDF783FCFCF713FFFDF7C1F9084A1B
:1090180013780133DBB21370632B02D800F0BAF96E
:1090280010BDFFF77DFE024B00221A70F6E7C0461E
:10903800E805002010B5024802F03EFB10BDC0460E
:10904800EC05002010B5074B1B689A69E023DB008C
:109058001A4203D0034801F0D3FC10BD014800F0C8
:109068003FFEFAE78401002010B5024803F080F8BB
:1090780010BDC046380600207047000000B583B018
:1090880002680B4B9A4201D003B000BD094AD16B6C
:1090980002231943D163D26B13400193019B002231
:1090A8000021102000F0D4F9102000F0D5F9EBE7EA
:1090B800000400400010024070B588B0040014227B
:1090C800002103A803F0BBFF2268154B9A4201D088
:1090D80008B070BD134B5A6B01252A435A635A6B6B
:1090E8002A400192019A5A6B022632435A635B6BFB
:1090F80033400293029B03ACC02303930496079565
:10910800A0202100C00500F041FB03950496002330
:109118000593069307952100034800F037FBD7E72E
:1091280000040040001002400004005000B58FB059
:10913800102200210AA803F082FF0C22002107A8B0
:1091480003F07DFF1C220021684603F078FF2D48BC
:109158002D4B03600023436083602C4AC260036187
:10916800836102F0A1FB002837D180235B010A93B9
:1091780024480AA902F0E2FC002831D1214802F073
:10918800C3FB00282FD107A9002307938B601D4834
:1091980002F01CFE002829D16946602300931B4B6E
:1091A80001930023029304931648002202F018FC4E
:1091B80000281ED113480422694602F011FC002839
:1091C8001AD110480822694602F00AFC002816D174
:1091D8000C48FFF771FF0FB000BDFFF7DBFDC4E7D8
:1091E800FFF7D8FDCAE7FFF7D5FDCCE7FFF7D2FDBB
:1091F800D2E7FFF7CFFDDDE7FFF7CCFDE1E7FFF7AB
:10920800C9FDE5E7EC05002000040040FF0300006D
:1092180010B50D480D4B036096239B014360002356
:109228008360C36003610C2242618361C36103628E
:10923800436283620022002103F0B4FE002800D1BB
:1092480010BDFFF7A7FDFBE73806002000440040EB
:1092580010B588B004001422002103A803F0EFFE23
:109268002268154B9A4201D008B010BD134BDA6B37
:10927800802189020A43DA63DA6B0A400192019A73
:10928800596B0122114359635B6B13400293029B94
:1092980003A90E2303930C3B4B600A61A020C00571
:1092A80000F074FA002200211C2000F0D1F81C20E4
:1092B80000F0D2F8D8E7C046004400400010024051
:1092C8000D488546FFF7D8FE0C480D490D4A002386
:1092D80002E0D458C4500433C4188C42F9D30A4A63
:1092E8000A4C002301E013600432A242FBD303F0CE
:1092F800B5FEFFF783FDFEE70020002000000020F8
:109308009C00002060DB0008A0000020240800204A
:10931800FEE7000070B50400114B1978002901D14F
:10932800012070BD0F4B1D68FA208000F6F7E4FE9F
:1093380001002800F6F7E0FE00F09AF800280DD1A9
:10934800032C01D90120ECE7013000222100404222
:1093580000F07EF8044B1C600020E2E70120E0E703
:109368000C000020080000201000002010B5084A5A
:10937800116880235B000B4313600320FFF7CAFFCB
:10938800041E02D00124200010BDFFF71DFEFAE7DD
:1093980000200240034B1B78034A11685B181360D6
:1093A8007047C0460C000020CC060020014B18680E
:1093B8007047C046CC06002070B5002811DB830832
:1093C800134DC0339B005C5903221040C000FC328F
:1093D80016008640B44389010A40824022435A510C
:1093E80070BD0F230340083B9B0806339B00094AC6
:1093F800944663445C6803221040C000FC321500A8
:109408008540AC4389010A40824022435A60E7E71D
:1094180000E100E000ED00E0013880235B049842A1
:109428000FD2094A50600948036A1B021B0AC0216F
:1094380009060B430362002393600733136000207F
:1094480070470120FCE7C04610E000E000ED00E0B6
:1094580010B5FFF7B1FF10BD002805DB1F22024041
:1094680001239340014A13607047C04600E100E0C1
:1094780010B5FFF7D1FF10BD30B5002836D0252331
:10948800C35C022B06D00423C36320330022C254DA
:10949800012030BD026813680E218B431360426CB3
:1094A800136813490B40136001680A6801239A4343
:1094B8000A60104C6268056C1C2129408B401343DC
:1094C8006360836CC26C5A60036D002B06D01A6807
:1094D80007490A401A60436D826D5A6025230122AC
:1094E800C254013B0022C2540020D2E70120D0E739
:1094F800FFFEFFFF0000024070B52523C35C022B6E
:1095080003D00423C363012070BD026813680E21D1
:109518008B43136001680A6801239A430A60416C0F
:109528000A68134C22400A60124C6268056C1C21C0
:1095380029408B4013436360836CC26C5A60036D8F
:10954800002B06D01A680A490A401A60436D826DDA
:109558005A6025230122C254013B0022C254836B66
:10956800002B02D098470020CEE70020CCE7C04669
:10957800FFFEFFFF000002402523C05CC0B2704719
:1095880030B5054C61690125294361610260BFF36B
:109598006F8F436030BDC04600200240084B5B69B6
:1095A800002B01DB00207047054B064A9A60064AEB
:1095B8009A605B69002B01DB0020F4E70120F2E7E9
:1095C8000020024023016745AB89EFCD014B586865
:1095D8007047C046D006002070B50400FFF7E6FECD
:1095E8000500144B1B69DB0308D5631CF9D0FFF792
:1095F800DDFE401BA042F4D303201AE00D490A699E
:109608000D4B16001E400D4808611A420CD1094B3B
:109618001B695B030CD5631CF9D0FFF7C7FE401B21
:10962800A042F4D3032004E0054B5E60012000E073
:10963800002070BD00200240FA830000FB83000078
:10964800D0060020F8B507000C0015001E00144BCA
:109658001B78012B22D0124B01221A7000225A606B
:10966800FA208000FFF7B8FF00280DD1012F0FD096
:109678002900200004F0F0F8FA208000FFF7ACFF82
:10968800084A5369BB435361054B00221A70F8BD61
:109698002A0033002000FFF773FFEDE70220F6E70A
:1096A800D00600200020024010B5FA208000FFF705
:1096B80093FF064B5969802212060A435A615B6977
:1096C800002B01DB012010BD0020FCE70020024038
:1096D800034A53690343802040021843506170478E
:1096E80000200240044A536904480340C900194352
:1096F800034B0B43536170470020024007E0FFFF14
:109708000200010070B504000E001E4B1B78012BEF
:1097180036D01C4B01221A7000225A60FA208000B1
:10972800FFF75AFF002827D1042363602368042B1E
:1097380014D001235B423360A568A368E2689B18D4
:10974800AB4214D960682900FFF7CCFFFA208000EB
:10975800FFF742FF002809D10135EEE70430FFF793
:10976800B7FFFA208000FFF737FF05E03560064AAB
:10977800536902218B435361024B00221A7070BD5A
:109788000220FCE7D006002000200240F0B50023AC
:1097980059E086685F000324BC40A643CC68BC40FF
:1097A80034438460446894434E6836090122324049
:1097B8009A402243426056E0DE080836B600375821
:1097C80005321A4092000F249440A7430C69944034
:1097D80022003A43325059E0032600E00026A64012
:1097E80034003C43424E1832920094513768EA43A1
:1097F8003E00AE434C68E40201D53E002E433C4C8B
:10980800266067683E0016404C68A40201D53E00F9
:109818002E43374C66608426A7593E0016404C6894
:10982800A40301D53E002E43314C8427E6518026FF
:10983800A65932404C68E40301D52A0032432C4D26
:1098480080242A5101330C682200DA404ED00122CC
:109858009A40250015401442F4D04E680324344041
:10986800013C012C95D94C6803222240032A08D0D8
:10987800C4685E000322B24094438A68B24022431F
:10988800C2604C6803222240022A95D004685E0018
:1098980003221700B740BC434F683A40B240224306
:1098A80002604C68C02292021442CBD09A0814007D
:1098B8001834A4000E4EA75903241C40E4000F26B8
:1098C800A640B743A026F605B04287D0094EB0425D
:1098D80008D0094EB04207D0084EB04200D17BE70D
:1098E80005267CE701267AE7022678E7F0BDC04620
:1098F800001802400004005000080050000C0050FE
:10990800002A01D0816170478162FCE7026893698F
:109918009B0701D50023936203689A69D20703D491
:109928009A6901210A439A617047000010B58905B8
:10993800890D120411431943029B19434900490830
:10994800046862685B0D8020C0000340034803433D
:109958009A4313000B43636010BDC046FF63FF03C7
:10996800436B214A93421DD0204A93421AD0204A81
:10997800934217D00BB2002B0DDB0023CA0701D589
:10998800F22213438A0708D5F4221343202919D158
:109998002022134316E0B823F0E71029F6D19022CD
:1099A80013430FE00BB2002B11DB0023CA0701D5CC
:1099B800F22213438A070CD5F422134320290DD031
:1099C80040290ED001680A6813430B607047B8231A
:1099D800ECE71029F2D190221343F1E760221343F8
:1099E800F0E740221343EDE751A7000825A6000839
:1099F80091A4000830B5CB0709D54123C35C2822C0
:109A08001340282B01D0F22302E01A3300E0002390
:109A18008A0709D544241C434122825C28252A4010
:109A2800282A09D0F42213430AB2002A06DB102997
:109A380006D19022134305E02300F5E7B82213432B
:109A4800202906D0402907D001680A689A430A608D
:109A580030BD20221343F7E740221343F4E7000008
:109A680010B5041E60D04123C35C002B48D04123AD
:109A78002422E2542268136801218B43136063682F
:109A880022682A490B4013612268936828490B40D1
:109A98009360E368012B39D0A168226884231B02F4
:109AA8000B439360E368022B37D02268536821493F
:109AB8000B405360226851681F4B0B435360226868
:109AC800D3681B490B40D360236962691343A269B9
:109AD800120221681343CB60E369216A22680B43B1
:109AE80013602268136801210B4313600023636429
:109AF80041221F31A15423630132A354002010BD19
:109B080040330022C254FEF7D9FFB0E7A1682268AB
:109B180080231B020B439360C4E7226851688023AB
:109B28001B010B435360C5E70120E8E7FFFFFFF087
:109B3800FF7FFFFFFFF7FFFF00800002F0B5D6466A
:109B48004F464646C0B582B004000AA820C8068819
:109B58004120205C202849D1002D3BD0002E39D04F
:109B6800206881468069000447D44020205C012891
:109B780045D0402082463F385746E055403084461D
:109B880020388046604647462754013057462754B8
:109B9800002060642085656266851A48E0621A487C
:109BA8006063E164012B1AD0100A4D46A862D2B254
:109BB80022658020DAB2154B009343042000FFF79A
:109BC800B5FE40230022E25401212000FFF7C8FE21
:109BD80000200CE080239B006364012007E0D2B2E0
:109BE80048468262012252422265E2E7022002B020
:109BF800E0BCBA46B146A846F0BD0220F7E702200D
:109C0800F5E7C0460000FFFF89A800080020008093
:109C1800F0B5D6464F464646C0B582B004000AA8FD
:109C280020C806884120205C202847D1002D39D043
:109C3800002E37D0206881468069000445D4402032
:109C4800205C012843D0402082463F385746E055E3
:109C5800403084461F3880466046474627540130C6
:109C68005746275400206064656266851948E0629B
:109C780019486063E164012B19D0100A4D46A862A7
:109C8800D2B22265DAB2154B009300232000FFF709
:109C98004DFE40230022E25401212000FFF760FE20
:109CA80000200CE080239B006364012007E0D2B20F
:109CB80048468262012252422265E3E7022002B04E
:109CC800E0BCBA46B146A846F0BD0220F7E702203C
:109CD800F5E7C0460000FFFF89A8000800200080C3
:109CE80010B5036899691A68436B002B00D0984730
:109CF80010BD7047704770B5040042230022C2545B
:109D0800013BC35C212B0FD041232022C2542F3B9F
:109D18000363002545630221FFF76CFE4023E554E9
:109D28002000FFF7E7FF70BD20332032C254303BDC
:109D38000363002545630121FFF75CFE4023E554DA
:109D48002000FFF7D6FFEEE77047704710B5040014
:109D580003681A6842210020605451040CD51A681F
:109D680019490A401A604123E35C292B0BD041238F
:109D7800E35C2A2B17D010BD1204F4D51A681349D6
:109D88000A401A60EFE718332822E254203B236385
:109D980001212000FFF72EFE40230022E25420007C
:109DA800FFF7D2FFE7E717332822E2541F3B23636C
:109DB80002212000FFF71EFE40230022E25420006B
:109DC800FFF7C3FFD7E7C046FFBFFFFFFF7FFFFFD7
:109DD8007047F8B504004123C35C28221340282BA0
:109DE80006D003680822DA6140230022C254F8BD75
:109DF800006885692D0C273B1D408669360CFE21BD
:109E08000E4083689B059B0DC7680F40E268022AD5
:109E180024D1DA097240F839114211D1A26C013209
:109E2800A264A26C022AE2D10022A2640231C161BA
:109E3800383162541A0029002000FFF7C9FFD6E71D
:109E4800802109022000FFF7D5FD40230022E254BB
:109E58003A0029002000FFF7BBFFC8E7802109026C
:109E68002000FFF7C7FD40230022E25432002900FA
:109E78002000FFF7ADFFBAE77047000010B50400F7
:109E8800164BC3620023036341222020A0540132F1
:109E9800A3546363490713D523685A6A636A1A701F
:109EA800636A01336362238D002B09D0013B23854C
:109EB800638D013B9BB26385636C04221343636427
:109EC80007492000FFF796FD23681022DA61402336
:109ED8000022E2542000FFF7CFFF10BD0000FFFF73
:109EE800038000007047704710B54123C35C602BA6
:109EF80006D00023036340228354FFF7F3FF10BD0D
:109F08001F3B2022C2540023036320328354FFF7EF
:109F1800EAFFF4E710B504004123C35C00224220A5
:109F280022544348E0626285626C0A436264283BBB
:109F3800DBB2022B1BD803212000FFF75BFD412376
:109F48002822E2543B4B6363236BA26B002A03D0A5
:109F5800112B2DD0212B2BD0E26B002A03D0122BF2
:109F680046D0222B44D02000FFF7BEFF10BD324957
:109F78002000FFF73FFD2000FFF7C8FC4123E35C0A
:109F8800602B12D020234122A354226891690B42EE
:109F98000BD09369DB0605D51023D361636C0422CB
:109FA8001343636423682022DA6100236363CBE7E9
:109FB800226813685B0403D5136820490B401360BB
:109FC800A06BFFF7D9FA01280ED0A36B1C4A9A633D
:109FD80040230022E254A06BFFF78EFA0028C5D078
:109FE800A06B836B9847C1E72000FFF77DFFBDE7B3
:109FF80023681A68120403D51A6812490A401A60BD
:10A00800E06BFFF7B9FA01280ED0E36B0C4A9A63AC
:10A0180040230022E254E06BFFF76EFA0028A5D037
:10A02800E06B836B9847A1E72000FFF75DFF9DE792
:10A038000000FFFF3DA2000803800000FFBFFFFFF4
:10A0480067AA0008FF7FFFFFF8B504000D0002684B
:10A058001668C76A4123C35C2021D161213BDAB26B
:10A06800092A08D893006B4AD3589F466A49FFF7D4
:10A07800C1FC212323632268516880231B020B4300
:10A0880053602268536865490B4053602000FFF70E
:10A098003DFC73045ED52268136861490B40136068
:10A0A800A36B002B03D01B685B689BB263856B07AF
:10A0B80011D504239D4323685A6A636A1A70636A38
:10A0C80001336362238D002B05D0013B2385638D0B
:10A0D800013B9BB26385638D002B03D0636C042224
:10A0E80013436364EB060FD5F6060DD5638D002B7D
:10A0F80055D14133E35C282B3BD04123E35C292B2A
:10A1080040D023681022DA6100234222A3546363FB
:10A11800636C002B55D1E26A424B9A425ED14123CF
:10A12800E35C222B6AD041232022E25400232363DC
:10A138002032A3542000FFF707FE5EE03A49FFF7FC
:10A1480059FC2223236396E73849FFF753FC002381
:10A15800236390E73304AAD52268136834490B4077
:10A168001360E36B002BA2D01B685B689BB263850E
:10A178009DE780239B049F42BFD129002000FFF761
:10A188007DFEC1E7274B9F42BBD023681022DA61CE
:10A198002000FFF7BBFB2000FFF7D8FDB4E72368DA
:10A1A8001022DA61636C0C3A13436364002F03D006
:10A1B80080235B049F42A7D1616C2000FFF7AAFEB1
:10A1C800A2E7616C2000FFF7A5FE4123E35C282B82
:10A1D80013D129002000FFF751FE0EE02000FFF701
:10A1E800B5FD104BE36241232022E2540023236390
:10A1F8002032A3542000FFF73FFEF8BD1F33202272
:10A20800E254002323632032A3542000FFF79DFD6E
:10A21800F3E7C04624DA00080180000000E800FEE9
:10A22800FFBFFFFF0000FFFF028000000380000067
:10A23800FF7FFFFF70B50400C56A4023C35C012B94
:10A2480000D191E00123402023544809034201D062
:10A25800930612D4CB063FD5D3063DD5638D002B8C
:10A2680028D14133E35C282B0FD04123E35C292B11
:10A2780013D023681022DA6102E02000FFF7E4FE21
:10A2880040230022E254002070BD80239B049D429D
:10A29800EBD12000FFF7F2FDF2E7344B9D42E8D006
:10A2A80023681022DA612000FFF730FB2000FFF757
:10A2B8004DFDE5E723681022DA61636C0C3A13431D
:10A2C8006364002D03D080235B049D42D8D1616C68
:10A2D8002000FFF71FFED3E74B071CD553071AD5FD
:10A2E800638D002B0DD023685A6A636A1A70636AFB
:10A2F80001336362238D013B2385638D013B9BB250
:10A308006385638D002BBBD1184B9D42B8D02000CC
:10A31800FFF71CFDB4E70B0701D5130715D4890710
:10A32800AED59207ACD5638D002B12D0626A236834
:10A3380012789A62636A01336362638D013B9BB250
:10A348006385238D013B23859AE72000FFF741FDB4
:10A3580096E780235B049D4202D0002D00D08FE752
:10A368002000FFF7F3FC8BE702208DE70000FFFFDA
:10A3780030B583B004000D0003682022DA61412360
:10A38800C35C212B29D04123C35C222B2BD022680C
:10A3980053683B490B40536000236363394BE362C6
:10A3A800EB0606D523681022DA61636C0C3A134376
:10A3B80063644123E35C602B1BD02000FFF7A6FAFF
:10A3C800626C4123E35C602B01D0002A1AD0616CD7
:10A3D8002000FFF79FFD03B030BD0121FFF70AFB06
:10A3E80011232363D3E70221FFF704FB122323631E
:10A3F800CDE76D07E1D523685A6AFF23134001931F
:10A40800019BDAE74123E35C212B15D04123E35C70
:10A41800222BE0D11F332022E2540023236342334E
:10A42800E35C402B23D000234222A354023AA354D6
:10A438002000FFF75FFCCEE720332022E254002300
:10A4480023634233E35C402B08D000234222A35409
:10A45800023AA3542000FFF74CFCBCE70023223249
:10A46800A354023AA3542000FCF76CFAB3E7002384
:10A478002232A354023AA3542000FCF77FFAAAE739
:10A4880000E800FE0000FFFF10B582B00400402382
:10A49800C35C012B00D1BBE00123402023540809F1
:10A4A800034201D0D3060FD48B071CD593071AD5C6
:10A4B8002368226D9A6201235B42236540230022B0
:10A4C800E254002002B010BD23681022DA61636CE8
:10A4D8000C3A1343636420212000FFF741FA20005F
:10A4E800FFF714FAEAE70B0601D553060BD44B061F
:10A4F80001D553064BD48B06E0D59206DED5200055
:10A50800FFF736FFDAE701212000FFF773FA102181
:10A518002000FFF725FA638D002B33D0638DFF2BC6
:10A528001BD9FF232385E16C7F3B89B2002200926F
:10A538005B04FF322000FFF7F9F9638D228D9B1A27
:10A548009BB263854123E35C222B14D022681168F7
:10A558008023DB010B431360B0E7628D92B2228542
:10A56800E16C8023D2B289B2002000909B042000C5
:10A57800FFF7DCF9E1E72268116880231B020B432F
:10A5880013609BE740212000FFF7C4FC96E70121F8
:10A598002000FFF72FFA10212000FFF7E1F94123EF
:10A5A800E35C222B1ED01B48638DFF2B1CD9FF2395
:10A5B8002385E16C7F3B89B200905B04FF22200079
:10A5C800FFF7B4F9638D228D9B1A9BB263854123F3
:10A5D800E35C222B15D0226811688023DB010B4332
:10A5E80013606BE70C48DFE7628D92B22285E16C5D
:10A5F8008023D2B289B200909B042000FFF796F91D
:10A60800E0E72268116880231B020B43136055E7BB
:10A61800022057E70020008000240080F8B50400DD
:10A62800C56A4023C35C012B00D188E00123402088
:10A6380023544809034201D093061AD4CB0671D596
:10A64800D3066FD5930B012007001F40184201D194
:10A65800130463D5E36B002B0FD0D20B0126300017
:10A66800104016420AD01B685B68002B2CD00020D3
:10A6780004E02000FFF7E8FC58E00020A36B002B63
:10A6880005D0002F03D01B685B68002B1ED0012863
:10A698001CD023681022DA61636C0C3A134363649C
:10A6A8004123E35CDBB2002D03D0802252049542A3
:10A6B8003CD1212B2BD0292B29D0222B01D02A2B7E
:10A6C80027D12223236324E00120D7E74123E35C39
:10A6D800282B07D04123E35C292B0BD023681022B9
:10A6E800DA6123E080239B049D42F3D12000FFF729
:10A6F800C5FB1BE0134B9D42F0D023681022DA61A2
:10A708002000FFF703F92000FFF720FB0EE02123CC
:10A718002363616C2000FFF7FDFB07E0236810222C
:10A72800DA6103E00B0701D5120704D440230022A5
:10A73800E2540020F8BD2000FFF74BFBF6E70220AB
:10A74800F8E7C0460000FFFF10B582B004004023C0
:10A75800C35C012B00D18EE001234020235408095B
:10A76800034201D0D3062DD40B065ED553065CD523
:10A778002268136840218B431360638D002B47D0F8
:10A78800236859688905890D638DFF2B2ED9FF230E
:10A79800238580235B04228DD2B200200090200004
:10A7A800FFF7C4F8638D228D9B1A9BB26385412302
:10A7B800E35C222B25D0226811688023DB010B4340
:10A7C80013600DE023681022DA61636C0C3A1343BE
:10A7D800636420212000FFF7C3F82000FFF796F8F4
:10A7E80040230022E254002002B010BD638D23856F
:10A7F800E26A224B9A4201D0E36ACCE780239B04A9
:10A80800C9E72268116880231B020B431360E7E73E
:10A8180023685B689B0103D42000FFF76CFADFE72D
:10A8280040212000FFF776FBDAE74B061BD55306DD
:10A8380019D5638D002B11D1226853689B01CFD4A1
:10A84800E16A0E4B994205D151688023DB010B4325
:10A858005360C5E72000FFF74EFAC1E7402120000A
:10A86800FFF758FBBCE78B06BAD59206B8D520008F
:10A87800FFF77EFDB4E70220B6E7C0460000FFFF01
:10A8880070B582B004000D0016004023C35C012B94
:10A8980000D1AEE00123402283540A09134201D0BB
:10A8A800F3061ED46B0726D5730724D504239D43CE
:10A8B80023685A6A636A1A70636A01336362238D74
:10A8C800013B2385638D013B9BB26385AB0602D5B3
:10A8D800B60600D588E040230022E254002002B0EA
:10A8E80070BD03681022DA61436C0C3A1343436469
:10A8F800FFF70CF8EAE7AB071AD5B30718D5236DAD
:10A90800013306D02368226D9A6201235B422365D6
:10A91800DCE7626A236812789A62636A01336362C9
:10A92800238D013B2385638D013B9BB26385CDE776
:10A938002B062AD5730628D5638D002B20D0238DAE
:10A94800002B1DD1638DFF2B0CD9FF232385E16CD0
:10A958007F3B89B2002200925B04FF322000FEF7A1
:10A96800E5FFB3E7628D92B22285E16C8023D2B213
:10A9780089B2002000909B042000FEF7D7FFA5E7CE
:10A9880040212000FFF7C6FAA0E76B069ED57306A4
:10A998009CD501212000FFF72DF802212000FEF7A9
:10A9A800DFFF4123E35C222B0FD01348638DFF2B7D
:10A9B8000DD9FF232385E16C7F3B89B200905B04AE
:10A9C800FF222000FEF7B2FF80E70C48EEE7628D19
:10A9D80092B22285E16C8023D2B289B200909B04A6
:10A9E8002000FEF7A3FF71E729002000FFF7C0FC55
:10A9F80071E7022073E7C046002000800024008031
:10AA080070B5026893691168DC0508D50C0606D58F
:10AA1800446C01252C43446480246400D4615A05A5
:10AA280009D50A0607D5426C082422434264026805
:10AA38008024E400D4619B0509D5090607D5436C39
:10AA48000222134343640368FF32FF32DA61416C28
:10AA58000B230B4200D170BDFFF75CFAFBE710B582
:10AA6800806A836B002B01D000229A63C36B002B92
:10AA780001D000229A63FFF737FA10BDF0B54123E1
:10AA8800C35C202B20D12033C35C012B1ED0402473
:10AA98000122025541252423435506683368934310
:10AAA8003360066833680A4F3B4033600668336892
:10AAB8000B43336001680B6813430B602023435535
:10AAC800002303550020F0BD0220FCE70220FAE72E
:10AAD800FFEFFFFFF0B54123C35C202B1ED12033CD
:10AAE800C35C012B1CD0402401220255412524239C
:10AAF8004355066833689343336006683368094FE3
:10AB08003B4009021943316001680B6813430B602D
:10AB180020234355002303550020F0BD0220FCE705
:10AB28000220FAE7FFF0FFFF10B5104A136810493A
:10AB38000B400343136080239B00984201D0002000
:10AB480010BD0C4B1B685800C01840000A49F5F7A7
:10AB5800D3FA0130054B5B695B0503D5002803D0A8
:10AB68000138F7E70020EBE70320E9E70070004031
:10AB7800FFF9FFFF0800002040420F0070B582B0C7
:10AB8800041E00D129E20368DB0739D5C14A916860
:10AB980038230B40D16803220A40102B26D0082BFB
:10ABA80026D063688022520293427FD0A022D2022C
:10ABB800934200D181E0B74B1A68B7490A401A603E
:10ABC8001A68B6490A401A606368002B00D180E011
:10ABD800FEF7ECFB0500AF4B1B689B0310D4FEF798
:10ABE800E5FB401B6428F6D90320F7E1032AD6D1F8
:10ABF800A84B1B689B0303D56368002B00D1EFE1CA
:10AC080023689B0731D5A34A916838230B40D16844
:10AC180003220A40102B6AD0002B6BD19D4A126880
:10AC2800520503D5E268002A00D1DBE19948426861
:10AC38009B490A40616909020A434260002B0DD111
:10AC4800036898490B4021690B4303600368DB0ADA
:10AC580007221A40944BD340944A1360944B1868C7
:10AC6800FEF758FB002800D0BEE123681B0700D47C
:10AC780081E0884B9A6838231340182B73D0A36956
:10AC8800002B00D1B4E0834A136E01210B431366F5
:10AC9800FEF78CFB05007F4B1B6E9B076BD4FEF702
:10ACA80085FB401B0228F6D9032097E1794A1168F1
:10ACB80080235B020B43136086E7764B196880227A
:10ACC800D2020A431A601968802252020A431A60A3
:10ACD8007AE7FEF76BFB05006E4B1B689B038FD56D
:10ACE800FEF764FB401B6428F6D9032076E1022AAC
:10ACF80092D193E7E368002B22D0664A136869492A
:10AD08000B4021690B431360116880235B000B43E0
:10AD18001360FEF74BFB05005E4B1B685B0506D412
:10AD2800FEF744FB401B0228F6D9032056E1594997
:10AD38004B685B4A13406269120213434B6094E705
:10AD4800544A13685B490B401360FEF72FFB05005C
:10AD5800504B1B685B0588D5FEF728FB401B022873
:10AD6800F6D903203AE14B4B1B6E9B0703D5A36929
:10AD7800002B00D13AE123685B0700D4A2E0454BE1
:10AD88009A6838231340202B45D0424BDB6BDB00FD
:10AD98004AD4404BDA6B802149050A43DA63DB6BFE
:10ADA8000B400193019B0125434B1B68DB053DD5F7
:10ADB800A368012B4ED0052B52D0364BDA6D0121FA
:10ADC8008A43DA65DA6D03318A43DA65A368002BB2
:10ADD80050D0FEF7EBFA06002E4BDB6D9B076FD4C5
:10ADE800FEF7E4FA801B354B9842F5D90320F5E0CD
:10ADF800284A136E01218B431366FEF7D7FA050024
:10AE0800244B1B6E9B07B6D5FEF7D0FA401B0228D1
:10AE1800F6D90320E2E01F4BDB6D9B0752D5A368F0
:10AE2800002B4FD10120D9E00025BDE7224A116847
:10AE380080235B000B431360FEF7B8FA06001E4B35
:10AE48001B68DB05B4D4FEF7B1FA801B0228F6D9DB
:10AE58000320C3E00F4AD36D01210B43D365B5E747
:10AE68000C4BDA6D04210A43DA65DA6D03390A43BB
:10AE7800DA65ABE7FEF79AFA0600064BDB6D9B072F
:10AE88001ED5FEF793FA801B0C4B9842F5D9032088
:10AE9800A4E0C04600100240FFFFFEFFFFFFFBFFDB
:10AEA800FF80FFFFFFC7FFFF0024F4000800002019
:10AEB80010000020FFFEFFFF007000408813000014
:10AEC800012D1ED0E369002B00D191E04F4A916813
:10AED80038220A40102A5ED0022B18D04B4A136839
:10AEE8004B490B401360FEF761FA0400474B1B689F
:10AEF8009B0149D5FEF75AFA001B0228F6D9032010
:10AF08006CE0424AD36B43490B40D363DAE73F4ACC
:10AF180013683F490B401360FEF748FA05003B4BA6
:10AF28001B689B0106D5FEF741FA401B0228F6D99B
:10AF3800032053E0354AD36837491940236A606AC9
:10AF48000343A06A00020343E06A0343206B034300
:10AF58000B43D360116880235B040B431360D168F3
:10AF680080235B050B43D360FEF720FA0400274BD0
:10AF78001B689B0106D4FEF719FA001B0228F6D9B4
:10AF880003202BE0002029E0204AD36823490B4006
:10AF9800D360002022E0012B2CD01C4BDA6803235D
:10AFA8001340216A8B4227D170231340616A8B4278
:10AFB80024D1FE21C9011140A36A1B0299421FD165
:10AFC800F8239B031340E16A8B421BD1520F5207AF
:10AFD800236B9A4218D1002000E0012002B070BD16
:10AFE8000120FBE70120F9E70120F7E70120F5E759
:10AFF8000020F3E70120F1E70120EFE70120EDE76A
:10B008000120EBE70120E9E70120E7E70010024013
:10B01800FFFFFFFEFFFFFFEF8C80C11FFCFFFEEF6D
:10B0280010B52A4B9B6838221A4207D1274B1A6859
:10B03800D20A072313402648D84010BD234B9A68EC
:10B0480038231340082B3BD0204B9A6838231340F1
:10B05800102B0DD01D4B9A6838231340202B31D06C
:10B068001A4B9A6838231340182B26D00020E4E79F
:10B07800164AD1680D3B0B40D268120907211140CE
:10B088000131032B0FD01248F5F736F80F4BDA6869
:10B09800120A7F23134058430C4BD968490F0131DA
:10B0A800F5F72AF8C9E70B48F5F726F8074BDA68E9
:10B0B800120A7F2313405843EEE7FA20C001BCE789
:10B0C8000448BAE780200002B7E7C04600100240F3
:10B0D8000024F40000127A0070B504000D00002866
:10B0E80000D1AAE0574B1A68072313408B4221D39B
:10B0F80023689A070ED55B0705D5534A9168E02364
:10B10800DB010B439360504A936850490B40A16898
:10B118000B4393602368DB0754D56368012B20D069
:10B12800022B3BD0002B3FD1474A126852051CD452
:10B1380001206AE0434A136807218B432B431360BD
:10B14800FEF734F906003F4B1A6807231340AB4259
:10B15800CED0FEF72BF9801B3D4A9042F3D903204D
:10B1680053E0394A1268920369D537498A6807203B
:10B17800824313438B60FEF719F90600324B9B6834
:10B1880038221A406368DB009A421BD0FEF70EF99A
:10B19800801B2F4B9842F1D9032036E02A4A1268C7
:10B1A8009201E2D4012030E0032B05D0264AD26D6B
:10B1B8009207DAD4012028E0234A126E9207D4D4E9
:10B1C800012022E01F4B1A6807231340AB421DD809
:10B1D80023685B0706D51C4A93681E490B40E16843
:10B1E8000B439360FFF71CFF174B9A68120A0F2353
:10B1F8001340194A9B009A581F231340D840174BF5
:10B208001860174B1868FEF785F870BD0D4A13686B
:10B2180007218B432B431360FEF7C8F80600094B40
:10B228001A6807231340AB42D2D0FEF7BFF8801B41
:10B23800074B9842F3D90320E7E70120E5E701200F
:10B24800E3E7C0460020024000100240FFF0FFFF85
:10B2580088130000FF8FFFFFE4D9000808000020D2
:10B2680010000020014B18687047C04608000020F5
:10B2780010B5FFF7F7FF064B9A68120B0723134028
:10B28800044A9B009A581F231340D84010BDC0465B
:10B2980000100240C4D90008F0B583B00400036868
:10B2A8009B0362D5534BDB6BDB001ED4514BDA6B2F
:10B2B800802149050A43DA63DB6B0B400193019B4C
:10B2C80001264D4A116880235B000B431360FEF78B
:10B2D8006DF80500484B1B68DB0508D4FEF766F8D7
:10B2E800401B0228F6D9032502E00026E9E70025DD
:10B2F800002D23D13F4BD96DC02292000B00134083
:10B30800114212D062699A420DD03A4AD36D3B4934
:10B318000B40D06D802149020143D165D16D384879
:10B328000140D165D365DB0710D4002D06D1314A21
:10B33800D36D32490B4061690B43D365012E15D19A
:10B348002C4AD36B2F490B40D3630FE0FEF72EF83E
:10B358000700284BDB6D9B07E7D4FEF727F8C01BD7
:10B36800294B9842F5D90325DFE700252368DB0739
:10B3780006D5204A536D03218B4361680B435365FF
:10B3880023689B0606D51B4A536D20490B40A168CC
:10B398000B43536523685B040BD5164A536D9B001A
:10B3A8009B0821690B43536522698023DB059A4278
:10B3B80011D023681B050BD50E4A536D14490B4059
:10B3C800E1680B435365E2688023DB019A4209D0A8
:10B3D800280003B0F0BD074AD16880235B020B4305
:10B3E800D360E6E7034AD16880235B020B43D3604E
:10B3F800EEE7C0460010024000700040FFFCFFFF6F
:10B40800FFFFFEFFFFFFFFEF88130000FFCFFFFFE6
:10B41800FF3FFFFF30B5056A036A012293430362C9
:10B4280042688369164C23400C681C4302239D43E1
:10B438008B682B43134DA84205D0134DA84202D068
:10B44800124DA84206D10825AB431D00CB682B43FB
:10B458000425AB430B4DA84205D00B4DA84202D0A2
:10B468000A4DA84205D10A4D2A404D6915438A69FB
:10B478002A43426084614A684263036230BDC04621
:10B488008CFFFEFF002C01400044014000480140B1
:10B49800FFFCFFFF30B5046A036A164A13400362D3
:10B4A8004268C369144D2B400D681D43134B1C4063
:10B4B8008B681B022343124CA04206D0114CA042B9
:10B4C8000AD0114CA0420FD106E0104C1C40CB68AA
:10B4D8001B0223430E4C23400E4C22404C6924018E
:10B4E80014438A69120122434260C5614A68C263F3
:10B4F800036230BDFFFEFFFF8CFFFEFFFFFDFFFF75
:10B50800002C01400044014000480140FFF7FFFFC4
:10B51800FFFBFFFFFFCFFFFF30B5046A036A114A44
:10B52800134003624568C3690F4A13400A68120250
:10B538001A430E4B1C408B681B0323430C4CA04240
:10B5480005D00C4CA04202D00B4CA04204D10B4CAD
:10B558002C404D69AD0125434560C2614A680264CB
:10B56800036230BDFFEFFFFFFF8CFFFEFFDFFFFF31
:10B57800002C01400044014000480140FFBFFFFF8C
:10B5880030B5046A036A114A134003624268436D86
:10B598000F4D2B400D681D430E4B1C408B681B0440
:10B5A80023430D4CA04205D00C4CA04202D00C4CB9
:10B5B800A04204D1054C14404A6912022243426059
:10B5C80045654A688265036230BDC046FFFFFEFFDD
:10B5D8008FFFFEFFFFFFFDFF002C014000440140EC
:10B5E8000048014030B5046A036A114A13400362F7
:10B5F8004568436D0F4A13400A6812021A430E4BFE
:10B608001C408B681B0523430C4CA04205D00C4CF6
:10B61800A04202D00B4CA04204D10B4C2C404D69E7
:10B62800AD022543456042654A68C265036230BD84
:10B63800FFFFEFFFFF8FFFFEFFFFDFFF002C014042
:10B648000044014000480140FFFFFBFF30B5036A9A
:10B65800046A0125AC4304628469EF35AC431201E6
:10B6680022430A24A3430B438261036230BD0000D6
:10B6780030B5036A046A1025AC4304628469054D39
:10B688002C4012032243A024A343090119438261D9
:10B69800016230BDFF0FFFFF8368034A13400B436D
:10B6A80007221343836070478FFFCFFF70477047AF
:10B6B800704770477047704770B505000368DE68CB
:10B6C8001C69A2070ED5B2070CD5032252421A6193
:10B6D8000123037703689B699B0757D0FFF7E9FFAE
:10B6E80000232B77630712D5730710D52B68052223
:10B6F80052421A6102232B772B689A69C0239B0058
:10B708001A4249D02800FFF7D4FF00232B772307DC
:10B7180010D533070ED52B68092252421A6104232B
:10B728002B772B68DB699B073DD02800FFF7C1FF0B
:10B7380000232B77E30612D5F30610D52B681122C8
:10B7480052421A6108232B772B68DA69C0239B00C1
:10B758001A422FD02800FFF7ACFF00232B77E3070E
:10B7680001D5F3072DD482239B011C4201D0330657
:10B778002FD4E30501D5330632D4630601D5730609
:10B7880035D4A40601D5B60639D470BDFFF790FFAD
:10B798002800FFF78FFFA3E72800FFF789FF28009D
:10B7A800FFF788FFB1E72800FFF782FF2800FFF7BF
:10B7B80081FFBDE72800FFF77BFF2800FFF77AFF2E
:10B7C800CBE72B68022252421A612800FFF76FFF6D
:10B7D800C9E72B680E4A1A61280000F030FBC8E759
:10B7E8002B680C4A1A61280000F02AFBC5E72B6871
:10B7F800412252421A612800FFF75DFFC1E72B681A
:10B80800212252421A61280000F018FBBDE7C04609
:10B818007FDFFFFFFFFEFFFF03681D4A904202D053
:10B828001C4A904203D1702293434A681343184A32
:10B8380090420BD0174A904208D0174A904205D040
:10B84800164A904202D0164A904203D1154A134034
:10B85800CA681343802293434A69134303608B6881
:10B86800C3620B6883620A4B984205D00B4B98421F
:10B8780002D00B4B984201D10B690363012343614A
:10B888000269134203D0036901229343036170479D
:10B89800002C01400004004000200040004401400A
:10B8A80000480140FFFCFFFF70B5041E2AD03D236D
:10B8B800C35C002B20D03D2502236355210001C91C
:10B8C800FFF7AAFF01234822A3540A3AA3540132DE
:10B8D800A3540132A3540132A3540132A3540132B8
:10B8E800A3540132A3540132A3540132A3540132A8
:10B8F800A3546355002070BD3C330022C254FDF7A9
:10B90800BDFBD8E70120F6E770B5041E2AD03D2319
:10B91800C35C002B20D03D2502236355210001C9BB
:10B92800FFF77AFF01234822A3540A3AA3540132AD
:10B93800A3540132A3540132A3540132A354013257
:10B94800A3540132A3540132A3540132A354013247
:10B95800A3546355002070BD3C330022C254FFF746
:10B96800A5FED8E70120F6E770B5026A036A10243D
:10B97800A343036245688369144C23400C6824027E
:10B988001C4320239A438B681B011343104A90429F
:10B9980006D0104A90420BD00F4A904210D107E0CF
:10B9A800802293431E00CB681B013343403A9343E4
:10B9B8000A4A15404A6992002A438D69AD00154329
:10B9C800456084614A688263036270BDFF8CFFFE34
:10B9D800002C01400044014000480140FFF3FFFFF4
:10B9E80070B504000D003C23C35C012B00D192E02C
:10B9F8003C230121C154142A00D987E09200474B07
:10BA08009B589F4600682900FFF704FD2268936948
:10BA180008210B4393612268936904398B4393612E
:10BA28002268936929690B43936100206FE00068DD
:10BA38002900FFF799FF2268916980231B010B43B6
:10BA480093612268936936490B40936121688B6939
:10BA58002A69120213438B61002058E0006829000C
:10BA6800FFF718FD2268D36908210B43D3612268C8
:10BA7800D36904398B43D3612268D36929690B439D
:10BA8800D361002043E000682900FFF745FD2268E4
:10BA9800D16980231B010B43D3612268D3692049F4
:10BAA8000B40D3612168CB692A6912021343CB6129
:10BAB80000202CE000682900FFF762FD2268536D22
:10BAC80008210B4353652268536D04398B43536532
:10BAD8002268536D29690B435365002017E00068FD
:10BAE8002900FFF77FFD2268516D80231B010B435E
:10BAF80053652268536D0A490B40536521684B6DA5
:10BB08002A69120213434B65002000E001203C2300
:10BB18000022E25470BD0220FCE7C0464CDA00085F
:10BB2800FFFBFFFF30B58468034D2C401B02134315
:10BB38000B432343836030BDFF00FFFF10B50400B3
:10BB48000B003C22825C012A00D177E03C220121D3
:10BB5800815401320131815401688A6838480240B1
:10BB68008A60196860294FD023D8402957D011D846
:10BB7800202904D00AD8002901D0102904D120682E
:10BB8800FFF78AFD00202AE0012028E03029F6D0BE
:10BB9800012024E050290AD15968DA682068FFF7A3
:10BBA80055FD20685021FFF777FD002017E00120A0
:10BBB80015E08022520191423CD0802292019142AC
:10BBC80014D0702938D199685A68DB682068FFF763
:10BBD800A9FF2268936877210B43936000203D23D7
:10BBE8000122E254013B0022E25410BD99685A68D0
:10BBF800DB682068FFF796FF226891688023DB01E5
:10BC08000B4393600020EAE75968DA682068FFF779
:10BC18002FFD20686021FFF73FFD0020DFE759680E
:10BC2800DA682068FFF712FD20684021FFF734FD2D
:10BC38000020D4E70020D2E70120D0E70220D4E793
:10BC48008800CEFF10B51F23194001248C40036AD9
:10BC5800A3430362036A8A401343036210BD0000D2
:10BC680010B50400102926D88B00514AD3589F4696
:10BC78003E23C35C013B5A1E9341DBB221E03F23C4
:10BC8800C35C013B5A1E9341DBB21AE04023C35CFC
:10BC9800013B5A1E9341DBB213E04123C35C013BD5
:10BCA8005A1E9341DBB20CE04223C35C013B5A1E8F
:10BCB8009341DBB205E04323E35C013B5A1E934109
:10BCC800DBB2002B6DD1102941D88B00394AD358EB
:10BCD8009F463E230222E2542268D368022003438F
:10BCE800D3600BE03F230222E2543AE040230222D1
:10BCF800E2542268D36808200343D36020680122F5
:10BD0800FFF7A0FF23682C4A934205D02B4A9342A1
:10BD180002D02B4A934204D1596C802212020A4362
:10BD28005A642368244A93422DD0264A93422AD043
:10BD38001A6801210A431A60002033E041230222D5
:10BD4800E25418E042230222E25401202AE043236D
:10BD58000222E2540829CCD00BD80029BCD00429EF
:10BD680005D12268D36804200343D360C6E70120C5
:10BD780018E00C2905D12268D36810200343D3604A
:10BD8800BCE701200EE09A680F490A40062A0AD04B
:10BD980007398A4209D01A6801210A431A6000202B
:10BDA80000E0012010BD0020FCE70020FAE7C046B3
:10BDB800A0DA0008E4DA0008002C01400044014041
:10BDC80000480140000400400700010030B53C2352
:10BDD800C35C012B29D03C230122C2540133013218
:10BDE800C254026853689568114CA24218D0702456
:10BDF800A3430C682343536003680D4A934202D05F
:10BE08000C4A934204D1802295438A682A439A6057
:10BE18003D230122C254013B0022C254002030BD00
:10BE2800054C23404C682343E1E70220F7E7C0466E
:10BE3800002C014000040040FFFF0FFF70477047CF
:10BE48007047000030B5EFF31084012282F31088A8
:10BE580001680B68124D2B400B6084F31088EFF3D8
:10BE6800108182F31088026893680E4C2340936017
:10BE780081F31088C36E012B06D08C232022C25078
:10BE88000023C366436730BDEFF3108183F3108846
:10BE9800026813681024A343136081F31088ECE749
:10BEA800DFFEFFFFFEFFFFEF10B58823C358212BED
:10BEB80000D010BD3533C35A002B17D1EFF3108CC7
:10BEC800012282F3108801680B688024A3430B6069
:10BED8008CF31088EFF3108182F3108802681368DE
:10BEE80040200343136081F31088E2E7036D1A785A
:10BEF80003689A62036D013303655622835A013B36
:10BF08009BB28352D5E710B58823C358212B00D0A4
:10BF180010BD3533C35A002B17D1EFF3108C012213
:10BF280082F3108801680B688024A3430B608CF3AC
:10BF38001088EFF3108182F310880268136840209C
:10BF48000343136081F31088E2E7036D1B880268DE
:10BF5800DB05DB0D9362036D023303655622835ABA
:10BF6800013B9BB28352D3E710B58823C358212BDA
:10BF780000D010BD4933C35A19E0EFF3108C0132D9
:10BF880082F3108801688B68144C23408B608CF313
:10BF98001088EFF3108182F310880268136840203C
:10BFA8000343136081F31088E3E7013B9BB2002B46
:10BFB800DFD05622825A002ADFD00168CA691206E9
:10BFC800F3D5026D12788A62026D0132026556213C
:10BFD800425A013A92B24252E7E7C046FFFF7FFF5A
:10BFE80010B58823C358212B00D010BD4933C35A3C
:10BFF80019E0EFF3108C013282F3108801688B6826
:10C00800154C23408B608CF31088EFF3108182F37A
:10C0180010880268136840200343136081F3108876
:10C02800E3E7013B9BB2002BDFD05622825A002A5D
:10C03800DFD00168CA691206F3D5026D1288D205ED
:10C04800D20D8A62026D023202655621425A013AC5
:10C0580092B24252E5E7C046FFFF7FFF10B5882342
:10C06800C358202B52D1002952D0002A52D08368BD
:10C0780080246401A34204D10469002C01D1CC07B7
:10C088004AD4016554214252023142520022826749
:10C098003A31425088326F398150416E8022920580
:10C0A800914213D080225201934229D01B4B8367BF
:10C0B800EFF31081012383F310880268136880204E
:10C0C8000343136081F31088002020E0802252018E
:10C0D80093420FD0124B8367EFF31081012383F350
:10C0E80010880268906880231B040343936081F3DF
:10C0F8001088E9E70369002BECD10A4B8367EBE76B
:10C108000369002BD2D1084B8367D1E7022010BD09
:10C118000120FCE70120FAE70120F8E7B1BE00089A
:10C1280071BF0008E9BF00080FBF000810B5EFF3A2
:10C138001081012383F31088026813684024A34305
:10C14800136081F3108888232022C250002383675C
:10C15800F9F70EFB10BD704710B5806A00235E2208
:10C168008352083A8352FFF7F6FF10BD704700006C
:10C17800F8B504000268D36910689168BB4D2B427A
:10C188000BD19D0611D5850601D4CD000DD5636F61
:10C19800002B2AD02000984727E0B54D0E002E40EE
:10C1A800294223D1B34D284220D1E56E012D00D17B
:10C1B800A4E0DD0202D54D0200D53CE11A0605D502
:10C1C800020600D53EE1090200D53BE15A0602D538
:10C1D800420600D53DE11A0202D5420000D53CE1F5
:10C1E800DB0102D5002800DA3BE1F8BDDD0707D501
:10C1F800C50505D501271762902562593A43625152
:10C208009A0709D5CA0707D52268022515628E350F
:10C21800625904273A4362515A0709D5CA0707D514
:10C228002268042515628C35625902273A43625107
:10C238001A070AD5820601D4002E06D022680826DD
:10C24800166290256259324362511A050AD5420195
:10C2580008D5226880252D0115629025625920266F
:10C26800324362519022A258002ABED09B0608D5BC
:10C27800800601D4C90004D5636F002B01D02000CB
:10C2880098479023E25823689B685B0602D42823CA
:10C2980013422CD02000FFF7D5FD23689B685B066E
:10C2A80021D5EFF31081012383F310882268936866
:10C2B80040208343936081F310888023E358002B48
:10C2C8000DD06D4A9A638023E058FDF715F90028D0
:10C2D80000D18AE78023E058836B984785E72000E0
:10C2E800FFF739FF81E72000FFF735FF7DE72000E2
:10C2F800FFF731FF90230022E25076E7DD0600D4F5
:10C3080057E7C50600D454E71023136223689B68D7
:10C318005B0655D58023E25813685B689BB2002BF7
:10C3280000D162E75C21615A994200D85DE75E213D
:10C33800635213681B689B060BD5022323675A3385
:10C34800E15A0233E35AC91A89B22000FFF70EFFF7
:10C358004BE7EFF31080012383F3108821680A6804
:10C36800464D2A400A6080F31088EFF3108083F36B
:10C37800108821688A689A438A6080F31088EFF3EE
:10C38800108083F3108821688A684235FF35AA43F4
:10C398008A6080F310888C222021A1500022E26656
:10C3A800EFF3108183F31088226813681020834309
:10C3B800136081F310888023E058FDF75DF8BCE72F
:10C3C8005C23E35A5E22A15A591A89B2A35A002B58
:10C3D80000D10AE7002900D107E7EFF31085012310
:10C3E80083F3108820680268254E3240026085F386
:10C3F8001088EFF3108583F3108820688268214E37
:10C408003240826085F310888C222020A0500022C0
:10C41800E2666267EFF3108083F31088226813687E
:10C428001025AB43136080F3108802232367200094
:10C43800FFF79CFED9E680235B031362200000F01F
:10C44800FBFDD2E6A36F002B00D1CEE62000984773
:10C45800CBE62000FFF76AFEC7E6200000F0EEFDFD
:10C46800C3E6200000F0E9FDBFE6C0460F08000063
:10C47800010000102001000461C10008FFFEFFFF59
:10C48800DFFEFFFFFEFFFFEF10B56023C35A8C22CB
:10C498008258222A05D00268936908210B439361C8
:10C4A80010BD0268526ADBB2816D13400B70836D58
:10C4B800013383655E22835A013B9BB28352835AC0
:10C4C800002BEDD1EFF3108C5D3A82F310880168F0
:10C4D8000B68214C23400B608CF31088EFF3108C11
:10C4E80082F3108801688B6893438B608CF3108803
:10C4F8008C231F32C25000234367036703685B68BD
:10C508001B020BD5EFF31081012383F31088026817
:10C518001368124C2340136081F31088C36E012BFB
:10C5280017D10023C366EFF31084013383F3108817
:10C5380001680B68102293430B6084F3108803682A
:10C54800D9690A4200D01A625C23C15AFFF70EFE6D
:10C55800A6E7F9F7EFF8A3E7DFFEFFFFFFFFFFFB12
:10C5680010B56023C25A2C33C358222B05D0026859
:10C57800936908210B43936110BD03685B6A816D61
:10C5880013400B80836D023383655E22835A013B1F
:10C598009BB28352835A002BEED1EFF3108C5D3A95
:10C5A80082F3108801680B68214C23400B608CF3E0
:10C5B8001088EFF3108C82F3108801688B6893431E
:10C5C8008B608CF310888C231F32C2500023436782
:10C5D800036703685B681B020BD5EFF31081012327
:10C5E80083F3108802681368124C2340136081F3A8
:10C5F8001088C36E012B17D10023C366EFF3108494
:10C60800013383F3108801680B68102293430B6091
:10C6180084F310880368D9690A4200D01A625C233F
:10C62800C15AFFF7A3FDA7E7F9F784F8A4E7C046C6
:10C63800DFFEFFFFFFFFFFFBF0B5CE46474680B5A4
:10C6480083B004006023C35A01930368DD691A6844
:10C6580090469A6891468C228258222A08D09A6974
:10C6680008210A439A6103B0C0BCB946B046F0BD80
:10C678006823C65A50E09023E358002B00D08AE084
:10C688005E23E35A002B47D1EFF31080012282F397
:10C69800108821680B68584F3B400B6080F3108866
:10C6A800EFF3108182F3108822689368534803409F
:10C6B800936081F310888C232022E2500023636763
:10C6C800236723685B681B020BD5EFF310810123F6
:10C6D80083F310882268136849480340136081F384
:10C6E8001088E36E012B5DD10023E366EFF3108021
:10C6F800013383F3108821680B68102293430B6081
:10C7080080F310882368D9690A4200D01A625C2332
:10C71800E15A2000FFF72AFD002E47D0AD0645D587
:10C7280023685B6A6A461279A16D13400B70A36D8A
:10C738000133A3655E22A35A013B9BB2A35223682F
:10C74800DD696A079CD0EA0708D54246D20505D5B7
:10C75800012119629022A3580B43A350AB070AD5B5
:10C768004B46DB0707D5236802221A628E32A3588C
:10C7780004210B43A3506B0700D47CE74B46DB072F
:10C7880000D478E7236804221A628C32A358022165
:10C798000B43A3506FE72000FFF7DDFC9023002236
:10C7A800E2506DE72000F8F7C5FFB5E75E23E35ACE
:10C7B8009AB2002B00D156E76823E35A934200D877
:10C7C80051E7EFF31080012282F3108821688B680B
:10C7D8000C4D2B408B6080F310880B4B6367EFF395
:10C7E800108182F3108822681368202003431360A5
:10C7F80081F3108837E7C046FFFEFFFFFEFFFFEF1B
:10C80800FFFFFFFBFFFFFFEF91C40008F8B5DE460E
:10C8180057464E464546E0B504006023C55A0368AE
:10C82800DF691A6890469A6891468C228258222AB3
:10C8380009D09A6908210A439A61F0BCBB46B246FE
:10C84800A946A046F8BD6823C65A53E09023E3588A
:10C85800002B00D08BE05E23E35A002B4AD1EFF384
:10C86800108001339B4683F3108821680B689A4631
:10C87800574B52461A400A6080F31088EFF3108134
:10C888008BF310882268936852480340936081F3C1
:10C8980010888C232022E2500023636723672368D3
:10C8A8005B681B020BD5EFF31081012383F310881B
:10C8B8002268136848480340136081F31088E36EC8
:10C8C800012B5BD10023E366EFF31080013383F380
:10C8D800108821680B68102293430B6080F310883E
:10C8E8002368D9690A4200D01A625C23E15A200001
:10C8F800FFF73CFC002E45D0BF0643D523685B6A92
:10C90800A26D2B401380A36D0233A3655E22A35A48
:10C91800013B9BB2A3522368DF697A079BD0FA07D1
:10C9280008D54246D20505D5012119629022A3589F
:10C938000B43A350BB070AD54B46DB0707D5236833
:10C9480002221A628E32A35804210B43A3507B079C
:10C9580000D47BE74B46DB0700D477E72368042243
:10C968001A628C32A35802210B43A3506EE72000B1
:10C97800FFF7F1FB90230022E2506CE72000F8F764
:10C98800D9FEB7E75E23E35A9AB2002B00D154E7E9
:10C998006823E35A934200D84FE7EFF3108001224F
:10C9A80082F3108821688B680C4D2B408B6080F3D4
:10C9B80010880B4B6367EFF3108182F310882268AD
:10C9C800136820200343136081F3108835E7C046BD
:10C9D800FFFEFFFFFEFFFFEFFFFFFFFBFFFFFFEF85
:10C9E80069C5000810B504008368026913434269E9
:10C9F8001343C269134301680A685A480240134343
:10CA08000B602268536858490B40E1680B43536038
:10CA1800A369226A1A4321688B6854480340134368
:10CA28008B602268D36A0F218B43616A0B43D36200
:10CA380023684F4A934211D04E4A93421FD0102385
:10CA4800E06980221202904223D0042B76D054D879
:10CA5800002B59D0022B4ED1474859E0474B5A6D0D
:10CA680003231340022B0CD005D8002B0BD0012B2D
:10CA78000BD10333E4E7032B09D10533E0E70023A7
:10CA8800DEE70223DCE70023DAE71023D8E71023E8
:10CA9800D6E7042B2CD007D8002B09D0022B01D1C4
:10CAA800354809E0012053E0082B05D001204FE06C
:10CAB800FEF7DEFB002844D0626A314B5200D15A9F
:10CAC800F3F71AFB400061684B08C018F3F714FB32
:10CAD8000200103A2B4B9A4235D882B20F239A4360
:10CAE8004008083B034013432268D36000202FE02E
:10CAF800FEF796FADEE701202AE0082B02D1802013
:10CB0800000205E0012023E0FEF7B2FB00281CD05C
:10CB1800626A1B4B5200D15AF3F7EEFA61684B0870
:10CB2800C018F3F7E9FA0200103A164B9A420ED8E9
:10CB380023680004000CD860002009E0FEF770FAB2
:10CB4800E4E7002004E0012002E0002000E00120EA
:10CB580001236A22A352023AA35200236367A36700
:10CB680010BDC046F369FFCFFFCFFFFFFFF4FF11F1
:10CB780000380140004400400024F4000010024046
:10CB880028DB0008EFFF0000836A1B0706D5026850
:10CB980053682C490B40816B0B435360836ADB0756
:10CBA80006D50268536828490B40C16A0B43536095
:10CBB800836A9B0706D50268536824490B40016BBA
:10CBC8000B435360836A5B0706D5026853682049A4
:10CBD8000B40416B0B435360836ADB0606D5026842
:10CBE80093681C490B40C16B0B439360836A9B0697
:10CBF80006D50268936818490B40016C0B43936093
:10CC0800836A5B060BD50268536814490B40416C74
:10CC18000B435360426C80235B039A420AD0836AB9
:10CC28001B0606D5026853680D490B40C16C0B43BF
:10CC380053607047026853680A490B40816C0B4384
:10CC48005360ECE7FF7FFFFFFFFFFDFFFFFFFEFFE5
:10CC5800FFFFFBFFFFEFFFFFFFDFFFFFFFFFEFFF20
:10CC6800FFFFF7FFFFFF9FFFF8B5CE46474680B5A9
:10CC780006000D0017009946089B98463368DC6942
:10CC88002C40641B63425C41BC4233D143460133B0
:10CC9800F4D0FCF78BFB4B46C01A40452FD84346CF
:10CCA800002B2ED0326813685B07E7D5802DE5D0BE
:10CCB800402DE3D0D3691B0710D4D3691B05DDD5FC
:10CCC80080231B0113623000FFF7BCF89023202259
:10CCD800F2500C3B0022F25403200CE008241462AA
:10CCE8003000FFF7AFF89023F4500C3B0022F254C9
:10CCF800012000E00020C0BCB946B046F8BD0320C2
:10CD0800F9E70320F7E7000030B583B0040090236B
:10CD18000022C250FCF74AFB050023681B681B076A
:10CD280010D423681B685B072BD420238822A350C8
:10CD38000432A3500023E3662367083AA354002073
:10CD480003B030BD8021234B0093030000228903E8
:10CD58002000FFF789FF0028E3D0EFF310810123BB
:10CD680083F310882268136880208343136081F35B
:10CD7800108888232022E250043B0022E2547D38A8
:10CD8800DEE78021134B00932B000022C90320000B
:10CD9800FFF76AFF0028C8D0EFF31080012282F362
:10CDA800108821680B680C4D2B400B6080F31088AD
:10CDB800EFF3108082F3108821688B6893438B60AF
:10CDC80080F310888C231F32E250083B0022E25483
:10CDD8000320B5E7FFFFFF01DFFEFFFF10B5816508
:10CDE8005C23C2520233C252002343678368802106
:10CDF80049018B4208D0002B15D10369002B0ED1B5
:10CE08006033FF21C15215E00369002B03D1603361
:10CE18004649C1520EE06023FF21C1520AE0602357
:10CE28007F21C15206E0802149058B4231D0602321
:10CE38000021C15290230021C150043B2231C1502E
:10CE4800EFF3108C012484F3108801688B68234366
:10CE58008B608CF31088416E80239B05994223D008
:10CE6800826880235B019A424CD0314B4367036947
:10CE7800002B4DD0EFF31081012383F31088026853
:10CE880010682033FF330343136081F310880020B8
:10CE980010BD0369002B03D160337F21C152C9E75C
:10CEA80060233F21C152C5E76823C35A9342D7D8AC
:10CEB800826880235B019A421ED01E4B4367036938
:10CEC800002B0BD0EFF31081012383F31088026845
:10CED8001468FF332343136081F31088EFF3108144
:10CEE800012383F310880268906880235B0503435D
:10CEF800936081F31088CAE70369002BDDD10E4BDC
:10CF08004367DCE70369002BAFD10C4B4367AEE7FF
:10CF1800EFF31081012383F310880268136820203F
:10CF28000343136081F31088B1E7C046FF01000096
:10CF380091C4000841C6000815C8000869C5000862
:10CF480070B58C23C358202B23D1002923D0002A65
:10CF580023D0846880235B019C4204D10369002BA1
:10CF680001D1CB071BD40023C36603685B681B028F
:10CF78000CD5EFF3108C012383F31088046825681F
:10CF88008023DB042B4323608CF31088FFF726FFF4
:10CF980000E0022070BD0120FCE70120FAE7012033
:10CFA800F8E70000F8B504000F0016001D0000287F
:10CFB8003BD08823C358002B2DD088232422E2504D
:10CFC8002268136801218B431360A36A002B28D1C0
:10CFD8002000FFF707FD01281CD0226891688023F4
:10CFE800DB010B4393602268936811490B403B4374
:10CFF800936076052D043543226813680D490B406C
:10D008002B4313602268136801210B43136020002F
:10D01800FFF77AFEF8BD84330022C254FCF718F9F2
:10D02800CBE72000FFF7B0FDD2E70120F2E7C046CA
:10D03800FF7FFFFFFFFF00FC70477047704703004A
:10D048008218934200D1704719700133F9E7000044
:10D05800014B18687047C0461400002070B50026C0
:10D068000C4C0D4D641BA410A64209D1002600F0FB
:10D07800E5FB0A4C0A4D641BA410A64205D170BDFD
:10D08800B300EB5898470136EEE7B300EB589847E2
:10D098000136F2E758DB000858DB00085CDB0008C3
:10D0A80058DB0008F8B504000D0000F065F922000F
:10D0B80006000F002B0020002900F5F7EFFD0028DF
:10D0C80015D10022002320002900F3F7C1F8002819
:10D0D8000DD00022002320002900F3F7A9F800282A
:10D0E80008D0FFF7B5FF22230026074F0360300062
:10D0F8003900F8BDFFF7ACFF21230360034800F0B7
:10D108002FF806000F00F2E70000F0FF40DB0008F0
:10D11800F8B504000D0000F029F8220006000F0001
:10D128002B0020002900F5F7B9FD002807D10022BF
:10D13800002320002900F3F781F8002802D13000ED
:10D148003900F8BDFFF784FF212300220360002384
:10D1580010001900F4F760FA06000F00EFE7C04668
:10D16800002001497047C0460000F87FF0B54546E9
:10D17800DE4657464E460B00E0B50D0079490400DF
:10D188000200080083B02840884200D1CEE0002D7C
:10D1980000DC86E02C1500D196E073491B0360186B
:10D1A80080211B0B49031943E40703D4D30F49001B
:10D1B80059185200431098465000D30F00224900D6
:10D1C800924680225B18002716219203BC189C42C5
:10D1D80002DCA7181B1B9244C40F5B0001391B1902
:10D1E800400052080029F1D10022934680220026EF
:10D1F800202412060AE0BB4276D05B00C10FC91892
:10D20800013C0B0040005208002C1AD09119BB4277
:10D21800F1DDB9468E18002903DAF543ED0FA9466A
:10D22800B944DB1B814200D9013B4F465B00401AE1
:10D23800C10FC918013C93440B0040005208002C50
:10D24800E4D101435DD0494F494B38687968994624
:10D258001A685B683D687E68F5F7E8F802000B001D
:10D2680028003100F2F7F4FF00284AD038687968BE
:10D278004B465D461A685B68013567D03C687D6837
:10D28800F3F7B0FD02000B0020002900F2F7D6FFEB
:10D298005D4600285ED002356B426B416C089A44AB
:10D2A80031E06E00760820002900264337D0002D93
:10D2B80045D1D10A153B52050029FAD080204003F8
:10D2C8001C000B00014248D1802500216D035B0042
:10D2D800080001312B42FAD0202516006D1AEE40C5
:10D2E8008A403343241A58E77B00814200D985E7F6
:10D2F80000238E1800299ADAF543ED0FA9464F440A
:10D3080095E75B465C081B4A5346944642465B10C9
:10D3180063441205D1185346DE072643300003B094
:10D32800F0BCBB46B246A946A046F0BD2000290085
:10D33800F4F7B4FD22002B00F3F754FDEFE7F5F7FF
:10D3480075F802000B00F4F767F9E8E701239C463B
:10D35800E244D8E701356C08D5E701204042241A99
:10D368001BE7C0460000F07F01FCFFFF50DB000810
:10D3780048DB00080000E03FF0B5CE464746802273
:10D3880080B504000D000B0083B0520391421CDAF3
:10D398004A005208024353D0002958DB0022304B80
:10D3A800F4F77CFD0D000B0036212E4A040049429B
:10D3B80093420EDD22002B0020002900F3F712FD16
:10D3C80003B0C0BCB946B046F0BD264A002193421E
:10D3D800F0DC254A1815944660444018C20F91465F
:10D3E8001B031B0B48449846F5F7B6FC4A461F4BEF
:10D3F80006009B1A42461B051A4315001C4B1D4A82
:10D408000F00F4F74BFD009001912000290000F077
:10D418003DF8194A194BF4F741FD009A019BF3F7BF
:10D42800E1FC174A04000D0030003900154BF4F7F1
:10D4380035FD02000B0020002900F3F7D3FCBFE7FD
:10D448000022002300201049F4F7E6F8B8E70200AC
:10D45800F4F7ECFF00220023F4F7DEF8B0E7C0464B
:10D4680000005043FFFFEF7F01FCFFFFFF030000B8
:10D47800F3FE593D362BF1110EE526157BCBDB3F2C
:10D4880000609F501344D33F000050C3F0B5D64608
:10D498004F4646468022C0B50B0086B052039142E3
:10D4A8007BDA4A005208024300D113E1002900DA6E
:10D4B80067E10022C44BF4F7F1FC3624C34A0B00A1
:10D4C800644293426DDCC24D1A15AC461B0362449C
:10D4D8001B0B984612198024BE4B64034344234017
:10D4E800BD4C45465C401B1599462543BA4B29005F
:10D4F80091440022F4F79AFF434602331B030600C7
:10D508000F0000221B0B022B55DC0023F2F790FEC4
:10D51800002800D0E5E0B14AB14B30003900F4F7FB
:10D52800BDFC02000B000020AE49F4F77FFF32007B
:10D5380004000D003B0030003900F4F7AFFC0B008D
:10D54800020029002000F4F7A9FC4B4604000D0056
:10D55800002B00D10EE14846F5F7FEFBA24AA34B8B
:10D5680000900191F4F79AFCA14A02900391009867
:10D578000199A04BF4F792FC02000B00200029004F
:10D58800F4F754FF32003B00F4F750FF02000B00A1
:10D5980002980399F4F74AFF07E08C4A0024934263
:10D5A80091DD02000B00F3F71DFC06B0E0BCBA46A3
:10D5B800B146A846F0BD8023DB05F3F713FC020053
:10D5C8000B0030003900F4F727F8040048460D0036
:10D5D800F5F7C2FB22002B000490059120002900DA
:10D5E80002940395F4F75AFC834B020043449A468D
:10D5F8000B0000900191F4F751FC04000D007F4AE4
:10D608007F4BF4F74BFC7F4A7F4BF3F7EBFB220091
:10D618002B00F4F743FC7D4A7D4BF3F7E3FB220034
:10D628002B00F4F73BFC7B4A7B4BF3F7DBFB009AC0
:10D63800019BF4F733FC794A00900191784B200064
:10D648002900F4F72BFC774A774BF3F7CBFB220042
:10D658002B00F4F723FC754A754BF3F7C3FB220044
:10D668002B00F4F71BFC0B00020000980199F3F75C
:10D67800B9FB0D0041466F4B04005B1A51460B4342
:10D68800002B49DD0022574B30003900F4F706FC27
:10D6980032003B00F4F702FC02000B0000900191FD
:10D6A80020002900F3F79EFB029A039BF4F7F6FB90
:10D6B8004B4604000D00002B6BD102000B000098B4
:10D6C8000199F4F7B3FE02000B0030003900F4F7BB
:10D6D800ADFE6AE70022002300205749F3F79CFFBC
:10D6E80063E74B46002B6BD04846F5F735FB3E4ABF
:10D6F8003E4B04000D00F4F7D1FB3D4A06000F0035
:10D70800200029003B4BF4F7C9FB02000B00300056
:10D718003900F3F767FB48E722002B003000390097
:10D72800F4F784FE029A039BF4F7B8FB4B46040017
:10D738000D00002B1ED0049805992B4A2B4BF4F7AB
:10D74800ADFB2B4A0090019104980599294BF4F7F9
:10D75800A5FB02000B0020002900F4F767FE320049
:10D768003B00F4F763FE02000B0000980199F4F700
:10D778005DFE1AE722002B0030003900F4F756FE50
:10D7880013E70200F4F752FE00220023F3F744FFE8
:10D798000BE7154A154B04980599F4F77FFB144AD3
:10D7A8000290039104980599124BF4F777FB220035
:10D7B8002B00F3F717FB02000B0000980199DFE636
:10D7C80000200021F1E6C04600005043FFFFEF7F34
:10D7D80001FCFFFF645F09000000F03F55555555F7
:10D7E8005555D53F0000E03F0000E0FE422EE63FE1
:10D7F800763C7935EF39EA3D86EBF9FF44523EDF56
:10D8080012F1C23FDE03CB966446C73F5993229478
:10D818002449D23F935555555555E53F9FC678D075
:10D82800099AC33FAF788E1DC571CC3F04FA97990A
:10D838009999D93F51B80600000050C3F8B5C046C1
:10D84800F8BC08BC9E467047F8B5C046F8BC08BC92
:10D858009E4670470000000001B40248844601BC9F
:08D86800604700BF65000020CD
:10D87000C2040008EE030008D8030008540400089E
:10D88000D803000888040008D803000854040008DE
:10D89000EE030008EE0300088804000854040008A2
:10D8A000C4030008C4030008C4030008920400086D
:10D8B000EE030008EE030008D80300082E05000858
:10D8C000D803000888040008D80300082E050008C3
:10D8D000EE030008EE030008880400082E05000887
:10D8E000C4030008C4030008C4030008AC180008FF
:10D8F00060170008D816000802170008D81600089C
:10D9000044180008D816000802170008601700081D
:10D91000601700084418000802170008FA160008EB
:10D92000FA160008FA160008661800087059000870
:10D9300070590008D859000870590008C6590008E5
:10D94000705900087059000870590008B45900084F
:10D950007059000870590008705900087059000883
:10D96000705900087059000870590008A259000841
:10D970007059000870590008705900087059000863
:10D980007059000870590008705900087059000853
:10D990007059000870590008705900087059000843
:10D9A0007059000870590008705900089059000813
:10D9B000000103040506070C0D0F121314151617AA
:10D9C00018191A1B000000000000000000000000F1
:10D9D0000000000001000000020000000300000041
:10D9E0000400000000000000000000000000000033
:10D9F0000000000000000000000000000000000027
:10DA00000000000001000000020000000300000010
:10DA100004000000060000000700000008000000ED
:10DA20000900000074A0000844A100087EA00008BE
:10DA30007EA000087EA000087EA000087EA000084E
:10DA400050A1000874A0000844A100080CBA000806
:10DA500014BB000814BB000814BB000836BA000849
:10DA600014BB000814BB000814BB000864BA00080B
:10DA700014BB000814BB000814BB00088EBA0008D1
:10DA800014BB000814BB000814BB0008BCBA000893
:10DA900014BB000814BB000814BB0008E6BA000859
:10DAA00078BC0008BEBC0008BEBC0008BEBC0008B4
:10DAB00086BC0008BEBC0008BEBC0008BEBC000896
:10DAC00094BC0008BEBC0008BEBC0008BEBC000878
:10DAD000A2BC0008BEBC0008BEBC0008BEBC00085A
:10DAE000B0BC0008DABC000856BD000856BD0008EE
:10DAF00056BD0008ECBC000856BD000856BD000825
:10DB000056BD0008F4BC000856BD000856BD00080C
:10DB100056BD000844BD000856BD000856BD0008AB
:10DB200056BD00084CBD00080100020004000600BC
:10DB300008000A000C0010002000400080000001D6
:10DB4000000000000000000059F3F8C21F6EA5019C
:08DB5000000000000000F03F9E
:04DB5800E1000008E0
:04DB5C00B900000804
:10DB6000000000000000F03F0024F400010000006D
:10DB7000040000001800002000000000EC06002057
:10DB800054070020BC070020000000000000000037
:10DB90000000000000000000000000000000000085
:10DBA0000000000000000000000000000000000075
:10DBB0000000000000000000000000000000000065
:10DBC0000000000010B50C4A54698023DB02234397
:10DBD0005361EFF3108472B6002303E004C904C05C
:10DBE0000133DBB23F2BF9D9034B1B69DB03FBD4B9
:0CDBF00084F3108810BDC04600200240E5
:04000005080092C994
:00000001FF
