:020000040800F2
:1000000000200020E9540008395200083B52000843
:1000100000000000000000000000000000000000E0
:100020000000000000000000000000003D52000839
:1000300000000000000000003F520008415200088C
:1000400039550008000000003955000839550008EE
:100050003955000839550008395500083955000848
:1000600000000000395500083955000839550008CE
:1000700039550008395500083955000800000000BE
:100080007D52000800000000000000003955000803
:100090000000000039550008395500088D5200084D
:1000A00039550008395500083955000839550008F8
:0800B000AD5200080000000041
:1000B80010B5064C2378002B07D1054B002B02D036
:1000C800044800E000BF0123237010BDA8000020F1
:1000D80000000000688F0008044B10B5002B03D007
:1000E8000349044800E000BF10BDC04600000000FE
:1000F800AC000020688F000802B471464908490026
:10010800095C49008E4402BC7047C046002243087F
:100118008B4274D303098B425FD3030A8B4244D3C7
:10012800030B8B4228D3030C8B420DD3FF22090209
:1001380012BA030C8B4202D31212090265D0030BC8
:100148008B4219D300E0090AC30B8B4201D3CB03BE
:10015800C01A5241830B8B4201D38B03C01A524100
:10016800430B8B4201D34B03C01A5241030B8B4202
:1001780001D30B03C01A5241C30A8B4201D3CB02ED
:10018800C01A5241830A8B4201D38B02C01A5241D2
:10019800430A8B4201D34B02C01A5241030A8B42D5
:1001A80001D30B02C01A5241CDD2C3098B4201D3ED
:1001B800CB01C01A524183098B4201D38B01C01A6B
:1001C800524143098B4201D34B01C01A52410309E2
:1001D8008B4201D30B01C01A5241C3088B4201D391
:1001E800CB00C01A524183088B4201D38B00C01A3E
:1001F800524143088B4201D34B00C01A5241411A65
:1002080000D20146524110467047FFE701B5002071
:1002180000F006F802BDC0460029F7D076E770471F
:100228007047C0468446100062468C4619006346F3
:1002380000E0C0461FB501F065FC002801D400218C
:10024800C8421FBD10B501F0A5FB4042013010BDEA
:1002580010B501F057FC002801DB002010BD01207B
:1002680010BDC04610B501F04DFC002801DD00208E
:1002780010BD012010BDC04610B501F0CFFB00280D
:1002880001DC002010BD012010BDC04610B501F0F2
:10029800C5FB002801DA002010BD012010BDC046B2
:1002A8009E2110B5C905041C02F080FC002803D16A
:1002B800201C00F043FC10BD9E21201CC90500F045
:1002C80099FA00F03BFC80231B069C466044F2E749
:1002D80070B500220C4B04000D00FFF7D7FF002873
:1002E80004D12000290002F005FB70BD064B002256
:1002F8002000290001F040FF02F0FCFA80231B06D1
:100308009C466044F1E7C0460000E04170B5060035
:10031800080002F02BFB0022064B01F065FC0D00E3
:100328000400300002F022FB2B00220000F0B4FC95
:1003380070BDC0460000F041F0B54F464646D6466F
:100348004402C0B547000E1C640A3F0EC50F002FBB
:100358003CD0FF2F42D00023802299469A46E400E1
:10036800D20414437F3F73025B0A984673001B0E46
:10037800F60F002B1BD0FF2B13D042468021D20052
:10038800C9041143884600207F3B2900FF1A4B46C9
:100398007140C9B20F2B00D9B5E0744A9B00D358FD
:1003A8009F464346002B3FD1FF3F023303E04346BD
:1003B800002B2DD1012329004A467140C9B21A43A6
:1003C8000E2A38D86A48920082589746002C13D1D2
:1003D80004239946033B00279A46C4E7002C05D11D
:1003E80008239946063BFF279A46BCE70C23994603
:1003F800093BFF279A46B6E7200002F0E1FB762783
:10040800431F9C4000237F4299469A463F1AAAE719
:10041800404602F0D5FB4246431F9A4076235B4292
:100428001B1A90460020B0E703234A461A43914618
:100438000320FC33A9E70D00FF200022C005ED07CB
:1004480010432843E0BCBA46B146A846F0BD0D00AB
:1004580000200022F2E75346022BEDD0032B33D0C5
:10046800A046012B05D100200022E7E7350003282C
:100478007AD03B007F33002B2DDD4246520707D050
:100488000F2241460A40042A02D004229446E0443E
:100498004246120105D54246364B1A403B0090466B
:1004A8008033FE2BC8DC42469201520AD8B2C5E717
:1004B80080220025FF20D203C0E78022D203144205
:1004C80002D04346134249D08022D203224352022B
:1004D800FF20520AB2E70122D31A1B2BC3DC424683
:1004E800DA4043469E37BB40591E8B411A43530797
:1004F80004D00F231340042B00D00432530129D514
:10050800012000229AE7424663015501AB4215D209
:100518001B200022013F01261C0052005B00002C1A
:1005280001DB9D4201D85B1B324301380028F3D11F
:10053800581E8341134398460D009AE71A2001225A
:100548005B1BE8E7023B5A4253415B4235000022FD
:10055800D8B273E792010020520A6FE71A43520299
:100568003500FF20520A69E74446ADE7908F00083E
:10057800D08F0008FFFFFFF7F0B54F464646D64636
:1005880043025B0A4500C0B599460F1C2D0EC60FE5
:10059800002D00D188E0FF2D00D18DE08022DB0006
:1005A800D2041A430023914698469A467F3D7C021E
:1005B8007B00640A1B0EFF0F002B68D0FF2B21D095
:1005C8008022E400D204144342467F3B5B19002199
:1005D8005D1C0A2A2EDC7E404246022A23DC013AB0
:1005E800012A00D9BDE002296ED001292CD10020B2
:1005F8000022C005F60710433043E0BCBA46B146B6
:10060800A846F0BD2B00FF33002C65D003224146DD
:1006180011433200013588467A40FF350A2900DD4A
:10062800D8E016000321404601228240A620C000DF
:10063800024220D05346022B46D0032B00D1BBE008
:1006480051464C460129D2D02B007F33002B70DD58
:10065800620704D00F222240042A00D00434220169
:1006680003D5634B1C402B008033FE2B2CDCA201EE
:10067800520AD8B2BDE790208000024227D1B9388B
:10068800FF3810426DD03E00A1468A46D2E7002CC2
:1006980041D1012342461A4390462B00424601218C
:1006A8005D1C0A2A97DDC5E7002B26D1042398464E
:1006B800033B00259A467AE7002B18D10823984671
:1006C800063BFF259A4672E7FF20002291E7802229
:1006D8000026FF20D2038CE7414602220135114350
:1006E8008846FF350A29A5DC02217E4074E70C23E1
:1006F8009846093BFF259A4659E7180002F060FA28
:100708004A46431F76259A4000236D4291469846F3
:100718009A462D1A4BE7200002F052FA4246431F30
:100728009C402B1A763B00215D1C0A2A00DC52E70C
:1007380080E70122D31A1B2B00DD58E79E352200E3
:10074800AC40DA40631E9C412243530704D00F2378
:100758001340042B00D00432530137D50120002266
:1007680047E7210C4A462404240C2700100C1204E5
:10077800120C44435743484351433A0C0919521841
:10078800944203D9802149028C4660443F041104F5
:100798003F0CC9198C01671EBC41120C890E121836
:1007A8000C439201144312010ED5012362081C4028
:1007B800144349E73E00A14680224B46D2031A4320
:1007C8005202FF20520A14E71D003DE79201002063
:1007D800520A0EE70F29EDD180224B46D20313426D
:1007E800EAD01442E8D13E00FF20224301E7C04688
:1007F800FFFFFFF7F8B54746CE464E0243024500D5
:10080800720AC40F480080B594465F0A2D0E9B09F2
:10081800000EC90FB609FF2824D0012251402A1A18
:100828008C420FD0002A00DC6AE1002835D1002E66
:1008380000D1A2E0511E012A00D124E1FF2A21D0D3
:100848000A002FE0002A00DC67E100285ED0FF2DB7
:1008580018D08021C9040E431B2A00DC76E02A0048
:10086800013332E02A00FF3A9146002E42D08C42F2
:1008780055D04A46002A00D19CE0002D00D177E0EF
:100888000C003300DB08002B00D16EE08022D2037D
:1008980013435B02FF205B0A24E0FF2DF2D0802186
:1008A800C9040E4301211B2A08DC31002020D14055
:1008B800821A96403200501E824111435B1A5A0137
:1008C80060D407212A00194057D00F211940042964
:1008D80000D00433590150D5501CFE2A45D09B0145
:1008E800C0B25B0AC0051843E4072043C0BCB94640
:1008F800B046F8BD012251408C42BAD14A46002A7E
:1009080010D0002D00D198E00023BBE7002E34D092
:10091800511E012A6ED0FF2AB4D00A009CE7002A93
:1009280000D088E0FE206A1C104200D092E0002D22
:1009380000D0A4E0002B00D1CBE0002E00D0CAE00C
:100948000022DB085B025B0AD0B2CBE73100202033
:10095800D140821A96403200501E82410A439B18A9
:100968005A01AED56A1CFE2D4AD1FF200023B9E7F3
:10097800FF22002B4BD10C003300DB08FF2A00D1EB
:1009880081E7DFE79F01BF09380002F019F9053850
:100998008740854221DC3B002021421B0132D340A5
:1009A8008A1A97407A1E974100223B43590700D084
:1009B8008BE78FE7FE206A1C104212D1002D52D11E
:1009C800002B7CD0002EBBD09A1B500100D48BE0AA
:1009D80001240022F31A0C40E8E7564B2A1A3B4040
:1009E800E4E79F1B7A0146D4002FCDD100240020D4
:1009F800002377E79B1901250132590100D460E7EC
:100A080001214D4819405B0803400B43CEE7571EB0
:100A1800012A5AD00C00FF2A33D001221B2F07DCF1
:100A28002021C91B1A008B40FA40591E8B411A43DA
:100A38000500B31A43E7002D23D1FF22002B9BD0DA
:100A4800511E012AD6D0FF2A1BD01B292CDD0200FB
:100A5800731C3AE7FF2A88D09B195B08590700D016
:100A680033E7DB086EE7002B10D1002E43D00124BA
:100A780033000C4006E70124F71A0C4084E7002BEA
:100A880004D13300FEE601259B1B18E7002E00D198
:100A9800F8E68022D203974204D3944502D2012477
:100AA80033000C40DB08F1E61A002025CA40691A19
:100AB8008B40591E8B41134305009B1950E7002EAC
:100AC80094D0012433000C403AE70C000125F31AB6
:100AD800F5E6330034E79B1900225901C1D5154AC0
:100AE8001340DB0801222DE7002A00D17EE713001E
:100AF8000022DB0826E780230024FF20DB03F1E641
:100B0800002A00D156E7471B3A00002D00D130E7F4
:100B18008022D2040C0013437FE7002A00D101E7AA
:100B2800411B002D01D10A0088E78022D20413431B
:100B38008BE7C046FFFFFFFBFFFFFF7D410242003E
:100B4800C30F490A0020120E7E2A03DD9D2A02DD0A
:100B5800094A98187047802000040143952A07DC49
:100B68009620821AD1404842002BF3D10800F1E7C1
:100B7800963A9140F7E7C046FFFFFF7F70B500281F
:100B880013D0C317C5185D40C40F280002F018F829
:100B98009E2301001B1A962B0FDC082834D0083935
:100BA8008D406D026D0AD8B202E0002400200025B5
:100BB800C0052843E407204370BD992B16DC421F6B
:100BC800052800D095402A00114802406E0709D038
:100BD8000F263540042D05D00432550102D59F2338
:100BE80002405B1A9201550AD8B2E1E70522121AAF
:100BF8002800D040020008001B3085402800451E10
:100C0800A84102431500DEE76D0296206D0ACFE782
:100C1800FFFFFFFB70B5041E0ED001F0D1FF9E232D
:100C280001001B1A962B0CDC08282FD008398C40A1
:100C38006402640AD8B201E000200024C005204301
:100C480070BD992B16DC421F052800D09440220065
:100C580010480240650709D00F252C40042C05D008
:100C68000432540102D59F2302405B1A9201540AB0
:100C7800D8B2E3E7020020001B3290400200501E69
:100C880082410520401AC4401443E0E764029620DC
:100C9800640AD3E7FFFFFFFBF0B557464E464546CB
:100CA800DE46E0B583B0009001910C034F00CE0FF3
:100CB800610A009C1D03640F0C4300990092019384
:100CC800C80059004B0D9946009A019B6D0AD90F2F
:100CD800530F2B439A46009B7F0DDA0094464A46F1
:100CE800B046BA1A8E4200D1B0E0002A00DC78E0A3
:100CF8004946002900D1E9E0C9498F4200D195E170
:100D08000125382A16DC8021534609040B439A46EC
:100D18001F2A00DDE7E1202155468B1A61469D40D8
:100D2800D1400D43614699404B1E99415346D340EB
:100D38000D43E41A451BA84280414042241A23026D
:100D480000D40FE16402640A002C00D139E12000CC
:100D580001F036FF0300083B20212800CA1AD040C2
:100D68009C4002009D4022439F4200DD73E1D81B56
:100D78000130091A2C008D40C4406B1E9D411300A0
:100D8800C2408B402543002714001D436B0709D040
:100D98000F232B40042B05D02B1DAB42AD416D42D8
:100DA80064191D00230200D42DE19D4A01379742A2
:100DB80000D1D3E046469B49ED0821404A072A4323
:100DC8007C054D022D0B640D24052C43F607344396
:100DD8001000210003B0F0BCBB46B246A946A046AD
:100DE800F0BD002A00D184E04A46D21B002F00D073
:100DF8006DE12500054300D127E1561E012A00D1E7
:100E08003BE2874DAA4200D16AE20125382E12DC66
:100E180032001F2A00DDF8E120262500B61A070057
:100E28005346B040D440B540D740461EB0411B1B86
:100E38009A463D4305436246551BAC45924153468D
:100E480052420E004F4688469C1A78E7002A00DC7A
:100E58008EE04946002975D161465346194300D1B1
:100E6800F6E0511E012A00D191E16D4DAA4200D150
:100E7800DCE00125382914DC0A001F2A00DDA2E184
:100E880020215346891A8B401D006346D3401D43D9
:100E980063468B4019004B1E99415346D3400D437E
:100EA800E4182D188542804140422418230259D560
:100EB8005B4B01379F4251D001215A4B6A081C40B5
:100EC80029400A43E507154364085FE7614653462E
:100ED800194300D1BCE0511E012A00D164E1504DF4
:100EE800AA4200D16AE10125382900DD22E70A007B
:100EF8000EE74D4A7D1C154200D0D0E02500624621
:100F0800534605431A43002F00D037E1002D00D186
:100F1800A8E1002A00D16AE16346C51A5346E21ADD
:100F2800A8429B415B42D31A1A0200D403E26346EB
:100F38001D1AAC459241534652421C1B0E0088466E
:100F4800A41A23E736498F4270D00125382AA8DC35
:100F58008021534609040B439A468EE73C0000253E
:100F6800002231E707232B40002B00D010E793E045
:100F7800002A74D04A46D21B002F00D1C7E0284966
:100F8800894500D185E10125382A12DC8021090430
:100F98000C431F2A00DDABE120212500891A070038
:100FA80088408D40D740411E8841D4403D43054389
:100FB800A2446544654592415242524414004F464A
:100FC80074E7280001F0FCFD030018331F2B00DC38
:100FD800C2E62A00083882409F4200DDA9E0DB1BF8
:100FE800581C1F2800DCACE115001F3BDD40202801
:100FF80005D040231B1A9A40531E9A4115430723D4
:1010080000272B40B0E7ED08054B62072A43E408A8
:101018009F420FD02403250B7C05640DD4E6C046FF
:10102800FF070000FFFF7FFFFE070000C008620700
:101038000243E4081300234300D186E180252D03F1
:1010480025432D03C34C2D0BBEE6604654460E00C7
:101058001700C508D8E7C04CFF1A144096E6BF4AE7
:10106800791C11426BD122000243002F00D0DBE033
:10107800002A00D12DE1624653461A4300D1B6E05A
:101088006346C518854280415444404224182302CF
:1010980002D50F00B04B1C403A002800D8E7624642
:1010A800851AA8429241534652429146E31A1A00C1
:1010B8004B46D21A130091461A0254D44A464C465B
:1010C8002A4300D040E60026002400257CE6A14DF6
:1010D800A94500D190E00125382A00DDABE680253E
:1010E8002D042C4395E6110055462039CD40A946DC
:1010F800202A06D0402153468A1A934062461A4352
:10110800944665466B1E9D414B461D4312E62100E1
:10111800014300D1C4E0511E012A00D1FBE08D4DEE
:10112800AA4200D1B5E00125382900DD41E70A00CF
:101138002FE7894CFF1A14406207E4086AE7854ADA
:10114800914200D1E3E06346C21882428041230005
:10115800404253441B18DD075C0807235208154317
:101168000F002B4000E763461D1AAC4592415346D9
:1011780052421C1B0E008846A41AE5E5002D00D03B
:1011880091E0002A38D180240026240356E76346DC
:10119800C51885428041544440422418012723023F
:1011A80000D4DFE6022787E66346C51AA8428041D5
:1011B80053464042E41A0127241AC0E56207C008D2
:1011C8000243E40836E7110053462039CB409946DC
:1011D800202A06D0402153468A1A934062461A4371
:1011E800944665466B1E9D414B461D4359E6620772
:1011F800C0080243E4080DE753465A076346D80877
:1012080053460E000243DC0814E715002600203D73
:10121800EE40202A03D04025AA1A94402043421EBB
:1012280090410500354306E6002A7CD062465346C5
:10123800C0081A4300D1FAE6620710438022E40886
:101248001203144208D0D908114205D16346D808C0
:1012580053460C005B071843420FC000C0085207F2
:101268000243E7E6002A00D12DE76346D808534633
:101278005A070E000243DC08CCE663461D1AAC454B
:101288009241534652421C1B0E008846A41A01374D
:1012980055E56346D90853465A070A43DC08C9E6A8
:1012A80060465446D4E6C008002A00D1BFE662076B
:1012B80010438022E40812031442CDD0DD08154201
:1012C800CAD16346D80853465B070E002C00184362
:1012D800C2E76346D90853465A070A43DC0899E629
:1012E8006346D80853465A070E000243DC08A1E6B5
:1012F800110027002039CF40202A03D040218A1A24
:1013080094402043421E904105003D4351E60C00A5
:101318000025002258E560446045924154445242F9
:101328000500A4183AE753465A076346D9085346B6
:101338000A43DC087EE61A001C002A4300D0ABE60C
:10134800C1E620210025091A19E500220025014CD3
:101358003AE5C046FF070000FFFF7FFFFE070000D9
:10136800F0B5DE46454657464E46E0B587B0009292
:1013780001930B031B0B9B46CA0F4B0004008046CE
:101388005B0D029200D16AE1D44A934200D18CE10C
:101398005946420FC9000A43802109041143C2007B
:1013A8009046CF4A894692469A44002300240393E4
:1013B800009E019F3B031B0B9B467B0030005B0D8F
:1013C800FD0F002B00D128E1C44A934200D177E1F8
:1013D8005946720FC9000A438021090411438B46FC
:1013E800BF49F2008C4651466344CB1A9A46002303
:1013F800029E6E400F2C27D8BA49A40009598F467F
:10140800CB464246029E039B022B16D0032B00D1EB
:10141800A6E2012B00D0DFE0002200230024904642
:101428001B052343F60733434046190007B0F0BCB9
:10143800BB46B246A946A046F0BD0022002490460D
:10144800A64BEDE72E00DFE7CB4500D2D4E100D173
:10145800CFE101235B429C46444648460027E244CC
:101468005B46150E1B021D43190C2B041202009536
:101478001D0C914602910395FEF7CEFE02006A43C9
:101488000B04210C804619438A4209D9009D012387
:10149800AC465B4261449C46E0448D4200D8FBE187
:1014A800881A0299FEF7B8FE039A240442430904F5
:1014B800240C03000C43A24206D90099013B8C4638
:1014C8006444A14200D8E1E1A01A424612041A433A
:1014D80093464B4659461B0C1D0004930B04494682
:1014E8000904090C0C001B0C5C43120C6B43884666
:1014F80051436A43250CAC465B186344994203D9AF
:10150800802149028C466244190C24041B04240CD3
:101518008A181C19904202D316D1A74214D25B46EE
:10152800009D013B4F4405934F459B41AC465B42B0
:101538006344C018854200D3A1E1824200D9F6E194
:1015480000D1F1E1059B9B463C1BA742BF41009D92
:10155800801A7F42C01B854200D1D0E10299FEF774
:101568005BFE039A0B044243210C070019438A428D
:1015780000D978E1881A0299FEF74EFE039A2404EE
:1015880042430904240C03000C43A24200D95DE144
:101598004146A41A3A041A43049D13041B0C5943E8
:1015A80047466B439C46100C47430B0CBC446344B2
:1015B80068439F4203D980256D02AC4660441F0CE6
:1015C80009041B04090C3F185B18BC4200D202E155
:1015D80000D1FDE001231A43434B5344002B00DCA8
:1015E800AEE0510700D098E15946C90106D55946E1
:1015F8003E4B194080238B46DB0053443C498B42C9
:1016080000DD1AE75946D208490711435A465B05D7
:1016180054028846240B5B0D02E75A46009B1A4386
:1016280000D17EE05B46002B00D100E1584601F076
:10163800C7FA020003000B3A1D27009EBA1A1900C8
:101648005846D64008398840320002439346009AEB
:101658008A40284953448A469A440023C8E65B4690
:101668000343994656D05B46002B00D1CDE058463F
:1016780001F0A6FA0B235B429C46020084446646AE
:101688001D239B1B260011005846DE400839884060
:1016980033000343994623008B409846164B002499
:1016A8009B1A9A460023039382E65A4602439146C0
:1016B8002AD100229A46022390460824039377E60B
:1016C8005A46009B1A430D4B9C46E244002A17D108
:1016D80002231C4300239B46023389E6FF070000D0
:1016E80001FCFFFF0C900008FF030000FFFFFFFE56
:1016F800FE070000F30300000DFCFFFF01F8FFFFE9
:10170800032332001C4373E69A460323D9460C246C
:1017180003934DE6002398469A4601330424039325
:1017280046E601231C4300239B46013360E6002361
:10173800802498460026924B240371E601225242E7
:101748000121C91A382900DD66E61F2900DCABE053
:101758001F204042C31A5846D8400300202904D00D
:1017680058468849514488400243511E8A411A43C9
:10177800072319000024114013420CD00F231340F3
:10178800042B00D1F9E0111D91429B410A005B42F4
:1017980059075B021C0BD2080A43904600233FE618
:1017A80080244B462403234209D05B46234206D1BA
:1017B8001C4324032E009046714B240B30E68024F2
:1017C8004B4624031C432403029E6D4B240B27E63F
:1017D800002B00D100E70098511E844664448442DF
:1017E80000D284E0BC4200D2AEE000D1C1E00A00E1
:1017F800F0E6424500D92CE64B46DC07580843463C
:101808005B081C434346DF072AE601F0D9F9152394
:101818009C4684440200634620321C2B00DC2EE7E1
:1018280023000838834099460023984636E701F09C
:10183800C7F902000300153220331C2A00DCFBE63E
:1018480000990838814000228B4602E70099013B45
:101858008C466444A14200D99AE6A24200D897E691
:10186800831E644494E6AC466144013F8D4200D92E
:1018780080E68A4200D87DE6871E61447AE6854282
:1018880000D05FE6B94500D95CE656E6A24200D82A
:101898001AE6831E644417E68A4200D800E6AC467E
:1018A800831E98466144FBE5374814005044824043
:1018B8005B4617008340CC407A1E974123433B4345
:1018C8001A005B46CB40510709D00F21114004296B
:1018D80005D0111D9142924152429B180A001902EB
:1018E80000D455E7002201230024904698E50A0019
:1018F800BC4200D06EE64B4500D06BE66CE6234B4D
:10190800234A5344924500DA18E7012149420A1D47
:101918008A42894149428B4466E60F2111400429D5
:1019280000D161E61100F2E7BC4200D80AE60223C2
:101938005B429C4600994F444F459B41E3448C468B
:101948005B426344C018FFE54946009D480048458E
:101958008941AC46494261448146023A6418C7E766
:1019680080245B4624031C4324039046044B240B29
:1019780056E59945E8D30A00BDE7002308E7C046C5
:10198800FF0700003E0400001E040000FF030000E3
:1019980002FCFFFFF0B55746DE464E464546E0B529
:1019A8000D000400E80F83460903D80F090B82468F
:1019B80019488C461F0369005E00490D3F0B760DE0
:1019C800814218D086420FD00120B1420DD1BC45CA
:1019D8000BD1944209D1D3451CD0002905D16046CA
:1019E8002043431E984100E00120F0BCBB46B246AC
:1019F800A946A046F0BD01208E42F6D16146394382
:101A08000F0017432743F0D15B465246981A431EEE
:101A18009841EAE70020E8E7FF070000F0B55746DD
:101A28004E464546DE46E0B50D000F03390B83B040
:101A38000400804601915800E90F314F400D8C4653
:101A48006E00190382469146760D090BD80FBE42E7
:101A58001FD0BA450FD0002E2FD15546019E3443D2
:101A6800002D27D10A433AD0002C45D100281AD19D
:101A78000120404217E011433BD1002E02D1019FC3
:101A88002743F3D0844509D16346002BF0D0604644
:101A980009E0019F27432CD1B24524D06346022098
:101AA800013B1840013803B0F0BCBB46B246A9461A
:101AB800A046F0BD002CD9D0E4E75446002CEDD068
:101AC8008445EBD15645E9DCDEDB019B8B42E5D84A
:101AD800DAD1C845E2D80020C845E4D2D4E70020CE
:101AE800002CE0D0DAE7114303D18445D6D1002099
:101AF800D9E702204042D6E78445E6D0CEE7C04683
:101B0800FF070000F0B557464E464546DE46E0B5AD
:101B18000D000F0304008046E80F390B844683B09C
:101B28005800304F400D01911E03690082469146CE
:101B3800490D360BD80FB94220D0BA450FD000292D
:101B48002BD101990C435146002937D1324338D063
:101B5800002C44D1002819D10120404216E0164338
:101B680013D1002902D1019F2743F3D0844520D007
:101B780063460220013B1840013807E0019F2743D4
:101B880003D18A45F4D116431FD0022003B0F0BC1C
:101B9800BB46B246A946A046F0BD5446002CE7D045
:101BA8008445E5D15145E3DC03DB019BB342DFD833
:101BB8000FD06346002BCFD06046E7E7002CC9D092
:101BC800D4E70020002CE1D0D2E78445D0D1002012
:101BD800DCE7C845CCD80020C845D7D2E9E784451A
:101BE800E3D0C5E7FF070000F0B55746DE464E468E
:101BF8004546E0B51F000B031B0B16009A46CA0F9B
:101C08004B000400934687B05B0D00D1D5E0BB4A7A
:101C1800934200D1F8E05146420FC9000A4380219F
:101C280009041143C2009146B54A8A469D1800230B
:101C3800984602933C037B00FA0F3000240B5B0D9F
:101C4800009200D196E0AD4A934231D0720FE40081
:101C58002243802424041443A94AF0009446634490
:101C68005B195A1C0192424600260A2A42DC5A464F
:101C780000994A4093464246022A32DC013A012A38
:101C880000D949E1022E00D1CAE0012E3DD100233E
:101C98000024002210005A461B052343D207134391
:101CA800190007B0F0BCBB46B246A946A046F0BD35
:101CB800924B2643EB18002E00D1BBE0032241468D
:101CC80011435A46884600994A40802109018C46AA
:101CD80029006144019141460A2900DD33E2934617
:101CE8000326424601279740A6213A00C9000A4028
:101CF8000F4231D0029E022E00D135E2032E00D1D0
:101D0800D2E154464846012EC1D0019A7D4B9446F3
:101D18006344002B00DCC0E0420709D00F220240D8
:101D2800042A05D0021D8242804140422418100036
:101D3800E20106D5744B019A1C4080239446DB00CF
:101D48006344724A93426BDC6207C00864025B0515
:101D58000243240B5B0D9DE7902189000F4263D15C
:101D680088223A4200D1D7E0009BA2469B46814692
:101D78000296BFE72300334300D17FE0002C00D157
:101D8800ADE1200000F01CFF020003000B3A1D200B
:101D98001900821A30000839D0408C4004433000C2
:101DA80088405B4AEB1A944663445A1C01924246A7
:101DB80000260A2A00DC5AE79CE753460343994663
:101DC80054D05346002B00D177E1504600F0F8FE7E
:101DD8000B235B429C46020084441100504608399C
:101DE80088401D23804660461B1A2000D840030007
:101DF800404603439A4623008B4099460023444DAE
:101E08009846AD1A029315E752460243914626D1E9
:101E180000221D000223924608329046029309E7E9
:101E280000240022354B35E7002380249B462403F9
:101E3800324B2FE702224146114380221201944679
:101E48002A006244884601920A2900DD52E75A4670
:101E58000020009904004A40934602260BE70C2212
:101E68001D000323814690460293E3E600239A4629
:101E780004339846033B00250293DBE642460133D0
:101E88001A432B0090465A1C019242460024002017
:101E980001260A2A00DCEAE62CE70122D21A382AAF
:101EA80000DDF4E61F2A00DC2AE11F214942CB1A93
:101EB8002100D9400B00202A05D0164A019D9446DE
:101EC8006544AC402043421E904118430723190043
:101ED8000024014003420CD00F230340042B00D1FF
:101EE80040E1031D8342A441180064426107640273
:101EF800240BC20800230A43CCE6C046FF070000B3
:101F080001FCFFFFFF030000FFFFFFFEFE070000CC
:101F18000DFCFFFF3E04000049464A460904090C2F
:101F28000D00160C020C0004000C4543AC460500DD
:101F38007543A84615000F007543009202952A00C4
:101F4800009D6F4365462D0CA94647444F44B8454C
:101F580005D91500802252029046454402953D0C51
:101F6800039565462D043F042D0CAC463D006544A1
:101F78000495250C2404240CAC4625007543A8467A
:101F880065460F006943414489466743390C494413
:101F98006E43884503D980225202904646440D0C70
:101FA800A846350045440595039D3F04A8463F0CC7
:101FB8000904C91988444546039555462E04360C2C
:101FC8002F0C35004543784381463800A8462D0C30
:101FD800AA46009A504372434A445244914503D951
:101FE80080256D02A9464844150CA94645462D048E
:101FF8002D0CA84665467D43120448449044A946E2
:102008003200654662436E437C43170C3619BF198C
:10201800BC4203D980246402A446E144029C039E86
:10202800A446059D66448E428941AC4612043C0490
:10203800120CA2186244494254184644A446464524
:10204800A44182466442A046AA4292418C458941F5
:10205800E244D044494252420A43A045A441824541
:102068008941644249420C4341463F0CD219121936
:10207800CC0D049970020843411E884141464A44E8
:10208800F60D52023043490214430843D20135D5B4
:102098000122430802401343E0071843640834E66A
:1020A800009BA2469B4681468024534624031C433A
:1020B80024034A462E4B240BECE500F081FD152342
:1020C8009C4684440200634620321C2B00DC84E6D4
:1020D800002399462300083883409A468EE600F08C
:1020E8006FFD02000300153220331C2A00DC4EE687
:1020F80002003400083A0020944052E6019304E6B6
:102108001C4B21009C460300019DD3406544A94017
:1021180019430300AB40581E834119430800D440BB
:102128004B0709D00F230B40042B05D00B1D8B4206
:102138008041404224181800230200D4D6E6012327
:1021480000240022A6E50F29AAD1802352461B03AA
:102158001A42A9D01C42A7D11C43009B02009B46EF
:10216800034B97E50024C1E60024014B220091E5CA
:10217800FF0700001E040000F0B54E464546DE4647
:102188005746E0B585B0009001910C034F00CE0F83
:10219800610A009CB046640F0C4300997F0DC8008B
:1021A80011001A001B039C460091019251004B0D2F
:1021B8009946019B009DD90F63466A0F5B0A13433A
:1021C800EA0094469346C14A03900293914500D190
:1021D800CDE0012569404D467D1BAA468E4200D1BF
:1021E80080E0002D00DC35E34946002900D1DFE01E
:1021F800974200D194E152460125382A19DC802201
:10220800029B12041343029352461F2A00DDE3E1A6
:10221800534620226146029DD21A9540D9400D436B
:10222800614691400A00511E8A411543029ADA40DC
:10223800A41A451BA84280414042241A230200D414
:102248003DE16402640A002C00D147E1200000F05F
:10225800B7FC0300083B20212800CA1AD0409C4044
:1022680002009D4022439F4200DD77E1D81B0130E8
:10227800091A2C008D40C4406B1E9D411300C240BA
:102288008B402543002714001D436B0709D00F23FB
:102298002B40042B05D02B1DAB42AD416D42641978
:1022A8001D00230200D440E1884A0137974200D13B
:1022B80001E1012643468649ED0821404A072A43A1
:1022C8007C054D022D0B640D1E4024052C43F6079A
:1022D80034431000210005B0F0BCBB46B246A94605
:1022E800A046F0BD002D00DCD0E24946002900D010
:1022F800D4E06146029B194300D12BE1691E012DF0
:1023080000D1D9E1954200D10AE10125382917DC2D
:102318008A4653461F2B00DDE7E12022D21A029B92
:10232800614693401D005346D940634693401A00C6
:102338000D43511E8A4153461543029ADA40A418A8
:102348002D188542804140422418230200D4B6E06B
:102358005E4B01379F4200D1ADE001215C4B6A081A
:102368001C4029400A43E507154364088DE7594A8C
:10237800029B92466246BA441A432CD08E422ED013
:102388005246002A60D0002F00D1DBE063460E00E1
:10239800029CD80862070243E4081300234300D1D3
:1023A80054E280252D0325432D03484C2D0B8CE743
:1023B8006146029B194300D1CCE029000139012D67
:1023C80000D188E1954200D1AAE00125382900DD35
:1023D8002FE78A4618E7012251408E42D0D1534652
:1023E800002B00D1BEE0002F00D038E1CA46220001
:1023F800024300D1E2E15346591E012B00D10DE200
:10240800324A924500D1D2E10127382913DC1F292D
:1024180000DDEEE12022029B521A250007009A46B1
:10242800CC4090409540CF40A244421E9041534634
:102438002F43074302933D00654465459241029B43
:1024480052424F46D41880E7234A7D1C154200D0DB
:10245800AAE062462500029B05431A43002F00D0DC
:10246800F5E0002D00D16BE1002A00D152E163466E
:10247800C51A029BE21AA8429B415B42D31A1A0270
:1024880000D4D5E163461D1AAC4592410126029B52
:1024980052421C1B8846A41A0E40F6E697423FD0CB
:1024A80052460125382A00DD4AE78022029B1204A1
:1024B800134302932DE73C000025002205E707237C
:1024C8002B40002B00D0E2E66BE0C046FF0700007F
:1024D800FFFF7FFF01F8FFFFFE070000280000F064
:1024E8006FFB030018331F2B00DCB4E62A00083802
:1024F80082409F4200DDB9E0DB1B581C1F2800DC2E
:10250800A0E115001F3BDD40202805D040231B1A01
:102518009A40531E9A411543072300272B40D0E7C2
:10252800C00862070243E40837E7EA0863071A436A
:10253800D34BE4089F4200D12FE72403250B7C05E9
:10254800640DC2E6CA462200024358D163460E0013
:10255800029C0393039B5746DA08E7E7C94CFF1A26
:10256800144092E6C84D7A1C2A4200D084E022002A
:102578000243002F00D0EFE0002A00D1E5E06246D8
:1025880002990A4300D1C5E06346C5188C468542C6
:102598008041644440422418230202D5B94B0137D4
:1025A8001C40BA460395D5E76246851AA84292416F
:1025B80052429146029BE31A1A004B46D21A130064
:1025C80091461A026CD44A464C462A4300D03AE651
:1025D80000260024002578E6029953460D00203A8B
:1025E800D540202B06D04022D21A0B0093406246D9
:1025F8001A4393465B465A1E93411D4319E65346B8
:102608005A1E012B00D1C6E09D4EB24500D1BDE651
:1026180088460E000125382A10DC1F2A7FDC20217D
:102628002500891A070088408D40D740D440411EB4
:102638008841029B3D431B1B054302936246551B81
:10264800AC459241029B52424F469C1AF6E5002D3A
:1026580000D0B7E0002A00D1F0E001260E40634622
:102668000298D90842070A43C40896E6854CFF1A1F
:1026780014406207E40860E781498A4200D1C9E052
:102688006346C11881428041029B4042E3181B18EF
:10269800DD075C08072349080D4317002B4010E7A6
:1026A80063461D1AAC4592410126029B52421C1BEF
:1026B8008846A41A0E40C6E56346C518029B8542A3
:1026C80080419C464042644424180127230200D4D8
:1026D800F5E6022741E66346C51AA8428041029BF7
:1026E8004042E41A0127241AA8E5029D52462B000D
:1026F800203AD34019005346202B06D04022D21A44
:102708002B00934062461A4393465D466B1E9D41DB
:102718000D4315E66207C0080243E4080DE71100FF
:1027280027002039CF40202A05D040218A1A94401A
:10273800250005430395039D6A1E95413D437DE7AA
:10274800002A00D144E701260E406346D908029BBF
:102758005A070A43DC08F0E6002A28D06246029F9E
:10276800C0083A4300D1DCE6620710438022E4083F
:102778001203144209D0FD08154206D1634601260A
:102788002C00D8087B0718430E40420FC000C00831
:102798005207024301E663461D1AAC459241029B6B
:1027A80052421C1B0E0088460127A41A46E56346C0
:1027B800D908029B5A070A43DC08EEE56346029CE7
:1027C8000393C7E6C008002A00D1AAE662071043AF
:1027D8008022E40812031442D7D0029FFD08154254
:1027E800D3D163460126D8087B072C0018430E4036
:1027F800CBE70A002700203AD740202905D04022FD
:10280800521A9440250005430395039D6A1E95417D
:102818002F4310E614000025002256E5029B604471
:102828009946604592414C4452420500A4184CE731
:102838001A001C002A4300D0B3E6C9E6802400260B
:102848002403AEE520210025091A17E500220025FA
:102858000B4C3AE5002D00D1F6E54B46DA1B9246C3
:10286800002F00D16FE6382A05DC80263604344371
:1028780088460E00D1E688460E000125DEE6C046F1
:10288800FF070000FFFF7FFFFE070000002D00D1BB
:1028980068E64B46D91B002F01D18A46A7E50127D8
:1028A800382900DDC7E5802212041443AFE5C0468D
:1028B800F0B5C6461E03360BB0460D4E0C034D0050
:1028C8005F0000B5240B6D0D7F0DB5420BD0084994
:1028D80000208F4204D1464616433000431E9841DB
:1028E80080BCB846F0BD04430120002CF8D1EEE7C7
:1028F800FF0700000B00020070B5164D0C0382B0F4
:102908004900002000920193240B490DDE0FA942D3
:1029180004DD1148814203DD104BF01802B070BD90
:102928008020400320430E4C641A1F2C08DD0D4BF9
:102938005B1AD84003005842002EEFD11800EDE78B
:10294800094B009A9C46030061448B40E2401343C4
:10295800F1E7C046FE0300001D040000FFFFFF7FF3
:102968003304000013040000EDFBFFFF10B5041E44
:1029780010D000F025F90E4B1B1A5B055B0D0A28D9
:102988000FDC0B222100121AD14015300A038440B3
:10299800120B01E0002300221B051343200019003D
:1029A80010BD22000B38824012030024120BF3E7FB
:1029B8001E04000070B542024300C40FFE201B0E27
:1029C800591C550A08420CD0E02189008C466D0735
:1029D800120B63441B051343E40723432800190023
:1029E80070BD002B14D1002D1BD0280000F0E8F892
:1029F8000A281CDC0B232A001B1ADA4003001533B3
:102A08009D400E4B12031B1A5B05120B5B0DE1E791
:102A1800002D09D0130B802212031A436D07084BAF
:102A2800D8E700230022D5E70022054BD2E70300B0
:102A38002A000B3B9A400025E3E7C04689030000C3
:102A4800FF070000F0B54B000F035B0D3B4C450F33
:102A580083B07F0A5E1C2F4300900191CA0FC50006
:102A680026420BD036495C18FE2C13DDFF200023CC
:102A7800C0051843D207104303B0F0BD002B02D1A4
:102A880000200023F4E73D43F0D08023DB03FF2040
:102A98003B43EDE7002C14DD009BFF009B01581E13
:102AA8008341690F3B430B43590741D00F2119401C
:102AB800042928D00433590125D501340023E0B274
:102AC800D6E721001731DBDB80211E2009043943BA
:102AD800001B1F281BDD02267642341B0E00E64031
:102AE8003400202804D017488446634499400D4395
:102AF8002B00591E8B412343590715D00F21002461
:102B08001940042917D19B015B0AE0B2B0E70E4CCB
:102B18001C192B00A540C340A140681E85412943CC
:102B28000B4300245907C1D19B0100205B0A9FE792
:102B3800DB08E0B29CE70433E5E7C046FE07000087
:102B480080FCFFFFA2FCFFFF82FCFFFF8446080019
:102B58006146FFE71FB500F0C9F8002801D400213D
:102B6800C8421FBD10B500F049F84042013010BD01
:102B780010B500F0BBF8002801DB002010BD0120D3
:102B880010BDC04610B500F0B1F8002801DD0020E6
:102B980010BD012010BDC04610B500F057F8002840
:102BA80001DC002010BD012010BDC04610B500F0AA
:102BB8004DF8002801DA002010BD012010BDC046E4
:102BC8001C2101231B04984201D3000C10391B0A55
:102BD800984201D3000A08391B09984201D3000919
:102BE800043902A2105C40187047C0460403020270
:102BF80001010101000000000000000070B5420062
:102C08004E024C0045026D0A120EC30F760A240EBE
:102C1800C90FFF2A10D0FF2C0CD00120A2420AD1E4
:102C2800B54208D18B420FD0002A04D12800431E98
:102C3800984100E0012070BD0120FF2CFBD13543F5
:102C4800F9D14B401800F6E70020F4E730B5420010
:102C580044024D02C30F4800640A120E6D0A000EAA
:102C6800C90FFF2A19D0FF280BD0002A1ED100282F
:102C78000BD1002D27D0002C34D100292FD00800EB
:102C880030BD002D28D1002A01D1002CF5D08B426F
:102C980007D1002B23D01800F2E7002C1CD1FF2805
:102CA80014D0581E022318400138E9E70028F8D04C
:102CB8008B42F6D18242F4DCEBDBAC42F1D8002047
:102CC800AC42DDD2E5E7002CDAD0EAE7002D03D1EB
:102CD8008B42E6D10020D3E702204042D0E7012012
:102CE8004042CDE78B42E8D0DBE7C04630B5420032
:102CF80044024D02C30F4800640A120E6D0A000E0A
:102D0800C90FFF2A1AD0FF280ED0002A1ED100288A
:102D18000ED1002D2AD0002C0CD08B421DD0581E6D
:102D280002231840013810E0002D0DD1002A20D1CF
:102D3800002C1ED1002923D0080006E0002C03D166
:102D4800FF28ECD1002D17D0022030BD0028E6D096
:102D58008B42E4D18242E2DC04DBAC42DFD80020C3
:102D6800AC42F2D2002B0BD01800EEE7002CECD0CE
:102D7800D5E78B42D3D1F5E700208B42E5D0CEE7EB
:102D880001204042E1E7C04670B50400A0200022BF
:102D98000221C00502F086FE0122044D20000449EC
:102DA8002C602A7105F012FF287170BDC400002044
:102DB800C90000200022054B0549DA84CA771900AA
:102DC800473328310A701A707047C046C400002083
:102DD800C900002010B5FFF7EDFFA0200022022156
:102DE800C00502F05FFE10BD0A4B026810B59A429A
:102DF8000FD10949094CCB7F6079E21801339071F2
:102E0800CB77012200232068E384227105F0DEFEDF
:102E1800207110BD00440040C9000020C4000020FB
:102E2800084B026810B59A420BD11E2200210648B1
:102E380005F056FF1E220021044805F051FFFFF758
:102E4800C9FF10BD00440040CA000020ED0000206A
:102E5800F8B5194A0124137A083B1900D8B2214061
:102E6800234219D1052817D9E040160014000B0099
:102E78000D00377A0133DBB23D4302368342F8D185
:102E88000133DBB25B00D618B679AE4206D01E22FB
:102E980000210A4805F024FF00200CE00025667A8E
:102EA8000135EDB231430234A842F8D1D218D379B2
:102EB80001208B42EBD1F8BDC4000020CA000020DD
:102EC800F8B50500140081422FD9091A88B2FDF718
:102ED800A1FEFFF76FFD00222D4BFEF785FE0600D1
:102EE80028000F00FDF796FEFFF764FD02000B00B7
:102EF80030003900FEF734FAFFF7A4FD051C200066
:102F0800FDF788FE011C281CFDF736FBFFF752FD74
:102F18001F4B0022FEF724FAFDF7DAF91D4B24189F
:102F28009C4200D91C002000F8BD8142FBD2411A06
:102F380088B2FDF76FFEFFF73DFD0022144BFEF748
:102F480053FE060028000F00FDF764FEFFF732FD70
:102F580002000B0030003900FEF702FAFFF772FD9D
:102F6800051C2000FDF756FE011C281CFDF704FB7C
:102F7800FDF796F9FFF7FAFC0022054BFEF7F0F98A
:102F8800FDF7A6F9844201D0241ACCE70024CAE749
:102F9800000059409CFF6300642110B5264B1A7C41
:102FA800587C4A431B7B8018802B07D1234C244B29
:102FB800226E9988FFF784FF206610BD102B22D05F
:102FC8000DD8042B2FD0082B25D0022BF5D11B4C64
:102FD8001B4BA26F198AFFF773FFA067EDE7202B41
:102FE80009D0402BE9D1154C154B626ED988FFF7F3
:102FF80067FF6066E1E7114C114BA26E1989FFF774
:103008005FFFA066D9E70D4C0D4BE26E5989FFF7BB
:1030180057FFE066D1E7094C094B226F9989FFF702
:103028004FFF2067C9E7054C054B626FD989FFF749
:1030380047FF6067C1E7C046C4000020E0010020E8
:103048007002002070B5214B5B79102B06D040220E
:1030580019009143202901D0802B09D100221C4955
:103068001C4B08684968FEF7BFFD04000D0012E01C
:10307800302B04D0102219009143402903D100229B
:103088001349154BEDE71A00DF21703A0A4210D1B7
:103098000F4B1C685D680022200029000F4BFDF7CC
:1030A800F5F800280ED129002000FDF711F980B2AB
:1030B80070BDA02B03D100220549094BD1E700249C
:1030C8000025F0E70024054DEDE7C046E0010020AB
:1030D800B80400200000594000408F40C0FFEF4076
:1030E8000088C340F8B5824CE57A102D54D1814A46
:1030F800637AE28018222272A27AE57262727E4AAC
:10310800A37212787D4B22731A003532117801228E
:103118000A436273DA8E0233E2811A8F52BA22822C
:103128005A8F52BA62829A8FDB8F52BA5BBAE382A5
:10313800734BA282A361734BA38300222500200056
:103148001100237A083BDBB25B0802309A4200D0B8
:10315800C3E05A1C5200A0188171002108000235F2
:10316800994200D0BEE0A218D071277A664E674D0A
:103178003A003100280005F0A0FD3A000021300097
:1031880005F0AEFDFFF716FE23002B3329001A7851
:10319800206804F013FEF8BD202D46D15C4B574D36
:1031A8001B78DB071CD5002000F02EFA002000F069
:1031B80043FA002000F05AFA002000F06FFA0020CD
:1031C80000F084FA002000F099FA002000F0AEFA2E
:1031D800002000F0C3FA002000F0DAFA00F05EFCEC
:1031E800290034310B78207B627A03430B70617BB2
:1031F800280007230E0035309E43037833430370BD
:10320800EB8EE0890343EB863A4BE380102323726D
:10321800A37AA27263722023E3721F3B0B4363738A
:10322800374B2361374BA38287E7302D16D1FFF741
:1032380009FF304A637AE28010222272A27AA372CE
:10324800627294222D4B9200E5729B5C627B237321
:10325800012340BA13436373E081E1E7402D24D191
:1032680001222B49254B0D78607A2A430A701A00EF
:10327800412534321678227B617BAA433500954379
:103288000F0701D53500154334331D70194BE38002
:1032980010232372A37AA07263724023E3723F3B28
:1032A8000B4363730023E381BAE7502D00D044E752
:1032B800667AFFF771FE0F4B627BE380122323725D
:1032C800A37AE57263720123134363730023E381D6
:1032D8006382104BA67263612FE786790132D2B2FE
:1032E800314332E7EE7901313043C9B237E7C0469E
:1032F800C4000020AA99FFFFA40200207002002049
:10330800000099AA0D0A0000CA000020ED00002064
:10331800A002002099AA0D0A10B5FFF799FD002810
:1033280008D0064A064B927A5B799A4202D1FFF797
:10333800D9FE10BDFFF74EFDFBE7C046C4000020D4
:10334800E001002070B5384C384B22002832127842
:10335800DB7F002A5CD1A279AA2A53D1002B53D053
:10336800E279992A4BD1012B09D1E38CC72B57D984
:1033780028342378002B4AD1FFF72CFD47E0217A27
:103388004A1ED0B21D2837D8022BEED06518AD786A
:10339800C81E992D2DD18342E7DB201880798D1E18
:1033A800AA2823D1AB42E0DB6519A8790D281AD1E8
:1033B8009342DADBA21892790A2A0FD19942D4D81B
:1033C8002300A0202833093A0221C0051A7002F010
:1033D80069FB631DDB7F002BC7D115E09942C4D878
:1033E800FFF7F8FCF5E79342BFDBF9E7AB42BCDB3C
:1033F800F6E78342B9DBF3E7022BB6D0F0E7012BFF
:10340800B3D0EDE7002BEBD1E38CC72BB0D870BD60
:10341800220047321378042BDBD801331370D8E726
:103428000133E384F0E7C046C4000020C90000204F
:1034380010B50B4C2379002B05D0012209492068CF
:1034480005F0C4FB2071230028331B78012B05D11C
:1034580047342378042B01D9FFF75EFF10BDC0461F
:10346800C4000020C9000020F7B50E0014000500B4
:1034780002F076F90223124801A90360DB184360C1
:103488001B3383601E3BC360002702F00FFAB8426B
:103498000BD002F077F9FEBDF31801201A685B68BB
:1034A80002F0AEF9002808D10137FB00E918BC4248
:1034B800F2DC02F0D9F90020EDE702F0D5F9E8E7EF
:1034C8000C010020030070B51C685D681E1A013AE3
:1034D8008E1992B2346075600833002AF4D170BD39
:1034E8000122802110B59140044802F0DBFA012145
:1034F800034A13788B43137010BDC0460004005074
:10350800A80200208021012210B58900044802F099
:10351800C9FA0221034A13788B43137010BDC046C1
:1035280000040050A80200200122802110B50448A0
:1035380002F0B8FA0421034A13788B43137010BDC4
:1035480000040050A80200200122402110B50448C0
:1035580002F0A8FA0821034A13788B43137010BDB0
:1035680000040050A80200200122202110B50448C0
:1035780002F098FA1021034A13788B43137010BD98
:1035880000040050A80200200122102110B50448B0
:1035980002F088FA2021034A13788B43137010BD78
:1035A80000040050A80200200122082110B5044898
:1035B80002F078FA4021034A13788B43137010BD48
:1035C80000040050A80200200122082110B5044878
:1035D80002F068FA7F21034A13780B40137010BD7C
:1035E800000C0050A80200200122042110B5044854
:1035F80002F058FA0121034A53788B43537010BDE7
:10360800000C0050A802002010B5041E02D00128AA
:1036180003D010BDFFF764FFFBE7802100220448B8
:10362800490002F03FFA034B1A7814431C70F0E784
:1036380000040050A802002010B5002802D001287C
:1036480003D010BDFFF75EFFFBE780210022890051
:10365800044802F027FA0223034A11780B43137037
:10366800EFE7C04600040050A802002010B500286B
:1036780002D0012803D010BDFFF756FFFBE7002258
:103688008021044802F00EFA0423034A11780B4300
:103698001370F0E700040050A802002010B50028BD
:1036A80002D0012803D010BDFFF74EFFFBE7002230
:1036B8004021044802F0F6F90823034A11780B4325
:1036C8001370F0E700040050A802002010B500288D
:1036D80002D0012803D010BDFFF746FFFBE7002208
:1036E8002021044802F0DEF91023034A11780B4325
:1036F8001370F0E700040050A802002010B500285D
:1037080002D0012803D010BDFFF73EFFFBE70022DF
:103718001021044802F0C6F92023034A11780B430C
:103728001370F0E700040050A802002010B500282C
:1037380002D0012803D010BDFFF736FFFBE70022B7
:103748000821044802F0AEF94023034A11780B43DC
:103758001370F0E700040050A802002010B50028FC
:1037680002D0012803D010BDFFF72EFFFBE700228F
:103778000821054802F096F98023044A5B42117833
:103788000B431370EFE7C046000C0050A80200205E
:1037980010B5041E02D0012803D010BDFFF724FF86
:1037A800FBE700220421044802F07CF9034B5A7815
:1037B80014435C70F1E7C046000C0050A8020020DA
:1037C800F7B52C4D2C4C696A2A6AE069002905D1A5
:1037D800904203D90120FFF7DBFF0AE0A6698319AD
:1037E800002907D1934205D9FFF7FEFE0120FFF714
:1037F800B5FFF7BD67690197DB190027BC468F4203
:1038080007D1934205D9FFF7DFFE0120FFF78EFFAE
:10381800EFE7C3188C4504D1934202D9FFF7C4FEE1
:10382800D8E70027F318BC468F4201D19342DBD872
:10383800019FFF188C4501D19742E4D80023C01995
:103848008B4201D19042E9D836188B4201D1964279
:10385800CAD8FFF7C9FEFFF7A7FEFFF7B5FE7F221C
:103868003534237813402370002200232A626B62C8
:10387800BFE7C046200100207002002070B5224B2F
:10388800224A1E781B785BB2002B08DA0124002537
:103898001F4B186A596A0019694118625962343213
:1038A8001378127852B2002A03DA19490A680132E9
:1038B8000A605A0603D516494A6801324A609A06D0
:1038C80003D513498A6801328A60DA0603D510499C
:1038D800CA680132CA601A0703D50D490A6901325C
:1038E8000A615A0703D50A494A6901324A619B07A6
:1038F80003D5074A936901339361760603D5044AD1
:10390800D3690133D36170BDA50200207002002085
:103918002001002010B50A4B0A4C1B6E22689A42FF
:1039280003D20120FFF770FE10BDFFF7D9FD002379
:103938007F21054A236013780B401370F4E7C046D3
:10394800E001002020010020A402002010B50A4B4D
:103958000A4C5B6E62689A4203D20120FFF754FE5C
:1039680010BDFFF7BDFD00234021054A63601378B1
:103978008B431370F4E7C046E001002020010020CB
:10398800A402002010B50A4B0A4C9B6EA2689A420A
:1039980003D20120FFF750FE10BDFFF7B3FD00234F
:1039A8002021054AA36013788B431370F4E7C046BF
:1039B800E001002020010020A402002010B50A4BDD
:1039C8000A4CDB6EE2689A4203D20120FFF74EFEF2
:1039D80010BDFFF7A9FD00231021054AE360137805
:1039E8008B431370F4E7C046E0010020200100205B
:1039F800A402002010B50A4B0A4C1B6F22699A4298
:103A080003D20120FFF74AFE10BDFFF79DFD0023FA
:103A18000821054A236113788B431370F4E7C046E5
:103A2800E001002020010020A402002010B50A4B6C
:103A38000A4C5B6F62699A4203D20120FFF746FE87
:103A480010BDFFF791FD00230421054A6361137837
:103A58008B431370F4E7C046E001002020010020EA
:103A6800A402002010B50A4B0A4C9B6FA2699A4227
:103A780003D20120FFF742FE10BDFFF785FD0023AA
:103A88000221054AA36113788B431370F4E7C046FB
:103A9800E001002020010020A402002000200021D5
:103AA8000022084B1862596201211A605A609A6014
:103AB800DA601A615A619A61DA61034A13788B43B2
:103AC8001370704720010020A002002070B5104D2F
:103AD800104CEA69E3699A4203D20120FFF758FEC5
:103AE80070BDA1695B189A4205D2FFF77DFD0120E0
:103AF800FFF734FEF4E7FFF767FDFFF775FD0023D6
:103B080040223534EB61237893432370E8E7C046BD
:103B1800200100207002002010B5424C0120220034
:103B2800414B30321B7812785BB202423BD1002BFA
:103B380001DAFFF7EFFE230034331B785B0601D56B
:103B4800FFF704FF230034331B789B0601D5FFF7EA
:103B580019FF230034331B78DB0601D5FFF72EFF4E
:103B6800230034331B781B0701D5FFF743FF2300DD
:103B780034331B785B0701D5FFF758FF2300343334
:103B88001B789B0701D5FFF76DFF230035331B78A2
:103B98007F2B01D9FFF714FE353423785B0601D556
:103BA800FFF794FF10BD002B2ADAFFF72DFD230045
:103BB80034331B789B0626D50120FFF73DFD2300F3
:103BC80034331B78DB0621D50120FFF74FFD230096
:103BD80034331B781B071CD50120FFF75FFD23003A
:103BE80034331B785B0717D50120FFF76FFD2300DF
:103BF80034331B789B0712D50120FFF77FFDC4E7FC
:103C0800FFF76EFCD3E7FFF77DFCD8E7FFF78CFCE6
:103C1800DDE7FFF799FCE2E7FFF7A6FCE7E7FFF728
:103C2800B3FCB2E770020020A402002010B5074CD4
:103C38000821206003F090FF0421206803F08CFF26
:103C48000021206803F088FF10BDC046480100200D
:103C5800002803D1144B1B681B68D863002903D1C3
:103C6800114B1B681B689963002A03D10E4B1B6814
:103C78001B685A63002805D00B4B80001B6801386D
:103C88001B68D863002905D0074B89001B680139D8
:103C98001B689963002A05D0034B92001B68013A00
:103CA8001B685A637047C04648010020034B044A0A
:103CB8001A62044A5A6200221A8570474C01002091
:103CC8000300FF0000FFFF0F70B5802300250C4C98
:103CD8000C4E29009B02A06014223000236025713D
:103CE800203604F0FDFF29000A22074804F0F8FFF7
:103CF80035706585E58525636563A563E56370BDF6
:103D08004C010020580100206C01002070B581236F
:103D180000250B4E0B4C29005B0414223000236055
:103D28002571203604F0DCFF29000A22064804F039
:103D3800D7FF35706585E5852563656370BDC04629
:103D4800580100204C0100206C010020AF210A4AD4
:103D580010B5138889008B4204D2013313800023E5
:103D6800D38510BDD38D01339BB2D3858B42F8D355
:103D7800FFF7CCFFF5E7C0464C010020094B02686D
:103D88009A420AD10849094A0B780133DBB2092B58
:103D980004D80B7000232C3213707047002353850E
:103DA8001371F7E700540040760100204C01002011
:103DB800454B0268D0B59A4200D084E0434A444C4F
:103DC80013780133DBB21370132B00D878E0E08F3F
:103DD800FCF720FFFEF7EEFD3E4A3F4BFDF704FFE0
:103DE8000600208B0F00FCF7C9FEFEF7E3FD3B4AF7
:103DF8003B4BFDF7F9FE02000B0030003900FCF7E1
:103E08004BFFFCF765FAE087208FFCF703FFFEF70E
:103E1800D1FD304A304BFDF7E7FE0600608B0F00FE
:103E2800FCF7ACFEFEF7C6FD2C4A2D4BFDF7DCFE79
:103E380002000B0030003900FCF72EFFFCF748FAAF
:103E48002087608FFCF7E6FEFEF7B4FD214A224B7F
:103E5800FDF7CAFE0600A08B0F00FCF78FFEFEF7E9
:103E6800A9FD1E4A1E4BFDF7BFFE02000B003000E5
:103E78003900FCF711FFFCF72BFA6087A08FFCF7DD
:103E8800C9FEFEF797FD134A134BFDF7ADFE06007A
:103E9800E08B0F00FCF772FEFEF78CFD0F4A104B0B
:103EA800FDF7A2FE0B00020039003000FCF7F4FE1B
:103EB800FCF70EFA0023238063850133A087237162
:103EC80000232C342370D0BD00540040760100201C
:103ED8004C010020666666666666E63F3333333318
:103EE8003333D33F37B5012580210A4B0A4A1B7863
:103EF8000A4CD25C0C331B19019500930A432B0022
:103F0800A0682E3901F020FF23002B342C331D70BC
:103F1800257037BD760100204C9000084C01002028
:103F2800254B1A8BD878DA865A8B1A869A8B5A863A
:103F3800DA8B9A8601283DD15A1C197BD27F91428F
:103F480037D19A1C597BD27F914232D1DA1C997BA6
:103F5800D27F91422DD11A1DD97BD27F914228D18F
:103F68005A1D197CD27F914223D19A1D597CD27F48
:103F780091421ED1DA1D997CD27F914219D11A0043
:103F88000832D97CD27F914213D11A002832197D88
:103F9800127891420DD11A002932597D1278914236
:103FA80007D19B7D0020442B03D04D3B5A1E9341E3
:103FB800D8B270470020FCE74C01002010B5084C2F
:103FC800A378022B04D1013BE370FFF76FFE02E0F8
:103FD800E378012BF9D0FFF7A3FFA07010BDC0460E
:103FE8004C010020AF2337B52D4C9B0022889A4204
:103FF80004D323002A331B78002B04D023002B334F
:104008001B78012B07D123002C331B78227913430B
:1040180001D1FFF767FFFFF7D1FFA278012A04D18A
:1040280023002A331B78002B04D023002B331B7862
:10403800022B31D125002C352B78002B16D1237972
:10404800012B13D1220080202A321178154A0193BE
:10405800525C20316118009102435221A06801F09E
:104068000DFE02232B342B70237037BD002A04D198
:1040780023002A331B78002B04D023002B331B7812
:10408800022BF2D123002C331B78002BEDD122799F
:10409800012AEAD12371E8E7002AE9D0E5E7C0461A
:1040A8004C0100204C900008024B9878434258413C
:1040B8007047C0464C01002030B5054C258F05805F
:1040C800608F0880A18F1180E28F1A8030BDC046B2
:1040D8004C010020F0B5012589B01422002103A865
:1040E80004F0FEFD0221FE261B4B1C4F5A6B3800C4
:1040F8002A435A635A6BB6002A400092009A5A6BB8
:1041080000240A435A635A6B0A400192019A5A6B77
:1041180006310A435A635B6B00220B400293043159
:10412800029B01F0BFFC002231000D4801F0BAFCEF
:104138000C23380003A9039304950594069401F011
:10414800FFFB074803A9039604950594069401F01C
:10415800F7FB09B0F0BDC04600100240000C00504B
:104168000004005010B5134B134C01222360134B6D
:10417800200063600023E260A36023616361A361A0
:10418800E361236201F01CFD002801D001F036F83C
:104198000021200002F03CFC002801D001F02EF89C
:1041A8000021200002F05AFC002801D001F026F876
:1041B80010BDC046005400408C010020583D5000FE
:1041C80030B504008FB01422002103A804F088FD44
:1041D8001822002108A804F083FD1C4B22689A428B
:1041E80031D1202308A8089302F0AAFF002801D0A3
:1041F80001F004F80122164CA020636B002513433C
:104208006363636B03A913400193019BC023DB0025
:1042180003931223C00504930C3B07930595069559
:1042280001F08EFB8022E36B92031343E363E36B9D
:104238001720134002932A002900029B01F0C8F9B5
:10424800172001F0EFF90FB030BDC0460054004010
:104258000010024000B593B03422002105A804F0F4
:104268003FFD0021102201A804F03AFD80208000C3
:1042780002F018FC02230593FE3340220893002322
:1042880005A809930A920C9302F038FC011E01D08C
:1042980072B6FEE7072302900390049001A80193E9
:1042A80002F08CFE002801D072B6FEE713B000BD04
:1042B800F0B5DF4A00261278002711000024DD4BF4
:1042C8002131520097B0490052420C91CD181592F5
:1042D8009B331B78089609970696079704960597C7
:1042E8005B000A932B880134009302930023039305
:1042F80002980399049A059B12184B41069807994E
:1043080004920593159B0A9A5B199B5AE4B29C4642
:104318000E9300230F930E9A0F9B80185941634602
:10432800009A069007910898099953431093DB1750
:104338001193109A119B80185941009B089009917C
:104348005B431293DB171393129A139B0835B61825
:104358005F410B2CC6D1B74CB74B0499059A19602D
:104368005A600699079A2300A83319605A60089979
:10437800099A2300B03319605A60049805992300FC
:10438800B8331E605F600294FBF7C0FF04000D00A5
:1043980006980799FBF7BAFF0490059108980999C0
:1043A800FBF7B4FF0022A54BFDF71EFC049A059B02
:1043B8000090019120002900FDF716FC02000B0077
:1043C80000980199FDF7D8FE00900191300039005E
:1043D800FBF79CFF0022994BFDF706FC2200060024
:1043E8000F002B0020002900FDF7FEFB02000B0048
:1043F80030003900FDF7C0FE02000B00009801995B
:10440800FCF7AEFF0A00009001910100029BC03347
:1044180019605A601300290002002000FDF7E4FB30
:1044280002000B0004980599FDF7A6FE0022834BB5
:10443800FCF796FF0A00049005910100029BC8331F
:1044480019605A60009A019B10001900FDF7CCFB17
:104458007B4B0022FCF720FC06900791794E029BCB
:104468002933FF330E930A9B8E3B12930C9BD03B50
:104478001093129BF05AFEF779FA049A059BFDF700
:104488007BFE009A019BFDF7AFFB109B0400F05ADE
:104498000D00FEF76BFA02000B0020002900FCF764
:1044A800FBFB069A079BFCF75BFF04000D0002006C
:1044B800346075600B0000980199FDF795FB049A2C
:1044C800059BFCF7E9FB02000B00B265F3655D4B49
:1044D800584F1A685B68029203930A900B910298EE
:1044E800039922002B00FDF747FE3B00F8335C6B75
:1044F8001B6B089309940A9A0B9B0C900D910898D2
:104508000999FDF739FE0C9A0D9B04000D00100067
:104518001900FDF769FB22000A900B912B0020007F
:104528002900FDF761FB0B0002000A980B99FCF7C4
:10453800B3FB04F007FC3300B033186059600E9BDE
:104548000836B34295D1404B404A7B87404B002008
:10455800FB63BB1CDA873F49049A059BFDF70CFEF9
:10456800009A019BFDF740FB00223B4BFCF794FBB4
:10457800069A079BFCF7F4FE8C2304000D009B00B1
:10458800FB181C605D6002000B0000980199FDF7A4
:104598002BFB049A059BFCF77FFB8E230A000090F7
:1045A800019101009B00FB1819605A600298039959
:1045B80022002B00FDF7E0FD009A019B04000D008E
:1045C80008980999FDF7D8FD22002B000090019169
:1045D80020002900FDF708FB009A019B04000D004C
:1045E80010001900FDF700FB02000B002000290055
:1045F800FCF752FB04F0A6FB902304000D009B007F
:10460800FB181C605D603B008133FF331A685B68F0
:10461800FBF728FE002823D09223002000219B00CE
:10462800FB1818605960942301229B00FA5415E086
:104638000A0300207002002010030020000026401A
:104648000000F03F400300202E3F0000F6B1FFFFBE
:1046580098326A380035CC40004CC94017B0F0BDDC
:104668003B008933FF331A685B68200029000092F9
:104678000193FBF7F7FD002812D092239B0020003E
:104688002900FE18009A019BFCF76AFE0B00D3492B
:10469800020008684968FDF7A7FA30607160C2E750
:1046A8003B009133FF331A685B68200029000292AF
:1046B8000393FBF7D7FD3B00002832D0E133FF33EB
:1046C8001A685B680492059392239B0020002900D6
:1046D800FE18009A019BFDF74FFD009A019B04000C
:1046E8000D0002980399FDF747FD02000B0020001A
:1046F8002900FCF735FE049A059B0D003900E931C5
:10470800FF31040008684968FDF736FD02000B0018
:1047180020002900FDF768FA049A059BFCF7BCFA0B
:10472800BBE79933FF331A685B68200029000092C1
:104738000193FBF797FD3B00002837D0E933FF339F
:104748001A685B680492059392239B002000290055
:10475800FE18029A039BFDF70FFD029A039B0400C3
:104768000D0000980199FDF707FD02000B002000DD
:104778002900FCF7F5FD0D0039000400F131FF3187
:10478800049A059B08684968FDF7F6FC02000B00CF
:1047980020002900FDF728FA049A059BFCF77CFA0B
:1047A80094230222306071609B003FE7A133FF33FE
:1047B8001A685B682000290002920393FBF752FDF8
:1047C8003B00002821D0F133FF331A685B6804925C
:1047D800059392239B0020002900FE18009A019B54
:1047E800FDF7CAFC009A019B04000D00029803998A
:1047F800FDF7C2FC02000B0020002900FCF7B0FD09
:104808000D0039000400F931B9E7A933FF331A68FC
:104818005B682000290000920193FBF723FD3B0011
:10482800002837D0F933FF331A685B680492059380
:1048380092239B0020002900FE18029A039BFDF793
:104848009BFC029A039B04000D0000980199FDF758
:1048580093FC0B00020029002000FCF781FD802357
:1048680004000D009B00F91808684968049A059B24
:10487800FDF782FC02000B0020002900FDF7B4F9C7
:10488800049A059BFCF708FA9423032230607160B0
:104898009B00CBE6B133FF331A685B682000290020
:1048A80002920393FBF7DEFC002821D080239B00B3
:1048B800FB181A685B680492059392239B002000FA
:1048C8002900FE18009A019BFDF756FC009A019BEF
:1048D80004000D0002980399FDF74EFC0B0002003E
:1048E80029002000FCF73CFD822304000D00B9E7F5
:1048F8003B00B933FF331A685B6820002900009237
:104908000193FBF7AFFC002838D082239B00FB18EB
:104918001A685B680492059392239B002000290083
:10492800FE18029A039BFDF727FC029A039B0400DA
:104938000D0000980199FDF71FFC0B0002002900EB
:104948002000FCF70DFD842304000D009B00F918DE
:1049580008684968049A059BFDF70EFC02000B00E5
:1049680020002900FDF740F9049A059BFCF794F90B
:1049780094230422306071609B0057E63B00C133EA
:10498800FF331A685B682000290002920393FBF743
:1049980069FC002824D084239B00FB181A685B68F4
:1049A8000492059392239B0020002900FE18009A88
:1049B800019BFDF7E1FB009A019B04000D000298A2
:1049C8000399FDF7D9FB0B00020029002000FCF732
:1049D800C7FC862304000D00B8E7C0465004002039
:1049E8003B00C933FF331A685B6820002900009236
:1049F8000193FBF737FC002838D086239B00FB186F
:104A08001A685B680492059392239B002000290092
:104A1800FE18029A039BFDF7AFFB029A039B040062
:104A28000D0000980199FDF7A7FB0B000200290073
:104A38002000FCF795FC882304000D009B00F91862
:104A480008684968049A059BFDF796FB02000B006D
:104A580020002900FDF7C8F8049A059BFCF71CF90B
:104A680030607160942305229B00DFE53B00D13361
:104A7800FF331A685B682000290002920393FBF752
:104A8800F1FB002821D088239B00FB181A685B687B
:104A98000492059392239B0020002900FE18009A97
:104AA800019BFDF769FB009A019B04000D00029829
:104AB8000399FDF761FB0B00020029002000FCF7B9
:104AC8004FFC8A2304000D00B8E72000029A039BDC
:104AD8002900FBF7D1FB002800D1BFE592238A22E9
:104AE8009B009200FB18BA1810685168186059604A
:104AF800B8E7C046F8B5404C668F251D3000FCF776
:104B080089F8071CE88FFCF785F8011C381CFBF7AF
:104B180013FCEE870125394E071C3088FCF77AF81C
:104B2800391CFBF729FDFBF7BBFB0135EDB23080E3
:104B380008360B2DF1D1A68FA51D3000FCF76AF8B9
:104B4800071CE88FFCF766F8011C381CFBF7F4FB20
:104B5800EE8701252A4E071C3088FCF75BF8391CC4
:104B6800FBF70AFDFBF79CFB0135EDB230800836F8
:104B78000B2DF1D1E68F25003000FCF74BF80835F6
:104B8800071CE88FFCF746F8011C381CFBF7D4FB20
:104B9800EE8701251B4E071C3088FCF73BF8391CB3
:104BA800FBF7EAFCFBF77CFB0135EDB230800836F9
:104BB8000B2DF1D1A31CDF8F48343800FCF72AF8FD
:104BC800051C2088FCF726F8011C281CFBF7B4FB01
:104BD800278001240C4D061C2888FCF71BF8311C83
:104BE800FBF7CAFCFBF75CFB0134E4B2288008350C
:104BF8000B2CF1D1F8BDC04670020020BA0200208B
:104C0800BC020020BE020020C00200203E4B3F4AEA
:104C18001A6002221A713E4AD2785A71602A0AD062
:104C28003DD8302A07D01021302A31D8103A8A438B
:104C3800D2B2002A2FD1374A3749DA80374AD961A8
:104C48009A60374A3749DA60374AD9621A61374A6F
:104C580037495A61374AD9639A611A62364A3749DD
:104C68005A62374AD9649A621A63364A5A63364A8C
:104C78009A631A64354A5A64354A9A641A65354AF9
:104C88005A65354A9A651A0034495C32118002E047
:104C98008A43402ACFD0324A7C331A807047902A00
:104CA800C9D02BD8702AC6D0802AF4D1194A1D49F8
:104CB800DA801A4A59629A60194A1D49DA601A4A12
:104CC80059631A61194A1D495A611A4A59649A6105
:104CD800194A2449DA611A4A59651A629A62194AC4
:104CE800DA62194A1A639A63184ADA63184A1A6424
:104CF8009A64184ADA64184A1A65C3E7A02A9AD04F
:104D0800FF2A98D0C7E7C046E0010020AA55000155
:104D1800700200205E47000001A4B036BA38933F05
:104D28005DC8023F2684B7281F341E3B54B6B036F0
:104D3800146D141F612F813601A4B728D957B316F3
:104D4800F2263C2E2684141FAD20F627146DB316C8
:104D5800BF1AE121D95749119916851D50490000FC
:104D680055AAFFFF5049491110B5874C874B627906
:104D7800602A00D1B0E037D8302A00D1A2E025D887
:104D8800102A27D0202A00D198E0814A00215A828F
:104D9800804A5A61804A9A61804ADA61FA221A6224
:104DA8009A627F4AE088013110802089C9B2508018
:104DB800608908349080A088D08008320B29F1D10E
:104DC80035331A7887390A431A7010BD402A7ED0C5
:104DD800502ADAD1FA22D2005A60C8229A600022F8
:104DE800DA601A82013A80E0902A00D1C2E05CD8E9
:104DF800702A00D1B2E0802AC7D1FA2292005A6004
:104E0800684A69499A606422DA60DC22FF321A82B1
:104E1800DD3AFF3A1A809A701A009A3211801A0005
:104E280000200021D932FF32106051601A005F481B
:104E38005F49E132FF32106051601A005B485D49FA
:104E4800E932FF32106051601A0058485A49F1326D
:104E5800FF32106051601A00F932FF321060516061
:104E680080225648564992009A1810605160822252
:104E780092009A181060516084224C48514992005F
:104E88009A1810605160862292009A18106051603A
:104E98008822002092004C499A18106051608A229A
:104EA80092009A18106051606FE7A02A02D0FF2A7A
:104EB80000D06AE7FA2292005A608FE7C8225A6047
:104EC800424A8BE7962252005A60963A86E7FA22BF
:104ED800D2005A603E4A81E73E4A5A601E229A60D2
:104EE8000022DA6078321A82793A1A809A701A00A7
:104EF8002D499A3211801A0000200021D932FF3240
:104F0800106051601A00E132FF32106051601A00DF
:104F1800E932FF32106051601A00F132FF3210603E
:104F280051601A00F932FF321060516080229200FD
:104F38009A1810605160822292009A18106051608D
:104F4800842292009A1810605160862292009A1862
:104F580010605160882292009A189EE71E4A5A6093
:104F68001E4A9A606422DA60A532FF321A82012250
:104F78005242BAE7FA2292005A60194A9A6000220D
:104F8800DA6091229200F1E7E0010020700200202F
:104F98001405000090650000D8D600001027000016
:104FA800B20200201900C800010200009A999999DC
:104FB8009999B93F9999C93F9999D93F333333336F
:104FC8003333E33F9999E93F0000F03FC800C80038
:104FD800C8002C01DC050000F401640064003700FF
:104FE8006400640014220E4B0E49988850430866EA
:104FF800D888504348661889504388665889504372
:10500800C866988950430867D88950434867188A02
:10501800303342438A67022219780A431A7070476C
:1050280070020020E0010020302210B5044BDA7035
:10503800FFF7ECFDFFF798FEFFF7D4FF10BDC04661
:1050480070020020F7B500F09DFAFFF703F9FFF7AB
:1050580041F8FFF787F800F083F900F0EBF9454BCA
:105068001222190044480093FEF72CFAFFF7DCFFE0
:105078004248FEF729FE4248FEF7D8FD4148FDF7B1
:1050880083FE0020FEF7C0FA0020FEF7D5FA0020C4
:10509800FEF7ECFA0020FEF701FB0020FEF716FBF6
:1050A8000020FEF72BFB0020FEF740FB0020FEF758
:1050B80055FB0020FEF76CFB334C0225A278617883
:1050C8002078FEF7C5FD2600303633782B4207D00E
:1050D800122200992848FEF7C7F93378AB4333709A
:1050E800FEF780FFFEF7E0FF2600431E98413536A5
:1050F800430030780127A8431843307028422FD046
:10510800224B234A23492448FEF7D6FF327804234A
:105118001100194001911A4227D1260034363378FC
:105128003B420AD0626A236A9A4206D3FFF7C0F864
:105138003378BB433370019B63622600353633787E
:105148009B060DD5E26AA36A9A4209D3FFF7D2FCFF
:10515800302332789A43203B134333700023E362B1
:10516800FEF766F9FEF7D8FCADE7A38E0B4A1340AD
:10517800A386F5E7E001002000F800088C01002074
:10518800CC0400201805002070020020B002002086
:10519800AE020020AC020020AA020020FEDFFFFFC2
:1051A800042010B51149124B0A7802420BD05A8ECE
:1051B800104C013292B25A86A24204D90A7882432C
:1051C8000A700D4A5A861A003532127891070CD5A2
:1051D800190034310978C90702D5596A0131596271
:1051E800920602D5DA6A0132DA6210BDA502002001
:1051F800700200204F4600005046000072B6FEE7DD
:1052080001210A4B82B01A6C0A431A641A6C0A40CC
:1052180080210092009ADA6B49050A43DA63DB6B56
:105228000B400193019B02B07047C046001002403A
:10523800FEE7FEE77047704710B50120FEF746FA13
:10524800FEF784FDFEF77EF8FEF718FB084C23787E
:105258000133DBB22370642B03D9FFF7A1FF0023CE
:10526800237000F0A3F90020FEF730FA10BDC04605
:10527800C804002010B5024802F02AF910BDC04643
:10528800CC040020064810B503689A69E023DB00C7
:105298001A4202D001F086F910BD00F0B7FDFBE715
:1052A8008C01002010B5024802F0F2FD10BDC04686
:1052B800180500207047000007B50B4B02689A429A
:1052C80010D10221094B1020DA6B0A43DA6300225D
:1052D800DB6B0B4001931100019B00F079F9102062
:1052E80000F0A0F907BDC0460004004000100240CD
:1052F80030B5040089B01422002103A803F0F0FCA3
:10530800144B22689A4223D101240225124BA02073
:105318005A6B03A922435A635A6BC0052240019273
:10532800019A5A6B2A435A635B6B04952B4002938C
:10533800029BC0230794039300F002FB0023074855
:1053480003A90394049505930693079400F0F8FACB
:1053580009B030BD000400400010024000040050B5
:1053680030B58FB01022002103A803F0B9FC0C223D
:105378000021684603F0B4FC1C22002107A803F0B2
:10538800AFFC294C294B2A4D236000232000636081
:10539800A360E5602361A36102F08CF9002801D0C5
:1053A800FFF72CFF802320005B0103A9039302F081
:1053B800A3FA002801D0FFF721FF200002F0A4F98A
:1053C800002801D0FFF71AFF002369462000009348
:1053D800029302F0C5FB002801D0FFF70FFF00225F
:1053E8006023200007A90793089509920B9202F001
:1053F800F1F9002801D0FFF701FF0422200007A9D6
:1054080002F0E8F9002801D0FFF7F8FE0822200092
:1054180007A902F0DFF9002801D0FFF7EFFE20000E
:10542800FFF766FF0FB030BDCC0400200004004039
:10543800FF0300000D480E4B10B5036096239B0137
:10544800002143600C230A0043610B008160C160A6
:1054580001618161C16101624162816203F0E4FB23
:10546800002801D0FFF7CAFE10BDC046180500206D
:105478000044004010B5040088B01422002103A89D
:1054880003F02EFC144B22689A4223D18021134B3F
:105498008902DA6BA0200A43DA63DA6BC0050A4096
:1054A8000192019A0122596B114359635B6B03A95D
:1054B80013400293029B0E2303930C3B0493079221
:1054C80000F03EFA00221C20110000F081F81C2098
:1054D80000F0A8F808B010BD0044004000100240D9
:1054E8000D488546FFF7E6FE0C480D490D4A002396
:1054F80002E0D458C4500433C4188C42F9D30A4A81
:105508000A4C002301E013600432A242FBD303F0EB
:10551800F5FBFFF797FDFEE70020002000000020C4
:10552800A8000020E4900008A8000020040700203C
:10553800FEE7000070B5104B05001978002901D16D
:10554800012070BDFA208000FAF7E0FD0B4C010045
:105558002068FAF7DBFD00F071F8041EF0D1032D86
:10556800EED8020001202900404200F031F8044B37
:1055780020001D60E5E7C046040000200000002070
:10558800080000208023084A5B00116810B50B430F
:1055980003201360FFF7CEFF041E03D1FFF730FE90
:1055A800200010BD0124FBE700200240034A044B01
:1055B80011681B785B1813607047C046AC05002063
:1055C80004000020014B18687047C046AC05002055
:1055D80010B5FF2403220B0021000240D2009140A5
:1055E8009B012340C943934000280ADBC0240B4A8F
:1055F800800880008018A40002590A401343035110
:1056080010BD0F2210400838054A80088000801815
:10561800C26911401943C161F2E7C04600E100E0E8
:1056280000ED00E0002805DB1F2318401E3B8340E7
:10563800014A13607047C04600E100E08022431E23
:105648005204012093420DD2C021074A07485360F3
:10565800036A09061B021B0A0B4303620020072387
:10566800906013607047C04610E000E000ED00E075
:10567800F0B5002808D0841DE37F411D022B05D01A
:105688000423C3630023CB770120F0BD0E250268F5
:10569800466C1368AB4313603368104D2B4033607E
:1056A800012316689E431660026C1B331A401B3B8D
:1056B80093400B4E77683B437360C26C836C5A60AF
:1056C800036D002B05D01A682A401A60436D826D5D
:1056D8005A6001230020E377C877D6E7FFFEFFFF73
:1056E80000000240F8B5811DCB7F022B03D00423B4
:1056F800C3630120F8BD0E2402681C271368456C9B
:10570800A3431360012314689C4314602A68104C57
:1057180022402A60026C0F4D3A4093406E68334332
:105728006B60C26C836C5A60036D002B05D01A68DD
:1057380022401A60436D826D5A6001230022CB77A4
:10574800431DDA77836B934200D098470020D1E756
:10575800FFFEFFFF000002400630C07FC0B2704766
:105768000020054B5A69824205DA044A9A60044AC5
:105778009A605869C00F70470020024023016745AE
:10578800AB89EFCD014B58687047C046B005002083
:10579800F8B50400FFF716FF802706007F02144DB6
:1057A8002B693B4216D12A69124B11001248194045
:1057B80028611A4217D18027FF022B691800384048
:1057C8003B420FD0631CF8D0FFF7FCFE801BA042C1
:1057D800F3D306E0631CE3D0FFF7F4FE801BA0427E
:1057E800DDD30320F8BD054B01205960FAE7C04618
:1057F80000200240FA830000FB830000B00500206F
:10580800F7B5174E0193337804000D00022000927B
:10581800012B1ED00123FA2033700023800073600F
:10582800FFF7B6FF002812D10E4F012C12D17B6969
:1058380023437B61009B2B60BFF36F8F019B6B60E1
:10584800FA208000FFF7A4FF7B69A3437B61002354
:105858003370FEBD2800009903F08EFBF0E7C046C8
:10586800B005002000200240FA2010B58000FFF7A4
:105878008FFF8022044B120659690A435A615869FE
:10588800C043C00F10BDC04600200240044A05486E
:105898005369C90003401943034B0B4353617047D5
:1058A8000020024007E0FFFF02000100F7B5214F8A
:1058B80005003B7802240191012B1AD00123FA201C
:1058C8003B70002380007B60FFF762FF041E0ED14F
:1058D80004236B602B68042B0DD1FA20164A174B52
:1058E800516980000B435361FFF752FF0400002306
:1058F8003B702000FEBD0123019A5B421360AE6835
:10590800AB68EA689B18B3420CD968683100FFF7A6
:10591800BDFFFA208000FFF73BFF002808D00400F5
:10592800019B1E600221044A53698B435361DEE7E1
:105938000136E5E7B0050020002002400400010020
:105948000023F0B585B00A681400DC4001D105B029
:10595800F0BD012514009D402C4000942A4200D13E
:1059680091E04A685F00944603226446224003247B
:10597800BC40E4430194541E012C2ED88668019C37
:105988002640CC68BC403443846044680126AC435C
:1059980025006446240934409C402C434460C56873
:1059A800019C25408C68BC402C43C460022A16D157
:1059B80007250F261D40AD00AE40DC08A4000419E1
:1059C8000294246A03962600039CA64334000E69B9
:1059D800AE402643029C266201E0032ADFD1BA408A
:1059E8000468019D25402A43C02402606246A4023F
:1059F800224248D0254A03259C08A400A4180F2257
:105A08001D40ED00AA40A027266EFF059643002200
:105A1800B8420CD01E4F0132B84208D01D4F013297
:105A2800B84204D01C4F0332B84200D1023AAA400F
:105A3800674632432266154C009A2668009DD24379
:105A48003543FF0201D43500154067462560666876
:105A5800009D3543BF0201D4350015406746656097
:105A68000E4C009DE66F3543BF0301D43500154049
:105A78006746E5670A4C009EE56F2E43FF0301D495
:105A880015402E00E66701335DE7C0460018024066
:105A98000004005000080050000C00500818024094
:105AA80004180240002A01D0816170478162FCE736
:105AB80003689A69920701D500229A6201229969BE
:105AC800114202D199690A439A61704730B5039C23
:105AD80000682343120489051A43890D054B45685C
:105AE8000A43640D234352009D4352082A434260EF
:105AF80030BDC046FF63FF0310B5436B1B4C0AB2B1
:105B0800A3421ED01A4CA3421BD01A4CA34218D051
:105B180000239A4200DAB833CA0701D5F2221343A8
:105B28008A0701D5F4221343102906D19022134382
:105B380001680A6813430B6010BD2029F8D10B4394
:105B4800F6E700239A4200DAB833CA0701D5F222F1
:105B580013438A0701D5F42213431029E6D02029DC
:105B680001D16022E3E74029E9D0E1E78963000831
:105B7800D56700082D620008002310B5CA0708D5AC
:105B8800030041331A7828231A40CA33282A00D13F
:105B9800B03B8A0708D502002824413212782240F7
:105BA800A2420BD14422134309B2002901DAB822D8
:105BB800134301680A689A430A6010BDF422F2E7A9
:105BC80070B504000120002C4ED0250041352B78FB
:105BD800DAB2002B05D12300403320001A70FEF7FB
:105BE800EFFA242301212B702368E0681A68A6685D
:105BF8008A431A601D4962680A401A619A681C49FA
:105C08000A409A60012807D18022120232439A6022
:105C18005A681848024009E08422120232439A6006
:105C28000228F5D180225868120102435A60586848
:105C3800114A02435A60DA6800200A40DA60616952
:105C480022690A43A16909020A43DA60216AE26902
:105C58000A431A60012219680A431A602023606403
:105C68002B7020634234207070BDC046FFFFFFF0E8
:105C7800FF7FFFFFFFF7FFFF00800002F0B506007F
:105C880087B003930CAB029204CB41361B88049275
:105C98000593337804000220202B08D1002A02D073
:105CA800059B002B05D1802301209B00636407B06E
:105CB800F0BD2368802798693F0284460500624644
:105CC80002203D403A42F2D1270040373A78012A73
:105CD800EDD0013838702030307020004026049A0A
:105CE800423006706262059A65646285134A2585AA
:105CF800E262134AE16462636A46107A039A012AEF
:105D080016D1986201235B4223656B461A7B0D4BC3
:105D18002000009380235B04FFF7D8FE23000025B2
:105D28004033200001211D70FFF7E6FE2800BEE782
:105D3800029A120A9A622065E7E7C0460000FFFF50
:105D48009164000800200080F0B5060087B0039336
:105D58000CAB20CB02921B884136049333780400A5
:105D68000220202B08D1002D02D0049B002B05D146
:105D7800802301209B00636407B0F0BD236880275F
:105D880098693F02844662463840059002203A42AC
:105D9800F2D1270040373A78012AEDD0013838701F
:105DA8002130307020004026059A42300670626427
:105DB800049A65626285124AE262124AE164626389
:105DC8006A46107A039A012A15D1986201235B4228
:105DD80023656B461A7B0C4B200000930023FFF7CA
:105DE80075FE230000254033200001211D70FFF7B8
:105DF80083FE2800C0E7029A120A9A622065E8E743
:105E08000000FFFF9164000800200080036810B5BF
:105E180099691A68436B002B00D0984710BD7047EA
:105E28007047030070B500252022060042331D701C
:105E3800013B1978040040361A7021290AD1112330
:105E4800456303632039FFF797FE20003570FFF79D
:105E5800E6FF70BD1223456303630221FFF78CFE42
:105E680020003570FFF7DCFFF3E77047704700004C
:105E78000100036810B5040000201A684231087058
:105E8800510418D51A6818490A401A60230041338A
:105E98001A78292A14D1013A1A7021232000236381
:105EA8000121FFF769FE23000022403320001A7009
:105EB800FFF7DBFF10BD1204E8D51A680B49E3E7CA
:105EC8001A782A2AF6D1023A1A702223200023636C
:105ED8000221FFF751FE23000022403320001A70F0
:105EE800FFF7C4FFE6E7C046FFBFFFFFFF7FFFFFE6
:105EF80070470300F7B5282241331B780400016876
:105F0800134093423CD1FE278D698E698B68CA681D
:105F1800ED030192C268360CED0F3E40022A25D1EE
:105F28009B059A0D5B0F73401800062630403342DC
:105F380010D1A36C0133A364A36C022B09D19B1964
:105F4800A064CB6123004033187029002000FFF7BC
:105F5800CFFFF7BD802120000902FFF70DFE2300C7
:105F6800002240331A70019A3A40EEE78021090274
:105F7800FFF702FE2300002240331A703200E4E7E4
:105F88000823CB61002340342370E2E77047000008
:105F9800184B10B5C36200230200036304002020DD
:105FA80041321070537004226363114212D0236887
:105FB800596A636A1970636A01336362238D002B1F
:105FC80008D0013B2385638D013B9BB26385636CDD
:105FD8001A43626420000849FFF7CEFD10222368A7
:105FE8002000DA612300002240331A70FFF7CEFF49
:105FF80010BDC0460000FFFF0380000070477047D7
:106008000100020010B541310C7800234032602CA9
:1060180006D1403C0C7003631370FFF7F0FF10BD0E
:1060280003631370FFF7EAFFF9E7000070B5050096
:1060380000220400413542302B7802703A48283B50
:10604800E0626285626C0A436264022B2BD80321EA
:106058002000FFF791FD28232B70344BA06B63635E
:10606800236B002840D01A001021113A8A433BD1F3
:1060780023681A68520403D51A682D490A401A6021
:10608800FFF76AFB01282BD0A06B2A4B0022836301
:10609800230040331A70FFF725FB002823D0A06B9C
:1060A800836B98471FE020002349FFF765FD200018
:1060B800FFF7FEFC2B78602B10D020222A70236873
:1060C800996911420AD09969103A114204D0DA61EB
:1060D800616C0C3A0A4362642022DA610023BDE74E
:1060E8002000FFF78DFF70BDE06B0028F8D010226C
:1060F800123B9343F4D123681A68120403D51A6833
:106108000E490A401A60FFF727FB0128E8D0E06B28
:10611800084B00228363230040331A70FFF7E2FA2A
:106128000028E0D0E06BBBE70000FFFFDD68000857
:10613800FFBFFFFFF969000803800000FF7FFFFF32
:10614800F7B52023050006684135F3612B78040074
:106158000F00212B2BD10121FFF70EFD1123236303
:1061680073682E4A13407360002363632C4BE36209
:1061780010231F4204D0F361626C0C3B1343636429
:106188002B78602B05D17F0703D5736ADBB20193A7
:10619800019B2000FFF78CFC636C2A78602A01D0F1
:1061A800002B0CD02000616CFFF740FFF7BD2B7867
:1061B800222BD5D10221FFF7DFFC1223CFE72A7863
:1061C800212A13D1013A2A70220021002363423286
:1061D8001078403113700B70402803D12000FDF770
:1061E800CDFDE3E72000FFF71AFEDFE72A78222A31
:1061F800DCD1023A2A70220021002363423210784F
:10620800403113700B70402803D12000FDF7D0FDFA
:10621800CCE72000FFF704FEC8E7C04600E800FE10
:106228000000FFFF73B5050040352B7804000220FD
:10623800012B15D001232B700F33194211D01A42AC
:106248000FD022682000D361626C0C3B13432021DD
:106258006364FFF751FC2000FFF72AFC0020287038
:1062680076BD0223194208D01A4206D02368226D4F
:106278009A6201235B422365F0E740260B063BD573
:10628800324239D001212000FFF776FC102120008E
:10629800FFF732FC638D002B29D0638DFF2B1BD9B0
:1062A8000023FF22E16C22850093802389B25B04DE
:1062B8002000FFF70BFC638D228D9B1A9BB2638530
:1062C800230041331A7823681968222A47D180228B
:1062D80012020A431A60C1E70023628DE16C92B290
:1062E800228500938023D2B289B29B04E0E7310073
:1062F8002000FFF79BFEB1E7314233D0324231D064
:10630800260001212000FFF737FC4136102120002C
:10631800FFF7F2FB3378223B5A425341174A9B025C
:106328009B18628DFF2A10D9FF22E16C2285009309
:10633800802389B25B042000FFF7C8FB638D228DA0
:106348009B1A9BB263853278BDE7628DE16C92B28D
:10635800228500938023D2B289B29B04EBE7802286
:10636800D201B6E72023194200D177E71A4200D1BB
:1063780074E72000FFF7E4FE70E7C04600200080C5
:10638800F7B506004036337804000220012B15D0FB
:10639800012333700F33194211D01A420FD02268EB
:1063A8002000D361626C0C3B134320216364FFF728
:1063B800A3FB2000FFF77CFB00203070FEBD4023CC
:1063C800080641D51A423FD025682A689A432A60B0
:1063D800638D002B2CD06968638D8905890DFF2B8F
:1063E80018D9FF23238580235B040020278D009084
:1063F800FAB22000FFF76AFB638DDB1B9BB2638553
:10640800413423782A68222B0FD180231B0213439F
:106418002B60D1E7638DE26A23851A4B9A4201D03B
:10642800E36AE2E780239B04DFE78023DB01EEE7F2
:106438006B689B0103D42000FFF7F3FCBCE7402105
:106448002000FFF7F3FDB7E7194212D01A4210D027
:10645800638D002BF3D1226853689B01ACD4E16AA9
:10646800084B9942E7D180235168DB010B43536005
:10647800A2E7202319429FD01A429DD02000FFF79F
:106488005FFE99E70000FFFFF7B5070040373B784C
:1064980004000D0016000220012B1AD001233B70C6
:1064A8000F33194216D01A4214D022682000D36143
:1064B800626C0C3B13436364FFF7FAFA20231D4216
:1064C80005D01E4203D029002000FFF739FE002026
:1064D8003870FEBD04231D4211D01E420FD09D43CB
:1064E80023685A6A636A1A70636A01336362238D88
:1064F800013B2385638D013B9BB26385DEE7022365
:106508001D420FD01E420DD0236D2268013303D1E6
:10651800636A19789162E8E7236D936201235B420D
:106528002365CBE740232A061AD51E4218D0638D6F
:10653800002B10D0238D002B0DD1628DFF2A25D979
:10654800FF22E16C22850093802389B25B0420003E
:10655800FFF7BCFAB2E740212000FFF767FDADE77F
:106568001D42ABD01E42A9D001212000FFF704FB39
:1065780002212000FFF7C0FA230041331B78223B99
:106588005A425341064A9B029B18D6E7628DE16C3A
:1065980092B2228500938023D2B289B29B04D6E7B7
:1065A8000020008070B5802503686D0099691A681D
:1065B800294206D0140604D50124466C34434464A9
:1065C800DD618025ED00294206D0140604D5082493
:1065D800466C34434464DD618024A400214206D023
:1065E800120604D50222416C0A434264DC610B2383
:1065F800416C194201D0FFF719FD70BDF7B50600CF
:106608002022056841362B6804000093C36A0F00F6
:1066180001933378EA61D8B2212B09D022380828AF
:106628000CD8F9F769FD680B0B0B0B0B6E056800AE
:1066380020005E49FFF7A0FA2123236380226B68BC
:10664800120213436B606B68594A200013406B6059
:10665800FFF72EFA009B5B0459D52B68554A134067
:106668002B60A36B002B03D01B685B689BB2638510
:106678007B0710D5636A6A6A1A70636A01336362BA
:10668800238D002B05D0013B2385638D013B9BB2F5
:10669800638504239F43638D002B03D00423626C1E
:1066A8001343636410231F4211D0009A1A420ED07C
:1066B800628D002A49D13378282B33D18023019A5F
:1066C8009B049A422ED139002000FFF761FC230079
:1066D800002242331A70656C6263954244D02000F0
:1066E800616CFFF7A3FC3378282B03D13900200015
:1066F800FFF74EFCF7BD20002F49FFF73DFA222394
:106708009BE720002D49FFF737FA002395E7802201
:10671800009B12021342ABD02B68294A13402B600E
:10672800E36B9FE731781022236829290BD125498B
:106738000198884207D02000DA61FFF7B9F92000F4
:10674800FFF796FBC3E7DA61C1E72268D361042348
:10675800626C13436364019A1B4B1A42B7D1200041
:10676800616CFFF763FCB2E72700E36A154A40371C
:1067780093420CD02000FFF77BFB2023114A200016
:10678800E262337025633D70FFF700FCB2E7202317
:1067980032782000337025633D70222A02D1FFF73A
:1067A80065FBA7E7FFF761FBA4E7C046018000008F
:1067B80000E800FEFFBFFFFF02800000038000002A
:1067C800FF7FFFFF0000FFFFFFFFFFFEF8B505009A
:1067D80040352B780400C66A0220012B0BD0012318
:1067E8002B701F33194207D01A4205D02000FFF73B
:1067F80005FF00202870F8BD102319425CD01A420A
:106808005AD0C0200002024253D0E06B031E09D0C8
:10681800802713003F023B403A4203D003685B687D
:10682800584243412000A76B4130002F05D0520445
:1068380003D53A685268002A01D0012B1AD103788F
:10684800282B07D180239B049E4203D12000FFF709
:106858009FFBCEE7102201782368DA612929C8D185
:106868001A498E42C5D02000FFF722F92000FFF711
:10687800FFFABEE710222368DA610423626C13432F
:1068880063640078124BC0B21E42B2D12138092885
:1068980008D8F9F731FC050C070707070707050CA7
:1068A800212323632000616CFFF7C0FBA1E72223AB
:1068B800F7E72268D3619CE70823194299D01A4266
:1068C80097D02000FFF715FB93E7C0460000FFFFB5
:1068D800FFFFFFFE70B5050040352E780400C36A3F
:1068E8000220012E0BD0013828701F30014207D03A
:1068F800024205D02000FFF781FE0020287070BDFD
:10690800102001422FD002422DD0628D002A1CD1C6
:10691800220041321078282807D180208004834241
:1069280003D12000FFF734FBE7E710211078226835
:10693800D1612928E1D12C488342DED02000FFF71D
:10694800B7F82000FFF794FAD7E72268D06104224D
:10695800616C0A436264254A1342CED12000616CFF
:10696800FFF764FBC9E70420014219D0024217D09F
:10697800628D002A0DD02268516A626A1170626ABB
:1069880001326262228D013A2285628D013A92B209
:106998006285628D002AB0D1134A9342ADD0D0E708
:1069A8000820014205D0024203D02000FFF7A1FAD7
:1069B800A3E702200142A0D002429ED0628D002AA5
:1069C8000DD0636A22681978013391626362638D1E
:1069D800013B9BB26385238D013B23858DE7034AE9
:1069E800134200D089E7ACE70000FFFFFFFFFFFE7E
:1069F800806A10B5836B002B01D000229A63C36BA9
:106A0800002B01D000229A63FFF7FAFA10BD0000AC
:106A1800F0B504004134227803000F000220D6B2FA
:106A2800202A18D11D0040352A78012A13D02422A3
:106A380022701B68233A196807489143196019683E
:106A480001400020196019683943196019680A4320
:106A58001A6026702870F0BDFFEFFFFF0200F0B546
:106A6800413214780300E5B20220202C17D11C0013
:106A780040342678012E12D0223010701B6823383B
:106A88001E68074F86431E601E6809023E40314358
:106A98001960196808431860002015702070F0BD4F
:106AA800FFF0FFFF10B5114C1149236802000B409D
:106AB80003432360802300209B009A420ED10D4B94
:106AC8000D49186806235843F9F720FB8022431C18
:106AD800D200616908001040114200D110BD002B9E
:106AE80001D0013BF5E70320F8E7C04600700040FD
:106AF800FFF9FFFF0000002040420F00F0B504003E
:106B080085B0002802D1012005B0F0BD0368DB077D
:106B180010D423689B075CD423681B0700D5C1E009
:106B280023685B0700D5F2E0E369002B00D079E128
:106B38000020E9E73822AF4DAB681340EA68102B14
:106B480009D1D3439B0708D12B689B03E1D5636820
:106B5800002BDED1D7E7082BF6D0802263685202DB
:106B6800934211D12A6813432B60FEF72BFD80272F
:106B78000600BF022B683B42CBD1FEF723FD801BEA
:106B88006428F7D90320BFE7A021C9028B4208D1A6
:106B980080232968DB020B432B602B681A432A6089
:106BA800E3E72A6894490A402A602A6893490A4018
:106BB8002A60002BD9D1FEF705FD80270600BF0209
:106BC8002B683B42A5D0FEF7FDFC801B6428F7D953
:106BD800D8E73822874DAB681340EA68102B28D1D4
:106BE80003210A40022A26D12A68520503D5E26801
:106BF800002A00D187E7696862698148120201406A
:106C08000A436A60002B0CD12B687E4A7E491340E8
:106C1800226913432B602B687C4A9B045B0FDA4084
:106C28000A607B4B1868FEF785FC002800D173E7E3
:106C380069E7002BD8D0E368002B20D02B68714A75
:106C4800802713402269FF0013432B6080232A68A2
:106C58005B0013432B60FEF7B5FC06002B683B4234
:106C680007D06A68636966491B020A4013436B6070
:106C780052E7FEF7A7FC801B0228EFD982E72B68B2
:106C8800644A802713402B60FEF79CFC0600FF0037
:106C98002B683B4200D13FE7FEF794FC801B02289B
:106CA800F6D96FE73822534DAB681340182B08D13B
:106CB8002B6E9B0700D433E7A369002B00D02FE786
:106CC80021E7A2690123002A10D02A6E0227134364
:106CD8002B66FEF777FC06002B6E3B4200D01FE7C1
:106CE800FEF770FC801B0228F6D94BE72A6E0227B4
:106CF8009A432A66FEF766FC06002B6E3B4200D1DB
:106D08000EE7FEF75FFC801B0228F6D93AE7382227
:106D1800384DAB681340202B08D1EB6D9B0700D48E
:106D280002E7A368002B00D0FEE6ECE680220021F3
:106D3800EB6B52050091134208D1EB6B1343EB63E5
:106D4800EB6B13400393039B012300938027324E80
:106D58007F0033683B4215D0A368012B22D1EA6D2E
:106D68001343EB65FEF72EFC02270600EB6D3B4252
:106D780038D0009B012B00D0D6E6EB6B274A134096
:106D8800EB63D1E633683B433360FEF71BFC0190AD
:106D980033683B42E0D1FEF715FC019BC01A02287C
:106DA800F6D9EFE6EA6D052B05D1013B1343EB65F8
:106DB800EA6D0123D4E701218A43EA65EA6D0331CC
:106DC8008A43EA65002BCDD1FEF7FCFB02270600BB
:106DD800EB6D3B42CDD0FEF7F5FB114B801B984283
:106DE800F6D9CFE6FEF7EEFB0D4B801B9842BDD9D6
:106DF800C8E6C04600100240FFFFFEFFFFFFFBFF92
:106E0800FF80FFFFFFC7FFFF000000200024F40001
:106E180008000020FFFEFFFF00700040FFFFFFEFAB
:106E28008813000038213F4DAA680A40102A51D023
:106E38003D4A022B38D12B68802713402B60FEF780
:106E4800C1FB0600BF042B683B4227D1616A236A55
:106E5800EA680B43354980260A401343E26AB604C0
:106E68001343226B1343A26A12021343EB6080237D
:106E78002A685B0413432B608023EA685B0513438D
:106E8800EB60FEF79FFB04002B68334200D04FE60F
:106E9800FEF798FB001B0228F6D973E6FEF792FB73
:106EA800801B0228CFD96DE62B68802613402B6003
:106EB800FEF788FB0400B6042B68334204D1EB6864
:106EC8001B4A1340EB6033E6FEF77CFB001B0228ED
:106ED800F2D957E6012B00D115E60322E868216AAA
:106EE80002408A4200D00EE67022616A02408A425D
:106EF80000D008E6FE21A26AC901014012029142AF
:106F080000D000E6F822E16A920302408A4200D0EB
:106F1800F9E5236B400F4007C01A431E9841C0B2E1
:106F2800F2E5C04600100240FFFFFFFE8C80C11F43
:106F3800FCFFFEEF382370B51D4CA2681A4205D13C
:106F480023681C489B045B0FD84070BDA2681A4098
:106F5800082A27D0A2681A40102A17D1E368E168E6
:106F6800DB43E5684906490F6F322D0A01311540A8
:106F78009B0709D11048F9F7C9F8E1686843490F38
:106F88000131F9F7C3F8E0E70A48F4E7A2681A40C4
:106F9800202A09D0A26800201340182BD5D1FA2046
:106FA800C001D2E70448D0E780200002CDE7C04600
:106FB800001002400024F40000127A00F7B5040023
:106FC8000D00002801D10120FEBD07274A4E336875
:106FD8003B408B422AD3226893073BD4D20748D43C
:106FE800072733683B40AB420AD93368BB432B437E
:106FF8003360FEF7E7FA019033683B40AB426BD150
:1070080023683E4D5B076FD4FFF794FFAB683C499C
:107018001B051B0F9B005B581F210B40D840394AAA
:10702800394B10601868FEF785FACDE73368BB4323
:107038000B433360FEF7C6FA019033683B40AB421E
:10704800C9D0FEF7BFFA019BC01A304B9842F4D959
:107058000320B9E72949530704D5E0238868DB01F1
:1070680003438B608B682A480340A06803438B6006
:10707800B4E76268214F012A19D13B689B03A2D566
:107088000721BB688B431343BB60FEF79BFA019053
:107098003823BA681A406368DB009A42A0D0FEF72A
:1070A80091FA019BC01A194B9842F1D9D0E7022AEC
:1070B80003D13B689B01E3D485E7002A03D13B68F1
:1070C8005B05DDD47FE70223032A03D1396E194219
:1070D800D6D178E7F96DFAE7FEF774FA019BC01A82
:1070E8000A4B984288D9B3E7AB680A4A1340E2686A
:1070F8001343AB6088E7C0460020024000100240FE
:10710800809000080000002008000020881300007C
:10711800FFF0FFFFFF8FFFFF064B07499B68074AF9
:107128005B045B0F9B005B581F2110680B40D84025
:107138007047C04600100240609000080000002020
:10714800F0B50368050085B000209B0351D5802267
:10715800484C5205E36B0090134208D1E36B13438C
:10716800E363E36B13400393039B0123009380279E
:10717800414E7F0033683B433360FEF723FA0190AA
:1071880033683B4227D0E16DC022080092006B694A
:107198001040114217D098420CD0E36D374AE16D88
:1071A8001340802252020A43E265E26D34490A40E4
:1071B800E265E365DB0706D5FEF704FA0227060059
:1071C800E36D3B424ED0E36D2C4A002013406A69C0
:1071D8001343E36506E0FEF7F5F9019BC01A0228A0
:1071E800CED90320009B012B03D1E36B254A134022
:1071F800E3632A68D30706D503241E494B6DA343CE
:107208006C6823434B65930606D51A491E4C4B6D93
:107218002340AC6823434B6553040FD515492C69AB
:107228004B6D9B009B0823434B658023DB059C42E9
:1072380004D18023CC685B022343CB6012050FD5B1
:107248000C4A124C536DE96823400B435365802365
:10725800DB01994204D18023D1685B020B43D360E0
:1072680005B0F0BDFEF7AEF9094B801B9842A7D9CF
:10727800B7E7C0460010024000700040FFFCFFFF67
:10728800FFFFFEFFFFFFFFEFFFCFFFFFFF3FFFFF07
:107298008813000070B50124036A026AA2430262DF
:1072A8004468164A856915400A68154302229343C3
:1072B8008A681343124A904205D0124EB04202D057
:1072C800114EB04213D10826B343CE683343042687
:1072D800B343904205D00B4A904202D00A4A9042EA
:1072E80005D10A4A8E6922404C69344314434A68DE
:1072F800446085614263036270BDC0468CFFFEFF37
:10730800002C01400044014000480140FFFCFFFF01
:1073180070B5174A056A036A134003624268154B41
:10732800C4691C400B681C43134B1D408B681B022F
:107338002B43124DA8420ED1114D1D40CB681B02A4
:107348002B43104D2B40104D4E6915408A6932432E
:1073580012012A4305E00D4DA842F4D00C4DA84275
:10736800F1D042604A68C461C263036270BDC0461E
:10737800FFFEFFFF8CFFFEFFFFFDFFFF002C01401B
:10738800FFF7FFFFFFFBFFFFFFCFFFFF00440140B8
:107398000048014030B5124A046A036A114D13408F
:1073A80003624368C2692A400D682D0215430E4ADC
:1073B80014408A68120322430C4CA04205D00C4C9E
:1073C800A04202D00B4CA04204D10B4C1C404B698C
:1073D8009B01234343604B68C5610364026230BD6F
:1073E800FFEFFFFFFF8CFFFEFFDFFFFF002C0140D8
:1073F8000044014000480140FFBFFFFF70B5066A26
:10740800104C036A104A234003624368456D1540D7
:107418000A6815430D4A16408A68120432430C4E16
:10742800B04205D00B4EB04202D00B4EB04203D151
:107438001C404B691B02234343604B6845658365C9
:10744800026270BDFFFFFEFF8FFFFEFFFFFFFDFF23
:10745800002C0140004401400048014030B5124A68
:10746800046A036A114D134003624368426D2A405F
:107478000D682D0215430E4A14408A6812052243EE
:107488000C4CA04205D00C4CA04202D00B4CA042A0
:1074980004D10B4C1C404B699B02234343604B684F
:1074A8004565C365026230BDFFFFEFFFFF8FFFFE3A
:1074B800FFFFDFFF002C014000440140004801406D
:1074C800FFFFFBFF70477047704770477047704772
:1074D8000222036870B5DD681E69040016420DD0EB
:1074E80015420BD0053A1A61043202779B699B0753
:1074F80000D17CE0FFF7E9FF0023237704231E4235
:1075080012D01D4210D00522236852421A61073258
:1075180022779A69C0239B0020001A4200D16CE0B0
:10752800FFF7D3FF0023237708231E420FD01D4205
:107538000DD00922236852421A610D322277DB6985
:1075480020009B075FD0FFF7C0FF0023237710239D
:107558001E4211D01D420FD01122236852421A61D7
:1075680019322277DA69C0239B0020001A4250D0D2
:10757800FFF7ABFF0023237701231E4208D01D42EB
:1075880006D002222368524220001A61FFF79BFFAF
:1075980082239B011E4207D02B0605D52368204A6B
:1075A80020001A6100F00DFBF30507D52B0605D561
:1075B80023681C4A20001A6100F004FB40231E4285
:1075C80008D01D4206D041222368524220001A6189
:1075D800FFF77DFF20231E4208D01D4206D021223E
:1075E8002368524220001A6100F0EAFA70BDFFF7E2
:1075F8006BFF2000FFF76AFF7EE7FFF765FF2000BB
:10760800FFF764FF8EE7FFF75FFF2000FFF75EFFDD
:107618009BE7FFF759FF2000FFF758FFAAE7C0468E
:107628007FDFFFFFFFFEFFFF1C4A10B50368904293
:1076380002D01B4CA04208D17024A3434C682343BA
:1076480090420BD0164CA04208D0164CA04205D050
:10765800154CA04202D0154CA04203D1144C1C403A
:10766800CB6823438024A3434C69234303608B687E
:10767800C3620B688362904205D00B4B984202D0DC
:107688000A4B984201D10B690363012242610369E5
:10769800134202D003699343036110BD002C0140DB
:1076A8000004004000200040004401400048014020
:1076B800FFFCFFFF70B504000120002C23D025003B
:1076C8003D352B78DAB2002B05D123003C3320005E
:1076D8001A70FDF7F1FD02232B702068211DFFF7BA
:1076E800A3FF2200012300204832137047340A3ACE
:1076F800137053709370D370137153719371D37166
:10770800137223702B7070BD70B504000120002C1B
:1077180023D025003D352B78DAB2002B05D1230084
:107728003C3320001A70FFF7CDFE02232B7020682F
:10773800211DFFF779FF2200012300204832137032
:1077480047340A3A137053709370D370137153719E
:107758009371D371137223702B7070BD102270B5A2
:10776800056A036A164C934303624268836923409F
:107778000C6824021C4320239D438B681B012B4368
:10778800104DA8420FD18025AB431E00CB68403D69
:107798001B013343AB430C4D4E6915408A69324394
:1077A80092002A4305E0094DA842F4D0084DA842AA
:1077B800F1D042604A6884618263036270BDC0464A
:1077C800FF8CFFFE002C0140FFF3FFFF0044014047
:1077D80000480140F8B507003C3715003A78030027
:1077E8000C000220012A0CD0013838700C2D51D021
:1077F80008D8042D2DD0082D3CD0002D17D00023FB
:107808003B70F8BD102D58D0142DF8D11D682800F4
:10781800FFF724FE80236A6D1B0113436B656B6DB4
:107828002E4A13406B6523696A6D1B0253E01D687D
:107838002800FFF72FFD0823AA6913430422AB6130
:10784800AB699343AB61AB6922691343AB61002019
:10785800D5E71D682800FFF781FF8023AA691B016F
:107868001343AB61AB691D4A1340AB612369AA6935
:107878001B02EAE71E683000FFF74AFD0422F3699D
:107888001D43F561F3699343F361F3692269134377
:10789800F361DCE71D682800FFF77CFD8023EA69B7
:1078A8001B011343EB61EB690C4A1340EB6123693D
:1078B800EA691B021343EB61C9E71D682800FFF75B
:1078C8009DFD08236A6D134304226B656B6D93431A
:1078D8006B656B6D226913436B65B8E7FFFBFFFFB0
:1078E80030B58468034D0A431B022C4013432343DD
:1078F800836030BDFF00FFFFF8B5050002223C356C
:107908002C7803001000012C1BD01E0001383D36D6
:10791800287032701C68414AA3681340A3600B6842
:10792800602B4ED02DD8402B62D013D8202B0BD0F3
:1079380008D810221900914306D001233370002380
:107948002B70F8BD302BF8D1A26835490A40134393
:10795800072228E0502BF0D14A68CB68216A276AB1
:107968001B0187432762F027A069B84303430A2015
:1079780081430A43A3612262294BA2681A40572314
:1079880011E08022520193420FD08022920193424B
:107998000DD0702BD1D1CB684A6820008968FFF7D9
:1079A8009FFF7723A2681343A3600020C5E7CB6835
:1079B8004A6820008968FFF793FF8023A268DB01EB
:1079C800F1E710274B68CA68216A206A1203B84396
:1079D8002062A069134F1B0138400243A020814355
:1079E8000B43A2612362A2680D4B1A406723DAE7B2
:1079F8004A68CB68216A276A1B0187432762F027F8
:107A0800A069B84303430A2081430A43A361226261
:107A1800034BA2681A404723C5E7C0468800CEFF3B
:107A28008FFFCFFFFF0FFFFF1F2310B50124194061
:107A38008C408A40036AA3430362036A1A430262C2
:107A480010BD000010B508291CD006D800290BD09D
:107A5800042914D00300433308E00C2915D0102959
:107A6800F8D10300423301E003003E331B78013BA9
:107A78005A1E9341DBB2002B0AD0012042E00300DA
:107A88003F33F3E703004033F0E703004133EDE70A
:107A9800022308293ED009D800290ED0042932D063
:107AA8000200433213700429E7D12FE00C2939D0A2
:107AB8001029F5D142300370DFE702003E3213701F
:107AC8000468E2681343E360046801222000FFF7BA
:107AD800ABFF1C4A94422DD01B4B9C422AD01B4B17
:107AE8009C4227D01A4B9C4207D1A368194A1340DD
:107AF800062B06D0073A934203D00123226813438A
:107B08002360002010BD02003F3213700268042376
:107B1800D4680DE00200403213700268D3680B434A
:107B2800D360D1E702004132137010230268D46891
:107B38002343F5E78023616C1B020B436364944283
:107B4800D3D0CFE7002C0140004401400048014059
:107B5800000400400700010010B5FFF773FF10BDD7
:107B6800F0B5040002223C34257803001000012DF2
:107B78001FD01D003D352A701A680E4E5368906854
:107B8800B24203D10C4F3B404F683B437027BB4385
:107B98000F683B435360B24202D0084B9A4204D16B
:107BA800802398438B6818439060012300202B7032
:107BB8002070F0BD002C0140FFFF0FFF00040040C3
:107BC800704770477047000030B5EFF3108401220A
:107BD80082F310880168134D0B682B400B6084F307
:107BE8001088EFF3108182F3108802680E4C9368B6
:107BF8002340936081F31088C36E012B0AD1EFF301
:107C0800108183F31088102402681368A34313605B
:107C180081F31088030020228C331A600023C36686
:107C2800436730BDDFFEFFFFFEFFFFEF30B5EFF328
:107C38001084012282F31088802501680B68AB4309
:107C48000B6084F31088EFF3108182F310884023CF
:107C5800026810680343136081F3108830BD030085
:107C680088331B6810B5212B06D1020056321388C1
:107C7800002B02D1FFF7DAFF10BD036D01681C78F5
:107C880001338C6203651388013B9BB21380F3E7D1
:107C9800030088331B6810B5212B06D1010056312B
:107CA8000B88002B02D1FFF7C1FF10BD026D0468DD
:107CB80013880232DB05DB0DA36202650B88013BEA
:107CC8009BB20B80F1E70000030088331B6870B596
:107CD800212B21D10300010080246A331B885631EF
:107CE800002B19D00A88002A17D1EFF3108401322B
:107CF80082F310880168114D8B682B408B6084F3E8
:107D08001088EFF3108182F310884023026810680E
:107D18000343136081F3108870BD0568EA69224245
:107D280008D0026D16780132AE6202650A88013AFF
:107D380092B20A80013B9BB2D2E7C046FFFF7FFFA9
:107D4800030088331B6870B5212B21D10300010083
:107D580080246A331B885631002B19D00A88002AE0
:107D680017D1EFF31084013282F310880168124DA5
:107D78008B682B408B6084F31088EFF3108182F3BB
:107D880010884023026810680343136081F3108849
:107D980070BD0668F26922420AD0056D2A8802354C
:107DA800D205D20DB26205650A88013A92B20A80FC
:107DB800013B9BB2D0E7C046FFFF7FFF30B505000F
:107DC80088352C6803000220202C37D1013800297F
:107DD80034D0002A32D080209C684001844205D1EA
:107DE8001869002802D10130014227D1196519000C
:107DF80054310A804A801A000021903211602122F1
:107E080080212A608022586E92054901904216D13D
:107E1800144A8C4203D11969002900D1124A9A6781
:107E2800EFF31081012282F310881A68802390688A
:107E38001B040343936081F31088002030BD0B4A74
:107E48008C4203D11969002900D1094A9A67EFF3D6
:107E58001081012282F310881A6880231068034376
:107E68001360E8E7D17C0008497D0008677C0008BA
:107E7800997C00087047806A0023020010B55E32C2
:107E88001380083A1380FFF7F5FF10BD7047000014
:107E9800F7B50168C14DCB6904000A6888682B42B0
:107EA80010D120252B4200D19BE080267605154075
:107EB8000640354300D194E0636F2000002B00D0CA
:107EC80085E085E0B64D05400095B64D009E15400D
:107ED800354300D185E0250001269035334205D091
:107EE800D70503D50E622F683E432E600226334223
:107EF8000CD0C7070AD527000E6290373E68019755
:107F0800B446042667463E43019F3E60042633423A
:107F18000CD0C7070AD527000E6290373E68019734
:107F2800B446022667463E43019F3E600826B44693
:107F3800334209D02027009E1740374304D06646B5
:107F48000E622F683E432E6080263601334206D0EB
:107F5800570104D50E6220212E6831432960296813
:107F6800002935D020210B420AD080235B0511401F
:107F78000340194304D0636F002B01D020009847B9
:107F880022682B684027966828223E40134020002C
:107F98001E4322D0FFF718FE23689B683B4218D087
:107FA800EFF31081012383F31088250004CD936833
:107FB800BB43936081F31088E86F002809D07A4B9F
:107FC8008363FDF78FFB002802D0E86F836B984727
:107FD800F7BD2000FFF74EFFFAE7FFF74BFF2E60D3
:107FE800F6E7E56E012D00D09FE01026334200D160
:107FF8009BE0324200D198E00E62896840230A0073
:108008001A40194257D0211DCA6F1068426892B2AF
:10801800002ADDD027005C373F889742D8D927004F
:108028005E373A80026820208446104000906046FF
:10803800024232D1EFF3108785F3108820685B4E37
:1080480002683240026087F31088EFF3108785F3E7
:10805800108820688268AA43826087F31088EFF34B
:10806800108785F31088206882689A43826087F3B6
:108078001088230062468C331A60009BE366EFF396
:10808800108085F3108822680F351368AB4313609E
:1080980080F31088C86FFDF7EBFA022322002367EC
:1080A80023005C325E331B881188C91A89B220000C
:1080B800FFF7ECFE8CE7230020005C335E30198864
:1080C800038800889BB2002800D181E7C91A89B2C9
:1080D800002900D17CE7EFF3108785F3108820682A
:1080E800334E03683340036087F31088EFF310873B
:1080F80085F3108820682F4E83683340836087F3A8
:108108001088230020208C331860E2666267EFF342
:10811800108085F31088102522681368AB4313601C
:1081280080F3108802232367C1E780256D032B4263
:1081380006D0460204D520000D6200F0BBFD47E7DB
:1081480080210B4207D080252D041140284001438F
:1081580001D0A36FB1E640210B4216D00A4214D0D9
:10816800EFF31080012383F31088226813688B4390
:10817800136080F310882300202288331A600023BC
:108188002000A367FAF74CFE22E7190214D5510024
:1081980012D5200000F090FD1AE7C0460F08000035
:1081A80001000010200100047F7E0008FFFEFFFF91
:1081B800DFFEFFFFFEFFFFEFDB0100D408E7002A28
:1081C80000DB05E7200000F076FD01E70100F8B5C7
:1081D80003008C310C6860331A880368222C57D14D
:1081E8005B6A846D134002002370836D5E32013335
:1081F80083651388013B9BB2138013889CB2002BC4
:1082080042D1EFF31086013383F310880568234FBA
:108218002A683A402A6086F31088EFF3108683F3C1
:1082280010880568AA689A43AA6086F310882022F5
:108238000A60026804675268446712020AD5EFF3BD
:10824800108183F310880268154C1368234013606B
:1082580081F31088C36E012B17D10022C266EFF399
:10826800108483F3108801680F330A689A430A6000
:1082780084F310880268D169194200D013620300A0
:108288005C331988FFF702FEF8BDFAF7ADFDFBE78E
:10829800082299690A439A61F6E7C046DFFEFFFFA4
:1082A800FFFFFFFB0200F8B503008C321168603352
:1082B8001C880368222956D1596A836D2140198088
:1082C8000100023383655E310B88013B9BB20B8052
:1082D8000B889CB2002B42D1EFF31086013383F355
:1082E80010880568224F29683940296086F310886C
:1082F800EFF3108683F310880568A9689943A9608D
:1083080086F3108820211160026804675268446768
:1083180012020AD5EFF3108183F310880268154C16
:1083280013682340136081F31088C36E012B17D1A3
:108338000022C266EFF3108483F3108801680F33BC
:108348000A689A430A6084F310880268D16919425E
:1083580000D0136203005C331988FFF797FDF8BD5E
:10836800FAF742FDFBE7082299690A439A61F6E7A2
:10837800DFFEFFFFFFFFFFFB0300F0B560331B8844
:1083880085B0029303680400DD691A6803929A684D
:10839800019202008C321268222A00D0C2E0030047
:1083A80068331B88002B02D020231D4225D12300CF
:1083B8005E331B889AB2002B1DD0230068331B88BC
:1083C800934218D9EFF31080012282F310882168B4
:1083D800574D8B682B408B6080F31088554B636733
:1083E800EFF3108182F3108820232268106803437A
:1083F800136081F3108805B0F0BD26002368029948
:108408005B6AA26D0B401370A36D5E360133A365E2
:1084180033882268013B9BB233800723D5691D420C
:108428002FD0063B1D4208D00399C90505D5210068
:1084380013629031086803430B6002231D4209D080
:108448000199C90706D52100136290310868DB1825
:1084580003430B6004231D4209D00199C90706D5BF
:108468001362220090321168023B0B43136027000D
:1084780090373B68002B04D02000FFF7FBFC00235B
:108488003B60338899B2002B00D08DE7EFF310865C
:10849800013383F310882068274F02683A4002604E
:1084A80086F31088EFF3108683F310882068234F33
:1084B80082683A40826086F31088220020208C323D
:1084C8001060226821675268616712020AD5EFF3CB
:1084D800108183F3108822681948136803401360D9
:1084E80081F31088E36E012B18D10022E266EFF3C6
:1084F800108083F3108821680F330A689A430A6052
:1085080080F310882268D169194200D013622300D1
:108518005C3320001988FFF7B9FC45E72000FAF71B
:1085280063FC41E7082299690A439A6163E7C046F8
:10853800FFFFFFEFD5810008FFFEFFFFFEFFFFEF03
:10854800FFFFFFFB0300F0B560331B8885B0029383
:1085580003680400DD691A6803929A6801920200B0
:108568008C321268222A00D0C0E0030068331B88CE
:10857800002B02D020231D4225D123005E331B8807
:108588009AB2002B1DD0230068331B88934218D958
:10859800EFF31080012282F310882168564D8B6812
:1085A8002B408B6080F31088544B6367EFF3108186
:1085B80082F310882023226810680343136081F334
:1085C800108805B0F0BD260023680298596AA26D8C
:1085D800014011800232A2655E363288013A92B2B9
:1085E80032800722DD6915422FD0063A154208D09D
:1085F8000399C90505D521001A629031086802431C
:108608000A600222154209D00199C90706D521003E
:108618001A6290310868921802430A6004221542CF
:1086280009D00199C90706D51A622200022390329F
:1086380011680B431360270090373B68002B04D068
:108648002000FFF717FC00233B60338899B2002B0A
:1086580000D08FE7EFF31086013383F3108820688A
:10866800274F02683A40026086F31088EFF31086BD
:1086780083F310882068234F82683A40826086F32B
:108688001088220020208C321060226821675268EE
:10869800616712020AD5EFF3108183F3108822680C
:1086A800194813680340136081F31088E36E012BA7
:1086B80018D10022E266EFF3108083F31088216856
:1086C8000F330A689A430A6080F310882268D169D8
:1086D800194200D0136223005C3320001988FFF789
:1086E800D5FB47E72000FAF77FFB43E708229969A3
:1086F8000A439A6165E7C046FFFFFFEFAD820008B5
:10870800FFFEFFFFFEFFFFEFFFFFFFFB70B504005A
:108718002569A168036829436569C26929431868FE
:10872800494D114328400143196059684748256A53
:108738000140E06801435960A16998682943444DA4
:10874800284001430F209960D96A8143606A014338
:10875800D96240498B4215D103213F4B5B6D0B40D9
:10876800013B022B60D83D49C85C80231B029A421A
:108778002FD1082856D8F7F7BFFC5B550E550B5577
:1087880055550F0036495B18591E8B411801ECE707
:10879800FEF7D0FB4EE0334A616A334B49001000C4
:1087A800C95AF7F7B3FC656840006B08C018290080
:1087B800F7F7ACFC02002D4B103A9A4232D80F233F
:1087C800020000079A4393B2400F22680343D36024
:1087D80032E0082826D8F7F78FFC1A2505251F252B
:1087E800252522001F48626A1F4B5200D15AF7F70D
:1087F8008DFC65686B08C0182900F7F787FC020034
:108808001A4B103A9A420DD82368D86014E0FEF744
:1088180083FC002810D0E6E7FEF78CFBF9E7802000
:108828000002E0E7012008E080231B029A42EED113
:10883800FEF772FC021EAFD100200D4BA366002389
:108848006367A36770BDC046F369FFCFFFCFFFFF23
:10885800FFF4FF110038014000100240C0900008EA
:1088680000BCFFBF0024F400C4900008EFFF000024
:1088780001000100836A30B51A0706D50168284C43
:108888004A682240846B22434A60DA0706D50168A9
:10889800244C4A682240C46A22434A609A0706D593
:1088A8000168214C4A682240046B22434A605A07F7
:1088B80006D501681D4C4A682240446B22434A6031
:1088C800DA0606D501681A4C8A682240C46B22432E
:1088D8008A609A0606D50168164C8A682240046C9C
:1088E80022438A605A0610D50168134D4A68446CC1
:1088F8002A4022434A6080225203944205D14A68A2
:108908000E4C2240846C22434A601B0606D502683E
:108918000B4953680B40C16C0B43536030BDC046D4
:10892800FF7FFFFFFFFFFDFFFFFFFEFFFFFFFBFFD6
:10893800FFEFFFFFFFDFFFFFFFFFEFFFFFFF9FFFDF
:10894800FFFFF7FFF7B504000D001700009322683A
:10895800D3692B405B1B59424B41BB4201D00020DD
:1089680026E0089B0133F3D0FCF72CFE009BC01ACD
:10897800089B98422DD8002B2BD023681A685207E1
:10898800E5D52A004021403A8A43E0D0DA69082632
:1089980011003140019132420BD020001E62FFF7D6
:1089A80013F9230090331E600023012084342370C0
:1089B800FEBD8022D96912011142C8D01A62200076
:1089C800FFF702F92300202290331A60019B8434B8
:1089D80023700320ECE70000030073B500260400B1
:1089E80090331E60FCF7EEFD236805001B681B072B
:1089F8001FD58021284B32000093890303002000F3
:108A0800FFF7A0FFB04214D0EFF31081012383F3E6
:108A180010888020226813688343136081F31088CC
:108A28002300202288331A60032000238434237013
:108A380076BD260023688C361B685B0723D580210A
:108A4800154B0022009320002B00C903FFF77AFF83
:108A5800002818D0EFF31080012282F310882168D3
:108A68000E4D0B682B400B6080F31088EFF31080DD
:108A780082F3108821688B6893438B6080F3108899
:108A880020233360D0E723002022002088331A6097
:108A98003260E0662067C8E7FFFFFF01DFFEFFFFE7
:108AA80003005C3370B5816580241A805A800023E6
:108AB800816843676401A1424ED10369591E8B4105
:108AC800FF215B428B433C495B18010060310B80FE
:108AD80003000021903319602231043B1960EFF341
:108AE8001084012383F3108801688D682B438B6001
:108AF80084F3108880258021466E84680369AD055B
:108B08004901AE423AD1050068352D88954235D8DD
:108B18002A4A8C4202D1002B00D1294A4267002BF5
:108B28000BD0EFF31081012383F310880268FF3321
:108B380014682343136081F31088EFF31081012335
:108B480083F31088802302685B0590680343936071
:108B580081F31088002070BD002905D101697F23A9
:108B68000029B2D18033B0E780246405A142ACD19A
:108B780001693F230029A8D14033A6E7114A8C4256
:108B880002D1002B00D1104A42670122002B0AD0E3
:108B9800EFF3108182F31088902302685B0010685D
:108BA80003431360D4E7EFF3108182F3108802685F
:108BB80020231068F4E7C046FF0100008183000805
:108BC8004D850008D5810008AD82000803008C306F
:108BD80070B504680220202C25D10138002922D044
:108BE800002A20D080209C684001844205D1186961
:108BF800002802D10130014215D10020D86618683A
:108C0800406800020CD5EFF31085012080F310882E
:108C180080201C68C00426683043206085F31088D3
:108C28001800FFF73DFF70BDF7B504000E001D00EA
:108C38000192002801D10120FEBD070088373B685A
:108C4800002B04D1020084321370FCF713FC242398
:108C5800012122683B6013688B431360A36A002BD1
:108C680002D02000FFF706FE2000FFF74FFD012885
:108C7800E1D080222368D20199682D040A439A60C2
:108C88009A680A4920000A4032439A60019A5105BD
:108C98000D431A6806490A40154301221D601968E8
:108CA8000A431A60FFF798FEC6E7C046FF7FFFFF3A
:108CB800FFFF00FC70477047704710B5884206D820
:108CC80000239A4208D0CC5CC4540133F9E78B18CE
:108CD8009842F5D2013A00D210BD8B5C8354F9E773
:108CE80003008218934200D1704719700133F9E7E5
:108CF800014B18687047C0460C00002070B500266C
:108D08000C4C0D4D641BA410A64209D1002600F09E
:108D180027F90A4C0A4D641BA410A64205D170BD60
:108D2800B300EB5898470136EEE7B300EB58984785
:108D38000136F2E7DC900008DC900008E0900008BB
:108D4800DC900008F8B504000D0000F021F82200BE
:108D580006000F002B0020002900F9F7A9FD0028C4
:108D680013D10022002320002900F7F771FA002808
:108D78000BD0FFF7BDFF2123002203600023100062
:108D88001900F8F7EDFA06000F0030003900F8BDB9
:108D9800F0B50A000D006D4904000300080087B013
:108DA8002840884211D122002B0020002900F8F722
:108DB8001BFF02000B0020002900F7F76DFF0400DD
:108DC8000D002000290007B0F0BD002D11DC69005E
:108DD80049082143F5D00020854210D022002B00FD
:108DE80020002900F9F7C8F902000B00F8F7B8FAD3
:108DF800E5E7281515D180240021640307E0DA0A85
:108E080015385B05002AFAD0F5E7520001312242F5
:108E1800FBD04C1E001B20241D00641AE5408B402B
:108E28002A434B49120344188021120B490311436A
:108E3800C00703D4DA0F490051185B0000256210FF
:108E4800490080240592DA0F5218162029005B0089
:108E5800A4030E19964202DC3119921B2D19DE0F5C
:108E68005200013892195B0064080028F1D12026CD
:108E78008027040004963F06C619B446914202DBD7
:108E880014D19E4212D860466646C0190091002E41
:108E980003DAC643F60F8E190096521A63458941C4
:108EA8004942521A61465B1A0099E419DE0F5200D2
:108EB8009219049E5B00013E7F080496002EDBD1C8
:108EC8001A431FD0234E244F306871683A687B6874
:108ED800009201933268736802920393009A019B8F
:108EE800F9F74AF902000B0002980399F7F7BAF963
:108EF800002807D0306871683A687B68671C0FD112
:108F0800049C0135154B6A10D2186308ED0702D589
:108F1800802109060B4305991C0009058D1850E7A7
:108F2800F7F7BAFE7768366802000B0030003900A0
:108F3800F7F78EF9002804D0023463426341ED1834
:108F4800E0E7012301349C43DCE7C0460000F07FE2
:108F580001FCFFFF68000020600000200000E03FE7
:108F6800F8B5C046F8BC08BC9E467047F8B5C04680
:108F7800F8BC08BC9E46704701B40248844601BC50
:088F8800604700BF71000020EA
:108F90000E0500083E04000856040008740400088A
:108FA00056040008B80400085604000874040008B9
:108FB0003E0400083E040008B804000874040008D9
:108FC0005E0400085E0400085E040008C204000895
:108FD0003E0400083E040008560400084C05000842
:108FE00056040008B8040008560400084C050008A0
:108FF0003E0400083E040008B80400084C050008C0
:109000005E0400085E0400085E04000850140008B6
:1090100042140008201400084C1400082014000812
:1090200036170008201400084C14000842140008E9
:1090300042140008361700084C14000808140008F1
:109040000814000808140008A81700080001030409
:109050000506070C0D0F12131415161718191A1BF5
:109060000000000000000000000000000000000000
:1090700001000000020000000300000004000000E6
:1090800000000000000000000000000000000000E0
:1090900000000000000000000000000000000000D0
:1090A00001000000020000000300000004000000B6
:1090B0000600000007000000080000000900000092
:1090C00004020800010002000400060008000A0073
:0C90D0000C001000200040008000000197
:0490DC00E1000008A7
:0490E000B9000008CB
:1090E4000024F4000100000004000000100000202F
:1090F40000000000CC050020340600209C0600205F
:10910400000000000000000000000000000000005B
:10911400000000000000000000000000000000004B
:10912400000000000000000000000000000000003B
:10913400000000000000000000000000000000002B
:1091440059F3F8C21F6EA501000000000000F03FB3
:1091540080220C4B30B55C69D20222435A61EFF392
:10916400108272B64C1CFF34401A0D68455004310D
:109174008C42FAD18021490218690842FCD182F359
:08918400108830BD00200240FC
:04000005080054E9B2
:00000001FF
