:020000040800F2
:100000000020002075630008C5600008C760000874
:1000100000000000000000000000000000000000E0
:10002000000000000000000000000000C96000089F
:100030000000000000000000CB600008CD60000858
:10004000C563000800000000C5630008C563000820
:10005000C5630008C5630008C5630008C5630008E0
:1000600000000000C5630008C5630008C563000800
:10007000C5630008C5630008C563000800000000F0
:10008000096100080000000000000000C5630008CE
:1000900000000000C5630008C5630008196100087E
:1000A000C5630008C5630008C5630008C563000890
:0800B0003961000800000000A6
:1000B80010B5064C2378002B07D1054B002B02D036
:1000C800044800E000BF0123237010BDA8000020F1
:1000D80000000000089E0008044B10B5002B03D058
:1000E8000349044800E000BF10BDC04600000000FE
:1000F800AC000020089E000802B471464908490077
:10010800095C49008E4402BC7047C046002243087F
:100118008B4274D303098B425FD3030A8B4244D3C7
:10012800030B8B4228D3030C8B420DD3FF22090209
:1001380012BA030C8B4202D31212090265D0030BC8
:100148008B4219D300E0090AC30B8B4201D3CB03BE
:10015800C01A5241830B8B4201D38B03C01A524100
:10016800430B8B4201D34B03C01A5241030B8B4202
:1001780001D30B03C01A5241C30A8B4201D3CB02ED
:10018800C01A5241830A8B4201D38B02C01A5241D2
:10019800430A8B4201D34B02C01A5241030A8B42D5
:1001A80001D30B02C01A5241CDD2C3098B4201D3ED
:1001B800CB01C01A524183098B4201D38B01C01A6B
:1001C800524143098B4201D34B01C01A52410309E2
:1001D8008B4201D30B01C01A5241C3088B4201D391
:1001E800CB00C01A524183088B4201D38B00C01A3E
:1001F800524143088B4201D34B00C01A5241411A65
:1002080000D20146524110467047FFE701B5002071
:1002180000F006F802BDC0460029F7D076E770471F
:100228007047C0468446100062468C4619006346F3
:1002380000E0C0461FB501F065FC002801D400218C
:10024800C8421FBD10B501F0A5FB4042013010BDEA
:1002580010B501F057FC002801DB002010BD01207B
:1002680010BDC04610B501F04DFC002801DD00208E
:1002780010BD012010BDC04610B501F0CFFB00280D
:1002880001DC002010BD012010BDC04610B501F0F2
:10029800C5FB002801DA002010BD012010BDC046B2
:1002A8009E2110B5C905041C02F080FC002803D16A
:1002B800201C00F043FC10BD9E21201CC90500F045
:1002C80099FA00F03BFC80231B069C466044F2E749
:1002D80070B500220C4B04000D00FFF7D7FF002873
:1002E80004D12000290002F005FB70BD064B002256
:1002F8002000290001F040FF02F0FCFA80231B06D1
:100308009C466044F1E7C0460000E04170B5060035
:10031800080002F02BFB0022064B01F065FC0D00E3
:100328000400300002F022FB2B00220000F0B4FC95
:1003380070BDC0460000F041F0B54F464646D6466F
:100348004402C0B547000E1C640A3F0EC50F002FBB
:100358003CD0FF2F42D00023802299469A46E400E1
:10036800D20414437F3F73025B0A984673001B0E46
:10037800F60F002B1BD0FF2B13D042468021D20052
:10038800C9041143884600207F3B2900FF1A4B46C9
:100398007140C9B20F2B00D9B5E0744A9B00D358FD
:1003A8009F464346002B3FD1FF3F023303E04346BD
:1003B800002B2DD1012329004A467140C9B21A43A6
:1003C8000E2A38D86A48920082589746002C13D1D2
:1003D80004239946033B00279A46C4E7002C05D11D
:1003E80008239946063BFF279A46BCE70C23994603
:1003F800093BFF279A46B6E7200002F0E1FB762783
:10040800431F9C4000237F4299469A463F1AAAE719
:10041800404602F0D5FB4246431F9A4076235B4292
:100428001B1A90460020B0E703234A461A43914618
:100438000320FC33A9E70D00FF200022C005ED07CB
:1004480010432843E0BCBA46B146A846F0BD0D00AB
:1004580000200022F2E75346022BEDD0032B33D0C5
:10046800A046012B05D100200022E7E7350003282C
:100478007AD03B007F33002B2DDD4246520707D050
:100488000F2241460A40042A02D004229446E0443E
:100498004246120105D54246364B1A403B0090466B
:1004A8008033FE2BC8DC42469201520AD8B2C5E717
:1004B80080220025FF20D203C0E78022D203144205
:1004C80002D04346134249D08022D203224352022B
:1004D800FF20520AB2E70122D31A1B2BC3DC424683
:1004E800DA4043469E37BB40591E8B411A43530797
:1004F80004D00F231340042B00D00432530129D514
:10050800012000229AE7424663015501AB4215D209
:100518001B200022013F01261C0052005B00002C1A
:1005280001DB9D4201D85B1B324301380028F3D11F
:10053800581E8341134398460D009AE71A2001225A
:100548005B1BE8E7023B5A4253415B4235000022FD
:10055800D8B273E792010020520A6FE71A43520299
:100568003500FF20520A69E74446ADE7309E00088F
:10057800709E0008FFFFFFF7F0B54F464646D64687
:1005880043025B0A4500C0B599460F1C2D0EC60FE5
:10059800002D00D188E0FF2D00D18DE08022DB0006
:1005A800D2041A430023914698469A467F3D7C021E
:1005B8007B00640A1B0EFF0F002B68D0FF2B21D095
:1005C8008022E400D204144342467F3B5B19002199
:1005D8005D1C0A2A2EDC7E404246022A23DC013AB0
:1005E800012A00D9BDE002296ED001292CD10020B2
:1005F8000022C005F60710433043E0BCBA46B146B6
:10060800A846F0BD2B00FF33002C65D003224146DD
:1006180011433200013588467A40FF350A2900DD4A
:10062800D8E016000321404601228240A620C000DF
:10063800024220D05346022B46D0032B00D1BBE008
:1006480051464C460129D2D02B007F33002B70DD58
:10065800620704D00F222240042A00D00434220169
:1006680003D5634B1C402B008033FE2B2CDCA201EE
:10067800520AD8B2BDE790208000024227D1B9388B
:10068800FF3810426DD03E00A1468A46D2E7002CC2
:1006980041D1012342461A4390462B00424601218C
:1006A8005D1C0A2A97DDC5E7002B26D1042398464E
:1006B800033B00259A467AE7002B18D10823984671
:1006C800063BFF259A4672E7FF20002291E7802229
:1006D8000026FF20D2038CE7414602220135114350
:1006E8008846FF350A29A5DC02217E4074E70C23E1
:1006F8009846093BFF259A4659E7180002F060FA28
:100708004A46431F76259A4000236D4291469846F3
:100718009A462D1A4BE7200002F052FA4246431F30
:100728009C402B1A763B00215D1C0A2A00DC52E70C
:1007380080E70122D31A1B2B00DD58E79E352200E3
:10074800AC40DA40631E9C412243530704D00F2378
:100758001340042B00D00432530137D50120002266
:1007680047E7210C4A462404240C2700100C1204E5
:10077800120C44435743484351433A0C0919521841
:10078800944203D9802149028C4660443F041104F5
:100798003F0CC9198C01671EBC41120C890E121836
:1007A8000C439201144312010ED5012362081C4028
:1007B800144349E73E00A14680224B46D2031A4320
:1007C8005202FF20520A14E71D003DE79201002063
:1007D800520A0EE70F29EDD180224B46D20313426D
:1007E800EAD01442E8D13E00FF20224301E7C04688
:1007F800FFFFFFF7F8B54746CE464E0243024500D5
:10080800720AC40F480080B594465F0A2D0E9B09F2
:10081800000EC90FB609FF2824D0012251402A1A18
:100828008C420FD0002A00DC6AE1002835D1002E66
:1008380000D1A2E0511E012A00D124E1FF2A21D0D3
:100848000A002FE0002A00DC67E100285ED0FF2DB7
:1008580018D08021C9040E431B2A00DC76E02A0048
:10086800013332E02A00FF3A9146002E42D08C42F2
:1008780055D04A46002A00D19CE0002D00D177E0EF
:100888000C003300DB08002B00D16EE08022D2037D
:1008980013435B02FF205B0A24E0FF2DF2D0802186
:1008A800C9040E4301211B2A08DC31002020D14055
:1008B800821A96403200501E824111435B1A5A0137
:1008C80060D407212A00194057D00F211940042964
:1008D80000D00433590150D5501CFE2A45D09B0145
:1008E800C0B25B0AC0051843E4072043C0BCB94640
:1008F800B046F8BD012251408C42BAD14A46002A7E
:1009080010D0002D00D198E00023BBE7002E34D092
:10091800511E012A6ED0FF2AB4D00A009CE7002A93
:1009280000D088E0FE206A1C104200D092E0002D22
:1009380000D0A4E0002B00D1CBE0002E00D0CAE00C
:100948000022DB085B025B0AD0B2CBE73100202033
:10095800D140821A96403200501E82410A439B18A9
:100968005A01AED56A1CFE2D4AD1FF200023B9E7F3
:10097800FF22002B4BD10C003300DB08FF2A00D1EB
:1009880081E7DFE79F01BF09380002F019F9053850
:100998008740854221DC3B002021421B0132D340A5
:1009A8008A1A97407A1E974100223B43590700D084
:1009B8008BE78FE7FE206A1C104212D1002D52D11E
:1009C800002B7CD0002EBBD09A1B500100D48BE0AA
:1009D80001240022F31A0C40E8E7564B2A1A3B4040
:1009E800E4E79F1B7A0146D4002FCDD100240020D4
:1009F800002377E79B1901250132590100D460E7EC
:100A080001214D4819405B0803400B43CEE7571EB0
:100A1800012A5AD00C00FF2A33D001221B2F07DCF1
:100A28002021C91B1A008B40FA40591E8B411A43DA
:100A38000500B31A43E7002D23D1FF22002B9BD0DA
:100A4800511E012AD6D0FF2A1BD01B292CDD0200FB
:100A5800731C3AE7FF2A88D09B195B08590700D016
:100A680033E7DB086EE7002B10D1002E43D00124BA
:100A780033000C4006E70124F71A0C4084E7002BEA
:100A880004D13300FEE601259B1B18E7002E00D198
:100A9800F8E68022D203974204D3944502D2012477
:100AA80033000C40DB08F1E61A002025CA40691A19
:100AB8008B40591E8B41134305009B1950E7002EAC
:100AC80094D0012433000C403AE70C000125F31AB6
:100AD800F5E6330034E79B1900225901C1D5154AC0
:100AE8001340DB0801222DE7002A00D17EE713001E
:100AF8000022DB0826E780230024FF20DB03F1E641
:100B0800002A00D156E7471B3A00002D00D130E7F4
:100B18008022D2040C0013437FE7002A00D101E7AA
:100B2800411B002D01D10A0088E78022D20413431B
:100B38008BE7C046FFFFFFFBFFFFFF7D410242003E
:100B4800C30F490A0020120E7E2A03DD9D2A02DD0A
:100B5800094A98187047802000040143952A07DC49
:100B68009620821AD1404842002BF3D10800F1E7C1
:100B7800963A9140F7E7C046FFFFFF7F70B500281F
:100B880013D0C317C5185D40C40F280002F018F829
:100B98009E2301001B1A962B0FDC082834D0083935
:100BA8008D406D026D0AD8B202E0002400200025B5
:100BB800C0052843E407204370BD992B16DC421F6B
:100BC800052800D095402A00114802406E0709D038
:100BD8000F263540042D05D00432550102D59F2338
:100BE80002405B1A9201550AD8B2E1E70522121AAF
:100BF8002800D040020008001B3085402800451E10
:100C0800A84102431500DEE76D0296206D0ACFE782
:100C1800FFFFFFFB70B5041E0ED001F0D1FF9E232D
:100C280001001B1A962B0CDC08282FD008398C40A1
:100C38006402640AD8B201E000200024C005204301
:100C480070BD992B16DC421F052800D09440220065
:100C580010480240650709D00F252C40042C05D008
:100C68000432540102D59F2302405B1A9201540AB0
:100C7800D8B2E3E7020020001B3290400200501E69
:100C880082410520401AC4401443E0E764029620DC
:100C9800640AD3E7FFFFFFFBF0B557464E464546CB
:100CA800DE46E0B583B0009001910C034F00CE0FF3
:100CB800610A009C1D03640F0C4300990092019384
:100CC800C80059004B0D9946009A019B6D0AD90F2F
:100CD800530F2B439A46009B7F0DDA0094464A46F1
:100CE800B046BA1A8E4200D1B0E0002A00DC78E0A3
:100CF8004946002900D1E9E0C9498F4200D195E170
:100D08000125382A16DC8021534609040B439A46EC
:100D18001F2A00DDE7E1202155468B1A61469D40D8
:100D2800D1400D43614699404B1E99415346D340EB
:100D38000D43E41A451BA84280414042241A23026D
:100D480000D40FE16402640A002C00D139E12000CC
:100D580001F036FF0300083B20212800CA1AD040C2
:100D68009C4002009D4022439F4200DD73E1D81B56
:100D78000130091A2C008D40C4406B1E9D411300A0
:100D8800C2408B402543002714001D436B0709D040
:100D98000F232B40042B05D02B1DAB42AD416D42D8
:100DA80064191D00230200D42DE19D4A01379742A2
:100DB80000D1D3E046469B49ED0821404A072A4323
:100DC8007C054D022D0B640D24052C43F607344396
:100DD8001000210003B0F0BCBB46B246A946A046AD
:100DE800F0BD002A00D184E04A46D21B002F00D073
:100DF8006DE12500054300D127E1561E012A00D1E7
:100E08003BE2874DAA4200D16AE20125382E12DC66
:100E180032001F2A00DDF8E120262500B61A070057
:100E28005346B040D440B540D740461EB0411B1B86
:100E38009A463D4305436246551BAC45924153468D
:100E480052420E004F4688469C1A78E7002A00DC7A
:100E58008EE04946002975D161465346194300D1B1
:100E6800F6E0511E012A00D191E16D4DAA4200D150
:100E7800DCE00125382914DC0A001F2A00DDA2E184
:100E880020215346891A8B401D006346D3401D43D9
:100E980063468B4019004B1E99415346D3400D437E
:100EA800E4182D188542804140422418230259D560
:100EB8005B4B01379F4251D001215A4B6A081C40B5
:100EC80029400A43E507154364085FE7614653462E
:100ED800194300D1BCE0511E012A00D164E1504DF4
:100EE800AA4200D16AE10125382900DD22E70A007B
:100EF8000EE74D4A7D1C154200D0D0E02500624621
:100F0800534605431A43002F00D037E1002D00D186
:100F1800A8E1002A00D16AE16346C51A5346E21ADD
:100F2800A8429B415B42D31A1A0200D403E26346EB
:100F38001D1AAC459241534652421C1B0E0088466E
:100F4800A41A23E736498F4270D00125382AA8DC35
:100F58008021534609040B439A468EE73C0000253E
:100F6800002231E707232B40002B00D010E793E045
:100F7800002A74D04A46D21B002F00D1C7E0284966
:100F8800894500D185E10125382A12DC8021090430
:100F98000C431F2A00DDABE120212500891A070038
:100FA80088408D40D740411E8841D4403D43054389
:100FB800A2446544654592415242524414004F464A
:100FC80074E7280001F0FCFD030018331F2B00DC38
:100FD800C2E62A00083882409F4200DDA9E0DB1BF8
:100FE800581C1F2800DCACE115001F3BDD40202801
:100FF80005D040231B1A9A40531E9A4115430723D4
:1010080000272B40B0E7ED08054B62072A43E408A8
:101018009F420FD02403250B7C05640DD4E6C046FF
:10102800FF070000FFFF7FFFFE070000C008620700
:101038000243E4081300234300D186E180252D03F1
:1010480025432D03C34C2D0BBEE6604654460E00C7
:101058001700C508D8E7C04CFF1A144096E6BF4AE7
:10106800791C11426BD122000243002F00D0DBE033
:10107800002A00D12DE1624653461A4300D1B6E05A
:101088006346C518854280415444404224182302CF
:1010980002D50F00B04B1C403A002800D8E7624642
:1010A800851AA8429241534652429146E31A1A00C1
:1010B8004B46D21A130091461A0254D44A464C465B
:1010C8002A4300D040E60026002400257CE6A14DF6
:1010D800A94500D190E00125382A00DDABE680253E
:1010E8002D042C4395E6110055462039CD40A946DC
:1010F800202A06D0402153468A1A934062461A4352
:10110800944665466B1E9D414B461D4312E62100E1
:10111800014300D1C4E0511E012A00D1FBE08D4DEE
:10112800AA4200D1B5E00125382900DD41E70A00CF
:101138002FE7894CFF1A14406207E4086AE7854ADA
:10114800914200D1E3E06346C21882428041230005
:10115800404253441B18DD075C0807235208154317
:101168000F002B4000E763461D1AAC4592415346D9
:1011780052421C1B0E008846A41AE5E5002D00D03B
:1011880091E0002A38D180240026240356E76346DC
:10119800C51885428041544440422418012723023F
:1011A80000D4DFE6022787E66346C51AA8428041D5
:1011B80053464042E41A0127241AC0E56207C008D2
:1011C8000243E40836E7110053462039CB409946DC
:1011D800202A06D0402153468A1A934062461A4371
:1011E800944665466B1E9D414B461D4359E6620772
:1011F800C0080243E4080DE753465A076346D80877
:1012080053460E000243DC0814E715002600203D73
:10121800EE40202A03D04025AA1A94402043421EBB
:1012280090410500354306E6002A7CD062465346C5
:10123800C0081A4300D1FAE6620710438022E40886
:101248001203144208D0D908114205D16346D808C0
:1012580053460C005B071843420FC000C0085207F2
:101268000243E7E6002A00D12DE76346D808534633
:101278005A070E000243DC08CCE663461D1AAC454B
:101288009241534652421C1B0E008846A41A01374D
:1012980055E56346D90853465A070A43DC08C9E6A8
:1012A80060465446D4E6C008002A00D1BFE662076B
:1012B80010438022E40812031442CDD0DD08154201
:1012C800CAD16346D80853465B070E002C00184362
:1012D800C2E76346D90853465A070A43DC0899E629
:1012E8006346D80853465A070E000243DC08A1E6B5
:1012F800110027002039CF40202A03D040218A1A24
:1013080094402043421E904105003D4351E60C00A5
:101318000025002258E560446045924154445242F9
:101328000500A4183AE753465A076346D9085346B6
:101338000A43DC087EE61A001C002A4300D0ABE60C
:10134800C1E620210025091A19E500220025014CD3
:101358003AE5C046FF070000FFFF7FFFFE070000D9
:10136800F0B5DE46454657464E46E0B587B0009292
:1013780001930B031B0B9B46CA0F4B0004008046CE
:101388005B0D029200D16AE1D44A934200D18CE10C
:101398005946420FC9000A43802109041143C2007B
:1013A8009046CF4A894692469A44002300240393E4
:1013B800009E019F3B031B0B9B467B0030005B0D8F
:1013C800FD0F002B00D128E1C44A934200D177E1F8
:1013D8005946720FC9000A438021090411438B46FC
:1013E800BF49F2008C4651466344CB1A9A46002303
:1013F800029E6E400F2C27D8BA49A40009598F467F
:10140800CB464246029E039B022B16D0032B00D1EB
:10141800A6E2012B00D0DFE0002200230024904642
:101428001B052343F60733434046190007B0F0BCB9
:10143800BB46B246A946A046F0BD0022002490460D
:10144800A64BEDE72E00DFE7CB4500D2D4E100D173
:10145800CFE101235B429C46444648460027E244CC
:101468005B46150E1B021D43190C2B041202009536
:101478001D0C914602910395FEF7CEFE02006A43C9
:101488000B04210C804619438A4209D9009D012387
:10149800AC465B4261449C46E0448D4200D8FBE187
:1014A800881A0299FEF7B8FE039A240442430904F5
:1014B800240C03000C43A24206D90099013B8C4638
:1014C8006444A14200D8E1E1A01A424612041A433A
:1014D80093464B4659461B0C1D0004930B04494682
:1014E8000904090C0C001B0C5C43120C6B43884666
:1014F80051436A43250CAC465B186344994203D9AF
:10150800802149028C466244190C24041B04240CD3
:101518008A181C19904202D316D1A74214D25B46EE
:10152800009D013B4F4405934F459B41AC465B42B0
:101538006344C018854200D3A1E1824200D9F6E194
:1015480000D1F1E1059B9B463C1BA742BF41009D92
:10155800801A7F42C01B854200D1D0E10299FEF774
:101568005BFE039A0B044243210C070019438A428D
:1015780000D978E1881A0299FEF74EFE039A2404EE
:1015880042430904240C03000C43A24200D95DE144
:101598004146A41A3A041A43049D13041B0C5943E8
:1015A80047466B439C46100C47430B0CBC446344B2
:1015B80068439F4203D980256D02AC4660441F0CE6
:1015C80009041B04090C3F185B18BC4200D202E155
:1015D80000D1FDE001231A43434B5344002B00DCA8
:1015E800AEE0510700D098E15946C90106D55946E1
:1015F8003E4B194080238B46DB0053443C498B42C9
:1016080000DD1AE75946D208490711435A465B05D7
:1016180054028846240B5B0D02E75A46009B1A4386
:1016280000D17EE05B46002B00D100E1584601F076
:10163800C7FA020003000B3A1D27009EBA1A1900C8
:101648005846D64008398840320002439346009AEB
:101658008A40284953448A469A440023C8E65B4690
:101668000343994656D05B46002B00D1CDE058463F
:1016780001F0A6FA0B235B429C46020084446646AE
:101688001D239B1B260011005846DE400839884060
:1016980033000343994623008B409846164B002499
:1016A8009B1A9A460023039382E65A4602439146C0
:1016B8002AD100229A46022390460824039377E60B
:1016C8005A46009B1A430D4B9C46E244002A17D108
:1016D80002231C4300239B46023389E6FF070000D0
:1016E80001FCFFFFAC9E0008FF030000FFFFFFFEA8
:1016F800FE070000F30300000DFCFFFF01F8FFFFE9
:10170800032332001C4373E69A460323D9460C246C
:1017180003934DE6002398469A4601330424039325
:1017280046E601231C4300239B46013360E6002361
:10173800802498460026924B240371E601225242E7
:101748000121C91A382900DD66E61F2900DCABE053
:101758001F204042C31A5846D8400300202904D00D
:1017680058468849514488400243511E8A411A43C9
:10177800072319000024114013420CD00F231340F3
:10178800042B00D1F9E0111D91429B410A005B42F4
:1017980059075B021C0BD2080A43904600233FE618
:1017A80080244B462403234209D05B46234206D1BA
:1017B8001C4324032E009046714B240B30E68024F2
:1017C8004B4624031C432403029E6D4B240B27E63F
:1017D800002B00D100E70098511E844664448442DF
:1017E80000D284E0BC4200D2AEE000D1C1E00A00E1
:1017F800F0E6424500D92CE64B46DC07580843463C
:101808005B081C434346DF072AE601F0D9F9152394
:101818009C4684440200634620321C2B00DC2EE7E1
:1018280023000838834099460023984636E701F09C
:10183800C7F902000300153220331C2A00DCFBE63E
:1018480000990838814000228B4602E70099013B45
:101858008C466444A14200D99AE6A24200D897E691
:10186800831E644494E6AC466144013F8D4200D92E
:1018780080E68A4200D87DE6871E61447AE6854282
:1018880000D05FE6B94500D95CE656E6A24200D82A
:101898001AE6831E644417E68A4200D800E6AC467E
:1018A800831E98466144FBE5374814005044824043
:1018B8005B4617008340CC407A1E974123433B4345
:1018C8001A005B46CB40510709D00F21114004296B
:1018D80005D0111D9142924152429B180A001902EB
:1018E80000D455E7002201230024904698E50A0019
:1018F800BC4200D06EE64B4500D06BE66CE6234B4D
:10190800234A5344924500DA18E7012149420A1D47
:101918008A42894149428B4466E60F2111400429D5
:1019280000D161E61100F2E7BC4200D80AE60223C2
:101938005B429C4600994F444F459B41E3448C468B
:101948005B426344C018FFE54946009D480048458E
:101958008941AC46494261448146023A6418C7E766
:1019680080245B4624031C4324039046044B240B29
:1019780056E59945E8D30A00BDE7002308E7C046C5
:10198800FF0700003E0400001E040000FF030000E3
:1019980002FCFFFFF0B55746DE464E464546E0B529
:1019A8000D000400E80F83460903D80F090B82468F
:1019B80019488C461F0369005E00490D3F0B760DE0
:1019C800814218D086420FD00120B1420DD1BC45CA
:1019D8000BD1944209D1D3451CD0002905D16046CA
:1019E8002043431E984100E00120F0BCBB46B246AC
:1019F800A946A046F0BD01208E42F6D16146394382
:101A08000F0017432743F0D15B465246981A431EEE
:101A18009841EAE70020E8E7FF070000F0B55746DD
:101A28004E464546DE46E0B50D000F03390B83B040
:101A38000400804601915800E90F314F400D8C4653
:101A48006E00190382469146760D090BD80FBE42E7
:101A58001FD0BA450FD0002E2FD15546019E3443D2
:101A6800002D27D10A433AD0002C45D100281AD19D
:101A78000120404217E011433BD1002E02D1019FC3
:101A88002743F3D0844509D16346002BF0D0604644
:101A980009E0019F27432CD1B24524D06346022098
:101AA800013B1840013803B0F0BCBB46B246A9461A
:101AB800A046F0BD002CD9D0E4E75446002CEDD068
:101AC8008445EBD15645E9DCDEDB019B8B42E5D84A
:101AD800DAD1C845E2D80020C845E4D2D4E70020CE
:101AE800002CE0D0DAE7114303D18445D6D1002099
:101AF800D9E702204042D6E78445E6D0CEE7C04683
:101B0800FF070000F0B557464E464546DE46E0B5AD
:101B18000D000F0304008046E80F390B844683B09C
:101B28005800304F400D01911E03690082469146CE
:101B3800490D360BD80FB94220D0BA450FD000292D
:101B48002BD101990C435146002937D1324338D063
:101B5800002C44D1002819D10120404216E0164338
:101B680013D1002902D1019F2743F3D0844520D007
:101B780063460220013B1840013807E0019F2743D4
:101B880003D18A45F4D116431FD0022003B0F0BC1C
:101B9800BB46B246A946A046F0BD5446002CE7D045
:101BA8008445E5D15145E3DC03DB019BB342DFD833
:101BB8000FD06346002BCFD06046E7E7002CC9D092
:101BC800D4E70020002CE1D0D2E78445D0D1002012
:101BD800DCE7C845CCD80020C845D7D2E9E784451A
:101BE800E3D0C5E7FF070000F0B55746DE464E468E
:101BF8004546E0B51F000B031B0B16009A46CA0F9B
:101C08004B000400934687B05B0D00D1D5E0BB4A7A
:101C1800934200D1F8E05146420FC9000A4380219F
:101C280009041143C2009146B54A8A469D1800230B
:101C3800984602933C037B00FA0F3000240B5B0D9F
:101C4800009200D196E0AD4A934231D0720FE40081
:101C58002243802424041443A94AF0009446634490
:101C68005B195A1C0192424600260A2A42DC5A464F
:101C780000994A4093464246022A32DC013A012A38
:101C880000D949E1022E00D1CAE0012E3DD100233E
:101C98000024002210005A461B052343D207134391
:101CA800190007B0F0BCBB46B246A946A046F0BD35
:101CB800924B2643EB18002E00D1BBE0032241468D
:101CC80011435A46884600994A40802109018C46AA
:101CD80029006144019141460A2900DD33E2934617
:101CE8000326424601279740A6213A00C9000A4028
:101CF8000F4231D0029E022E00D135E2032E00D1D0
:101D0800D2E154464846012EC1D0019A7D4B9446F3
:101D18006344002B00DCC0E0420709D00F220240D8
:101D2800042A05D0021D8242804140422418100036
:101D3800E20106D5744B019A1C4080239446DB00CF
:101D48006344724A93426BDC6207C00864025B0515
:101D58000243240B5B0D9DE7902189000F4263D15C
:101D680088223A4200D1D7E0009BA2469B46814692
:101D78000296BFE72300334300D17FE0002C00D157
:101D8800ADE1200000F01CFF020003000B3A1D200B
:101D98001900821A30000839D0408C4004433000C2
:101DA80088405B4AEB1A944663445A1C01924246A7
:101DB80000260A2A00DC5AE79CE753460343994663
:101DC80054D05346002B00D177E1504600F0F8FE7E
:101DD8000B235B429C46020084441100504608399C
:101DE80088401D23804660461B1A2000D840030007
:101DF800404603439A4623008B4099460023444DAE
:101E08009846AD1A029315E752460243914626D1E9
:101E180000221D000223924608329046029309E7E9
:101E280000240022354B35E7002380249B462403F9
:101E3800324B2FE702224146114380221201944679
:101E48002A006244884601920A2900DD52E75A4670
:101E58000020009904004A40934602260BE70C2212
:101E68001D000323814690460293E3E600239A4629
:101E780004339846033B00250293DBE642460133D0
:101E88001A432B0090465A1C019242460024002017
:101E980001260A2A00DCEAE62CE70122D21A382AAF
:101EA80000DDF4E61F2A00DC2AE11F214942CB1A93
:101EB8002100D9400B00202A05D0164A019D9446DE
:101EC8006544AC402043421E904118430723190043
:101ED8000024014003420CD00F230340042B00D1FF
:101EE80040E1031D8342A441180064426107640273
:101EF800240BC20800230A43CCE6C046FF070000B3
:101F080001FCFFFFFF030000FFFFFFFEFE070000CC
:101F18000DFCFFFF3E04000049464A460904090C2F
:101F28000D00160C020C0004000C4543AC460500DD
:101F38007543A84615000F007543009202952A00C4
:101F4800009D6F4365462D0CA94647444F44B8454C
:101F580005D91500802252029046454402953D0C51
:101F6800039565462D043F042D0CAC463D006544A1
:101F78000495250C2404240CAC4625007543A8467A
:101F880065460F006943414489466743390C494413
:101F98006E43884503D980225202904646440D0C70
:101FA800A846350045440595039D3F04A8463F0CC7
:101FB8000904C91988444546039555462E04360C2C
:101FC8002F0C35004543784381463800A8462D0C30
:101FD800AA46009A504372434A445244914503D951
:101FE80080256D02A9464844150CA94645462D048E
:101FF8002D0CA84665467D43120448449044A946E2
:102008003200654662436E437C43170C3619BF198C
:10201800BC4203D980246402A446E144029C039E86
:10202800A446059D66448E428941AC4612043C0490
:10203800120CA2186244494254184644A446464524
:10204800A44182466442A046AA4292418C458941F5
:10205800E244D044494252420A43A045A441824541
:102068008941644249420C4341463F0CD219121936
:10207800CC0D049970020843411E884141464A44E8
:10208800F60D52023043490214430843D20135D5B4
:102098000122430802401343E0071843640834E66A
:1020A800009BA2469B4681468024534624031C433A
:1020B80024034A462E4B240BECE500F081FD152342
:1020C8009C4684440200634620321C2B00DC84E6D4
:1020D800002399462300083883409A468EE600F08C
:1020E8006FFD02000300153220331C2A00DC4EE687
:1020F80002003400083A0020944052E6019304E6B6
:102108001C4B21009C460300019DD3406544A94017
:1021180019430300AB40581E834119430800D440BB
:102128004B0709D00F230B40042B05D00B1D8B4206
:102138008041404224181800230200D4D6E6012327
:1021480000240022A6E50F29AAD1802352461B03AA
:102158001A42A9D01C42A7D11C43009B02009B46EF
:10216800034B97E50024C1E60024014B220091E5CA
:10217800FF0700001E040000F0B54E464546DE4647
:102188005746E0B585B0009001910C034F00CE0F83
:10219800610A009CB046640F0C4300997F0DC8008B
:1021A80011001A001B039C460091019251004B0D2F
:1021B8009946019B009DD90F63466A0F5B0A13433A
:1021C800EA0094469346C14A03900293914500D190
:1021D800CDE0012569404D467D1BAA468E4200D1BF
:1021E80080E0002D00DC35E34946002900D1DFE01E
:1021F800974200D194E152460125382A19DC802201
:10220800029B12041343029352461F2A00DDE3E1A6
:10221800534620226146029DD21A9540D9400D436B
:10222800614691400A00511E8A411543029ADA40DC
:10223800A41A451BA84280414042241A230200D414
:102248003DE16402640A002C00D147E1200000F05F
:10225800B7FC0300083B20212800CA1AD0409C4044
:1022680002009D4022439F4200DD77E1D81B0130E8
:10227800091A2C008D40C4406B1E9D411300C240BA
:102288008B402543002714001D436B0709D00F23FB
:102298002B40042B05D02B1DAB42AD416D42641978
:1022A8001D00230200D440E1884A0137974200D13B
:1022B80001E1012643468649ED0821404A072A43A1
:1022C8007C054D022D0B640D1E4024052C43F6079A
:1022D80034431000210005B0F0BCBB46B246A94605
:1022E800A046F0BD002D00DCD0E24946002900D010
:1022F800D4E06146029B194300D12BE1691E012DF0
:1023080000D1D9E1954200D10AE10125382917DC2D
:102318008A4653461F2B00DDE7E12022D21A029B92
:10232800614693401D005346D940634693401A00C6
:102338000D43511E8A4153461543029ADA40A418A8
:102348002D188542804140422418230200D4B6E06B
:102358005E4B01379F4200D1ADE001215C4B6A081A
:102368001C4029400A43E507154364088DE7594A8C
:10237800029B92466246BA441A432CD08E422ED013
:102388005246002A60D0002F00D1DBE063460E00E1
:10239800029CD80862070243E4081300234300D1D3
:1023A80054E280252D0325432D03484C2D0B8CE743
:1023B8006146029B194300D1CCE029000139012D67
:1023C80000D188E1954200D1AAE00125382900DD35
:1023D8002FE78A4618E7012251408E42D0D1534652
:1023E800002B00D1BEE0002F00D038E1CA46220001
:1023F800024300D1E2E15346591E012B00D10DE200
:10240800324A924500D1D2E10127382913DC1F292D
:1024180000DDEEE12022029B521A250007009A46B1
:10242800CC4090409540CF40A244421E9041534634
:102438002F43074302933D00654465459241029B43
:1024480052424F46D41880E7234A7D1C154200D0DB
:10245800AAE062462500029B05431A43002F00D0DC
:10246800F5E0002D00D16BE1002A00D152E163466E
:10247800C51A029BE21AA8429B415B42D31A1A0270
:1024880000D4D5E163461D1AAC4592410126029B52
:1024980052421C1B8846A41A0E40F6E697423FD0CB
:1024A80052460125382A00DD4AE78022029B1204A1
:1024B800134302932DE73C000025002205E707237C
:1024C8002B40002B00D0E2E66BE0C046FF0700007F
:1024D800FFFF7FFF01F8FFFFFE070000280000F064
:1024E8006FFB030018331F2B00DCB4E62A00083802
:1024F80082409F4200DDB9E0DB1B581C1F2800DC2E
:10250800A0E115001F3BDD40202805D040231B1A01
:102518009A40531E9A411543072300272B40D0E7C2
:10252800C00862070243E40837E7EA0863071A436A
:10253800D34BE4089F4200D12FE72403250B7C05E9
:10254800640DC2E6CA462200024358D163460E0013
:10255800029C0393039B5746DA08E7E7C94CFF1A26
:10256800144092E6C84D7A1C2A4200D084E022002A
:102578000243002F00D0EFE0002A00D1E5E06246D8
:1025880002990A4300D1C5E06346C5188C468542C6
:102598008041644440422418230202D5B94B0137D4
:1025A8001C40BA460395D5E76246851AA84292416F
:1025B80052429146029BE31A1A004B46D21A130064
:1025C80091461A026CD44A464C462A4300D03AE651
:1025D80000260024002578E6029953460D00203A8B
:1025E800D540202B06D04022D21A0B0093406246D9
:1025F8001A4393465B465A1E93411D4319E65346B8
:102608005A1E012B00D1C6E09D4EB24500D1BDE651
:1026180088460E000125382A10DC1F2A7FDC20217D
:102628002500891A070088408D40D740D440411EB4
:102638008841029B3D431B1B054302936246551B81
:10264800AC459241029B52424F469C1AF6E5002D3A
:1026580000D0B7E0002A00D1F0E001260E40634622
:102668000298D90842070A43C40896E6854CFF1A1F
:1026780014406207E40860E781498A4200D1C9E052
:102688006346C11881428041029B4042E3181B18EF
:10269800DD075C08072349080D4317002B4010E7A6
:1026A80063461D1AAC4592410126029B52421C1BEF
:1026B8008846A41A0E40C6E56346C518029B8542A3
:1026C80080419C464042644424180127230200D4D8
:1026D800F5E6022741E66346C51AA8428041029BF7
:1026E8004042E41A0127241AA8E5029D52462B000D
:1026F800203AD34019005346202B06D04022D21A44
:102708002B00934062461A4393465D466B1E9D41DB
:102718000D4315E66207C0080243E4080DE71100FF
:1027280027002039CF40202A05D040218A1A94401A
:10273800250005430395039D6A1E95413D437DE7AA
:10274800002A00D144E701260E406346D908029BBF
:102758005A070A43DC08F0E6002A28D06246029F9E
:10276800C0083A4300D1DCE6620710438022E4083F
:102778001203144209D0FD08154206D1634601260A
:102788002C00D8087B0718430E40420FC000C00831
:102798005207024301E663461D1AAC459241029B6B
:1027A80052421C1B0E0088460127A41A46E56346C0
:1027B800D908029B5A070A43DC08EEE56346029CE7
:1027C8000393C7E6C008002A00D1AAE662071043AF
:1027D8008022E40812031442D7D0029FFD08154254
:1027E800D3D163460126D8087B072C0018430E4036
:1027F800CBE70A002700203AD740202905D04022FD
:10280800521A9440250005430395039D6A1E95417D
:102818002F4310E614000025002256E5029B604471
:102828009946604592414C4452420500A4184CE731
:102838001A001C002A4300D0B3E6C9E6802400260B
:102848002403AEE520210025091A17E500220025FA
:102858000B4C3AE5002D00D1F6E54B46DA1B9246C3
:10286800002F00D16FE6382A05DC80263604344371
:1028780088460E00D1E688460E000125DEE6C046F1
:10288800FF070000FFFF7FFFFE070000002D00D1BB
:1028980068E64B46D91B002F01D18A46A7E50127D8
:1028A800382900DDC7E5802212041443AFE5C0468D
:1028B800F0B5C6461E03360BB0460D4E0C034D0050
:1028C8005F0000B5240B6D0D7F0DB5420BD0084994
:1028D80000208F4204D1464616433000431E9841DB
:1028E80080BCB846F0BD04430120002CF8D1EEE7C7
:1028F800FF0700000B00020070B5164D0C0382B0F4
:102908004900002000920193240B490DDE0FA942D3
:1029180004DD1148814203DD104BF01802B070BD90
:102928008020400320430E4C641A1F2C08DD0D4BF9
:102938005B1AD84003005842002EEFD11800EDE78B
:10294800094B009A9C46030061448B40E2401343C4
:10295800F1E7C046FE0300001D040000FFFFFF7FF3
:102968003304000013040000EDFBFFFF10B5041E44
:1029780010D000F025F90E4B1B1A5B055B0D0A28D9
:102988000FDC0B222100121AD14015300A038440B3
:10299800120B01E0002300221B051343200019003D
:1029A80010BD22000B38824012030024120BF3E7FB
:1029B8001E04000070B542024300C40FFE201B0E27
:1029C800591C550A08420CD0E02189008C466D0735
:1029D800120B63441B051343E40723432800190023
:1029E80070BD002B14D1002D1BD0280000F0E8F892
:1029F8000A281CDC0B232A001B1ADA4003001533B3
:102A08009D400E4B12031B1A5B05120B5B0DE1E791
:102A1800002D09D0130B802212031A436D07084BAF
:102A2800D8E700230022D5E70022054BD2E70300B0
:102A38002A000B3B9A400025E3E7C04689030000C3
:102A4800FF070000F0B54B000F035B0D3B4C450F33
:102A580083B07F0A5E1C2F4300900191CA0FC50006
:102A680026420BD036495C18FE2C13DDFF200023CC
:102A7800C0051843D207104303B0F0BD002B02D1A4
:102A880000200023F4E73D43F0D08023DB03FF2040
:102A98003B43EDE7002C14DD009BFF009B01581E13
:102AA8008341690F3B430B43590741D00F2119401C
:102AB800042928D00433590125D501340023E0B274
:102AC800D6E721001731DBDB80211E2009043943BA
:102AD800001B1F281BDD02267642341B0E00E64031
:102AE8003400202804D017488446634499400D4395
:102AF8002B00591E8B412343590715D00F21002461
:102B08001940042917D19B015B0AE0B2B0E70E4CCB
:102B18001C192B00A540C340A140681E85412943CC
:102B28000B4300245907C1D19B0100205B0A9FE792
:102B3800DB08E0B29CE70433E5E7C046FE07000087
:102B480080FCFFFFA2FCFFFF82FCFFFF8446080019
:102B58006146FFE71FB500F0C9F8002801D400213D
:102B6800C8421FBD10B500F049F84042013010BD01
:102B780010B500F0BBF8002801DB002010BD0120D3
:102B880010BDC04610B500F0B1F8002801DD0020E6
:102B980010BD012010BDC04610B500F057F8002840
:102BA80001DC002010BD012010BDC04610B500F0AA
:102BB8004DF8002801DA002010BD012010BDC046E4
:102BC8001C2101231B04984201D3000C10391B0A55
:102BD800984201D3000A08391B09984201D3000919
:102BE800043902A2105C40187047C0460403020270
:102BF80001010101000000000000000070B5420062
:102C08004E024C0045026D0A120EC30F760A240EBE
:102C1800C90FFF2A10D0FF2C0CD00120A2420AD1E4
:102C2800B54208D18B420FD0002A04D12800431E98
:102C3800984100E0012070BD0120FF2CFBD13543F5
:102C4800F9D14B401800F6E70020F4E730B5420010
:102C580044024D02C30F4800640A120E6D0A000EAA
:102C6800C90FFF2A19D0FF280BD0002A1ED100282F
:102C78000BD1002D27D0002C34D100292FD00800EB
:102C880030BD002D28D1002A01D1002CF5D08B426F
:102C980007D1002B23D01800F2E7002C1CD1FF2805
:102CA80014D0581E022318400138E9E70028F8D04C
:102CB8008B42F6D18242F4DCEBDBAC42F1D8002047
:102CC800AC42DDD2E5E7002CDAD0EAE7002D03D1EB
:102CD8008B42E6D10020D3E702204042D0E7012012
:102CE8004042CDE78B42E8D0DBE7C04630B5420032
:102CF80044024D02C30F4800640A120E6D0A000E0A
:102D0800C90FFF2A1AD0FF280ED0002A1ED100288A
:102D18000ED1002D2AD0002C0CD08B421DD0581E6D
:102D280002231840013810E0002D0DD1002A20D1CF
:102D3800002C1ED1002923D0080006E0002C03D166
:102D4800FF28ECD1002D17D0022030BD0028E6D096
:102D58008B42E4D18242E2DC04DBAC42DFD80020C3
:102D6800AC42F2D2002B0BD01800EEE7002CECD0CE
:102D7800D5E78B42D3D1F5E700208B42E5D0CEE7EB
:102D880001204042E1E7C04670B50400A0200022BF
:102D98000221C00503F0CCFD0122044D20000449A6
:102DA8002C602A7106F058FE287170BDC4000020FE
:102DB800C90000200022054B0549DA84CA771900AA
:102DC800473328310A701A707047C046C400002083
:102DD800C900002010B5FFF7EDFFA0200022022156
:102DE800C00503F0A5FD10BD0A4B026810B59A4254
:102DF8000FD10949094CCB7F6079E21801339071F2
:102E0800CB77012200232068E384227106F024FE98
:102E1800207110BD00440040C9000020C4000020FB
:102E2800084B026810B59A420BD11E2200210648B1
:102E380006F09CFE1E220021044806F097FEFFF7CC
:102E4800C9FF10BD00440040CA000020ED0000206A
:102E5800F8B5194A0124137A083B1900D8B2214061
:102E6800234219D1052817D9E040160014000B0099
:102E78000D00377A0133DBB23D4302368342F8D185
:102E88000133DBB25B00D618B679AE4206D01E22FB
:102E980000210A4806F06AFE00200CE00025667A48
:102EA8000135EDB231430234A842F8D1D218D379B2
:102EB80001208B42EBD1F8BDC4000020CA000020DD
:102EC800F8B50500140081422AD9091A88B2FFF71B
:102ED8004DFD00222F4BFEF787FE060028000F004D
:102EE800FFF744FD02000B0030003900FEF738FA06
:102EF800060020000F00FFF739FD02000B0030002C
:102F08003900FEF771FE234B0022FEF729FAFDF780
:102F1800DFF9214B24189C4200D91C002000F8BD81
:102F28008142FBD2411A88B2FDF774FEFFF742FDD9
:102F38000022184BFEF758FE060028000F00FDF788
:102F480069FEFFF737FD02000B0030003900FEF77D
:102F580007FAFFF777FDFFF72DFD060020000F00A9
:102F6800FDF758FEFFF726FD02000B003000390080
:102F7800FEF73AFEFDF7ACF9FFF7F8FC0022054B27
:102F8800FEF7EEF9FDF7A4F9844201DD241AC5E73E
:102F98000024C3E70000594018FCE703642170B51A
:102FA8001A4B1B4C1A7C587C4A431B7B8018802B7D
:102FB80006D1184DA1882A68FFF782FF286008E02B
:102FC800102B16D00BD8042B19D0082B14D0022B99
:102FD80018D00223383422781343237070BD202B75
:102FE80004D0402BF5D10C4DE188E4E70B4D218945
:102FF800E1E70B4D6189DEE70A4DA189DBE70A4D60
:10300800E189D8E7094D218AD5E7C046C4000020E8
:10301800D0020020980200209C020020A00200207C
:10302800A4020020A8020020AC020020B002002068
:1030380070B5214B5B79102B06D0402219009143C3
:10304800202901D0802B09D100221C491C4B08687B
:103058004968FEF7C9FD04000D0012E0302B04D0CA
:10306800102219009143402903D100221349154B1E
:10307800EDE71A00DF21703A0A4210D10F4B1C68A5
:103088005D680022200029000F4BFDF7FFF800289B
:103098000ED129002000FDF71BF980B270BDA02BCE
:1030A80003D100220549094BD1E700240025F0E7A8
:1030B8000024054DEDE7C046E0010020D8050020BA
:1030C8000000594000408F40C0FFEF400088C340D7
:1030D800F8B5844CE57A102D58D1834A637AE2809A
:1030E80018222272A27AE5726272804AA37212785A
:1030F8007F4B22731A003D32117801220A43627312
:10310800DA8FE2811A1DD28F52BA22829A1DD28F8B
:1031180052BA62821A0048331B8808325BBAE382CB
:10312800744BD28FA361744B52BAA282A38300223C
:10313800250020001100237A083BDBB25B0802302F
:103148009A4200D0C3E05A1C5200A0188171002195
:1031580008000235994200D0BEE0A218D071277A43
:10316800664E674D3A003100280006F0ECFC3A0044
:103178000021300006F0FAFCFFF71CFE23002B3379
:1031880029001A78206805F05FFDF8BD202D46D18A
:103198005C4B574D1B78DB071CD5002000F02EFA3E
:1031A800002000F043FA002000F05AFA002000F056
:1031B8006FFA002000F084FA002000F099FA00204D
:1031C80000F0AEFA002000F0C3FA002000F0DAFAAE
:1031D80000F062FC29003C310B78207B627A0343C3
:1031E8000B70617B280007230E003D309E43037857
:1031F80033430370EB8FE0890343EB873A4BE3805B
:1032080010232372A37AA27263722023E3721F3BF6
:103218000B436373374B2361374BA38287E7302D0A
:1032280016D1FFF705FF304A637AE2801022227236
:10323800A27AA3726272C4222D4B9200E5729B5C43
:10324800627B2373012340BA13436373E081E1E790
:10325800402D24D101222B49254B0D78607A2A4331
:103268000A701A0041253C321678227B617BAA43FA
:10327800350095430F0701D5350015433C331D70C4
:10328800194BE38010232372A37AA0726372402340
:10329800E3723F3B0B4363730023E381BAE7502D8E
:1032A80000D044E7667AFFF779FE0F4B627BE38034
:1032B80012232372A37AE5726372012313436373A3
:1032C8000023E3816382104BA67263612FE786793E
:1032D8000132D2B2314332E7EE7901313043C9B21B
:1032E80037E7C046C4000020AA99FFFF0C0300205E
:1032F800D0020020000099AA0D0A0000CA00002090
:10330800ED0000200803002099AA0D0A10B5FFF768
:103318009FFD002808D0064A064B927A5B799A42AC
:1033280002D1FFF7D5FE10BDFFF754FDFBE7C046FD
:10333800C4000020E001002070B5384C384B220052
:1033480028321278DB7F002A5CD1A279AA2A53D1CD
:10335800002B53D0E279992A4BD1012B09D1E38C68
:10336800C72B57D928342378002B4AD1FFF732FDD1
:1033780047E0217A4A1ED0B21D2837D8022BEED05A
:103388006518AD78C81E992D2DD18342E7DB20182A
:1033980080798D1EAA2823D1AB42E0DB6519A87974
:1033A8000D281AD19342DADBA21892790A2A0FD192
:1033B8009942D4D82300A0202833093A0221C00515
:1033C8001A7003F0B5FA631DDB7F002BC7D115E037
:1033D8009942C4D8FFF7FEFCF5E79342BFDBF9E753
:1033E800AB42BCDBF6E78342B9DBF3E7022BB6D08E
:1033F800F0E7012BB3D0EDE7002BEBD1E38CC72B23
:10340800B0D870BD220047321378042BDBD80133C3
:103418001370D8E70133E384F0E7C046C400002006
:10342800C900002010B50B4C2379002B05D00122D0
:103438000949206806F010FB2071230028331B7807
:10344800012B05D147342378042B01D9FFF75EFF00
:1034580010BDC046C4000020C9000020F7B50E000A
:103468001400050003F0C2F80223124801A9036002
:10347800DB1843601B3383601E3BC360002703F0E7
:103488005BF9B8420BD003F0C3F8FEBDF318012076
:103498001A685B6803F0FAF8002808D10137FB00C6
:1034A800E918BC42F2DC03F025F90020EDE703F04F
:1034B80021F9E8E70C010020030070B51C685D687D
:1034C8001E1A013A8E1992B2346075600833002AC8
:1034D800F4D170BD0122802110B59140044803F059
:1034E80027FA0121034A13788B43137010BDC04695
:1034F80000040050100300208021012210B589002B
:10350800044803F015FA0221034A13788B43137019
:1035180010BDC04600040050100300200122802185
:1035280010B5044803F004FA0421034A13788B43C6
:10353800137010BD00040050100300200122402128
:1035480010B5044803F0F4F90821034A13788B43B3
:10355800137010BD00040050100300200122202128
:1035680010B5044803F0E4F91021034A13788B439B
:10357800137010BD00040050100300200122102118
:1035880010B5044803F0D4F92021034A13788B437B
:10359800137010BD00040050100300200122082100
:1035A80010B5044803F0C4F94021034A13788B434B
:1035B800137010BD000400501003002001220821E0
:1035C80010B5044803F0B4F97F21034A13780B407F
:1035D800137010BD000C00501003002001220421BC
:1035E80010B5044803F0A4F90121034A53788B432A
:1035F800537010BD000C00501003002010B5041EBD
:1036080002D0012803D010BDFFF764FFFBE780213B
:1036180000220448490003F08BF9034B1A7814433D
:103628001C70F0E7000400501003002010B50028BB
:1036380002D0012803D010BDFFF75EFFFBE7802111
:1036480000228900044803F073F90223034A117821
:103658000B431370EFE7C04600040050100300202E
:1036680010B5002802D0012803D010BDFFF756FF7F
:10367800FBE700228021044803F05AF90423034A97
:1036880011780B431370F0E700040050100300207A
:1036980010B5002802D0012803D010BDFFF74EFF57
:1036A800FBE700224021044803F042F90823034ABB
:1036B80011780B431370F0E700040050100300204A
:1036C80010B5002802D0012803D010BDFFF746FF2F
:1036D800FBE700222021044803F02AF91023034ABB
:1036E80011780B431370F0E700040050100300201A
:1036F80010B5002802D0012803D010BDFFF73EFF07
:10370800FBE700221021044803F012F92023034AA2
:1037180011780B431370F0E70004005010030020E9
:1037280010B5002802D0012803D010BDFFF736FFDE
:10373800FBE700220821044803F0FAF84023034A73
:1037480011780B431370F0E70004005010030020B9
:1037580010B5002802D0012803D010BDFFF72EFFB6
:10376800FBE700220821054803F0E2F88023044A19
:103778005B4211780B431370EFE7C046000C005012
:103788001003002010B5041E02D0012803D010BD7C
:10379800FFF724FFFBE700220421044803F0C8F8E0
:1037A800034B5A7814435C70F1E7C046000C005094
:1037B80010030020F7B52E4D2E4C696A2A6AA069BD
:1037C800002905D1904203D90120FFF7C1FF0AE083
:1037D8006769C319002907D1934205D9FFF7EEFE9F
:1037E8000120FFF79DFFF7BDE6699B1901930023B0
:1037F8009C468B4208D1019B934205D9FFF7CEFE28
:103808000120FFF7BFFFEEE7019BC3188C4504D1E9
:10381800934202D9FFF7E2FED6E7FF1800238B4256
:1038280001D19742DAD8F6198B4201D19642E5D8F0
:103838008019002901D19042ECD8FFF7CFFEFFF79D
:10384800ADFEFFF7BBFEC223002000219B00E3185A
:1038580018605960C42300229B00E2543D34237849
:103868007F3213402370002200232A626B62BAE77A
:1038780020010020D002002070B5224B224A1E7879
:103888001B785BB2002B08DA012400251F4B186A4D
:10389800596A00196941186259623C3213781278E2
:1038A80052B2002A03DA19490A6801320A605A0634
:1038B80003D516494A6801324A609A0603D5134966
:1038C8008A6801328A60DA0603D51049CA6801326B
:1038D800CA601A0703D50D490A6901320A615A07F5
:1038E80003D50A494A6901324A619B0703D5074A49
:1038F800936901339361760603D5044AD36901338A
:10390800D36170BD0D030020D002002020010020EB
:1039180010B50A4B0A4C1B6822689A4203D2012050
:10392800FFF76CFE10BDFFF7D5FD00237F21054A88
:10393800236013780B401370F4E7C0469802002008
:10394800200100200C03002010B50A4B0A4C1B680C
:1039580062689A4203D20120FFF750FE10BDFFF7BC
:10396800B9FD00234021054A636013788B43137027
:10397800F4E7C0469C020020200100200C03002030
:1039880010B50A4B0A4C1B68A2689A4203D2012060
:10399800FFF74CFE10BDFFF7AFFD00232021054ABD
:1039A800A36013788B431370F4E7C046A00200208D
:1039B800200100200C03002010B50A4B0A4C1B689C
:1039C800E2689A4203D20120FFF74AFE10BDFFF7D2
:1039D800A5FD00231021054AE36013788B4313707B
:1039E800F4E7C046A4020020200100200C030020B8
:1039F80010B50A4B0A4C1B6822699A4203D201206F
:103A0800FFF746FE10BDFFF799FD00230821054A80
:103A1800236113788B431370F4E7C046A802002093
:103A2800200100200C03002010B50A4B0A4C1B682B
:103A380062699A4203D20120FFF742FE10BDFFF7E8
:103A48008DFD00230421054A636113788B431370AD
:103A5800F4E7C046AC020020200100200C0300203F
:103A680010B50A4B0A4C1B68A2699A4203D201207E
:103A7800FFF73EFE10BDFFF781FD00230221054A36
:103A8800A36113788B431370F4E7C046B00200209B
:103A9800200100200C030020002000210022084BF8
:103AA8001862596201211A605A609A60DA601A61D4
:103AB8005A619A61DA61034A13788B43137070472D
:103AC800200100200803002070B5154D154CEA6947
:103AD800E3699A4203D20120FFF754FE70BDA16941
:103AE8005B189A4205D2FFF779FD0120FFF730FEF7
:103AF800F4E7FFF763FDFFF771FDC2230020002103
:103B08009B00E318C4221860596000239200A35454
:103B180040223D34EB61237893432370DEE7C046AF
:103B280020010020D002002010B5424C01202200C4
:103B3800414B38321B7812785BB202423BD1002BE2
:103B480001DAFFF7E5FE23003C331B785B0601D55D
:103B5800FFF7FAFE23003C331B789B0601D5FFF7DD
:103B68000FFF23003C331B78DB0601D5FFF724FF4A
:103B780023003C331B781B0701D5FFF739FF2300CF
:103B88003C331B785B0701D5FFF74EFF23003C331E
:103B98001B789B0701D5FFF763FF23003D331B7894
:103BA8007F2B01D9FFF706FE3D3423785B0601D54C
:103BB800FFF78AFF10BD002B2ADAFFF71FFD23004D
:103BC8003C331B789B0626D50120FFF72FFD2300E9
:103BD8003C331B78DB0621D50120FFF741FD23008C
:103BE8003C331B781B071CD50120FFF751FD230030
:103BF8003C331B785B0717D50120FFF761FD2300D5
:103C08003C331B789B0712D50120FFF771FDC4E7F1
:103C1800FFF760FCD3E7FFF76FFCD8E7FFF77EFC00
:103C2800DDE7FFF78BFCE2E7FFF798FCE7E7FFF734
:103C3800A5FCB2E7D00200200C03002010B5074C09
:103C48000821206004F0CEFE0421206804F0CAFE9A
:103C58000021206804F0C6FE10BDC04648010020BF
:103C6800002803D1144B1B681B68D863002903D1B3
:103C7800114B1B681B689963002A03D10E4B1B6804
:103C88001B685A63002805D00B4B80001B6801385D
:103C98001B68D863002905D0074B89001B680139C8
:103CA8001B689963002A05D0034B92001B68013AF0
:103CB8001B685A637047C04648010020034B044AFA
:103CC8001A62044A5A6200221A8570474C01002081
:103CD8000300FF0000FFFF0F70B5802300250C4C88
:103CE8000C4E29009B02A06014223000236025712D
:103CF800203605F03BFF29000A22074805F036FF69
:103D080035706585E58525636563A563E56370BDE5
:103D18004C010020580100206C01002070B581235F
:103D280000250B4E0B4C29005B0414223000236045
:103D38002571203605F01AFF29000A22064805F0E9
:103D480015FF35706585E5852563656370BDC046DB
:103D5800580100204C0100206C010020AF210A4AC4
:103D680010B5138889008B4204D2013313800023D5
:103D7800D38510BDD38D01339BB2D3858B42F8D345
:103D8800FFF7CCFFF5E7C0464C010020094B02685D
:103D98009A420AD10849094A0B780133DBB2092B48
:103DA80004D80B7000232C321370704700235385FE
:103DB8001371F7E700540040760100204C01002001
:103DC800454B0268D0B59A4200D084E0434A444C3F
:103DD80013780133DBB21370132B00D878E0E08F2F
:103DE800FCF718FFFEF7E6FD3E4A3F4BFDF7FCFEE9
:103DF8000600208B0F00FCF7C1FEFEF7DBFD3B4AF7
:103E08003B4BFDF7F1FE02000B0030003900FCF7D8
:103E180043FFFCF75DFAE087208FFCF7FBFEFEF717
:103E2800C9FD304A304BFDF7DFFE0600608B0F00FE
:103E3800FCF7A4FEFEF7BEFD2C4A2D4BFDF7D4FE81
:103E480002000B0030003900FCF726FFFCF740FAAF
:103E58002087608FFCF7DEFEFEF7ACFD214A224B7F
:103E6800FDF7C2FE0600A08B0F00FCF787FEFEF7E9
:103E7800A1FD1E4A1E4BFDF7B7FE02000B003000E5
:103E88003900FCF709FFFCF723FA6087A08FFCF7DD
:103E9800C1FEFEF78FFD134A134BFDF7A5FE060082
:103EA800E08B0F00FCF76AFEFEF784FD0F4A104B0B
:103EB800FDF79AFE0B00020039003000FCF7ECFE1B
:103EC800FCF706FA0023238063850133A08723715A
:103ED80000232C342370D0BD00540040760100200C
:103EE8004C010020666666666666E63F3333333308
:103EF8003333D33F37B5012580210A4B0A4A1B7853
:103F08000A4CD25C0C331B19019500930A432B0011
:103F1800A0682E3902F05EFE23002B342C331D706E
:103F2800257037BD76010020EC9E00084C0100206A
:103F3800254B1A8BD878DA865A8B1A869A8B5A862A
:103F4800DA8B9A8601283DD15A1C197BD27F91427F
:103F580037D19A1C597BD27F914232D1DA1C997B96
:103F6800D27F91422DD11A1DD97BD27F914228D17F
:103F78005A1D197CD27F914223D19A1D597CD27F38
:103F880091421ED1DA1D997CD27F914219D11A0033
:103F98000832D97CD27F914213D11A002832197D78
:103FA800127891420DD11A002932597D1278914226
:103FB80007D19B7D0020442B03D04D3B5A1E9341D3
:103FC800D8B270470020FCE74C01002010B5084C1F
:103FD800A378022B04D1013BE370FFF76FFE02E0E8
:103FE800E378012BF9D0FFF7A3FFA07010BDC046FE
:103FF8004C010020AF2337B52D4C9B0022889A42F4
:1040080004D323002A331B78002B04D023002B333E
:104018001B78012B07D123002C331B7822791343FB
:1040280001D1FFF767FFFFF7D1FFA278012A04D17A
:1040380023002A331B78002B04D023002B331B7852
:10404800022B31D125002C352B78002B16D1237962
:10405800012B13D1220080202A321178154A0193AE
:10406800525C20316118009102435221A06802F08D
:104078004BFD02232B342B70237037BD002A04D14B
:1040880023002A331B78002B04D023002B331B7802
:10409800022BF2D123002C331B78002BEDD122798F
:1040A800012AEAD12371E8E7002AE9D0E5E7C0460A
:1040B8004C010020EC9E0008024B9878434258417E
:1040C8007047C0464C01002030B5054C258F05804F
:1040D800608F0880A18F1180E28F1A8030BDC046A2
:1040E8004C010020F0B5012589B01422002103A855
:1040F80005F03CFD0221FE261B4B1C4F5A6B380075
:104108002A435A635A6BB6002A400092009A5A6BA7
:1041180000240A435A635A6B0A400192019A5A6B67
:1041280006310A435A635B6B00220B400293043149
:10413800029B02F0FDFB002231000D4802F0F8FB63
:104148000C23380003A9039304950594069402F000
:104158003DFB074803A9039604950594069402F0CD
:1041680035FB09B0F0BDC04600100240000C0050FD
:104178000004005010B5134B134C01222360134B5D
:10418800200063600023E260A36023616361A36190
:10419800E361236202F05AFC002801D001F074FFA9
:1041A8000021200003F07AFB002801D001F06CFF09
:1041B8000021200003F098FB002801D001F064FFE3
:1041C80010BDC046005400408C010020583D5000EE
:1041D80030B504008FB01422002103A805F0C6FCF6
:1041E8001822002108A805F0C1FC1C4B22689A423D
:1041F80031D1202308A8089303F0E8FE002801D055
:1042080001F042FF0122164CA020636B00251343E6
:104218006363636B03A913400193019BC023DB0015
:1042280003931223C00504930C3B07930595069549
:1042380002F0CCFA8022E36B92031343E363E36B4F
:104248001720134002932A002900029B02F006F966
:10425800172002F02DF90FB030BDC04600540040C1
:104268000010024000B593B03422002105A805F0E3
:104278007DFC0021102201A805F078FC8020800038
:1042880003F056FB02230593FE33402208930023D4
:1042980005A809930A920C9303F076FB011E01D03E
:1042A80072B6FEE7072302900390049001A80193D9
:1042B80003F0CAFD002801D072B6FEE713B000BDB6
:1042C800F0B5002600270022D64B95B01B780A933C
:1042D800D54B1B78049605970B930A9B0296039778
:1042E8005B00C3180F930B9B009601975B00C318E4
:1042F8000E9300210F9B09919B5A009801990893EE
:10430800089C099D00196941029C039D0090019138
:104318000E99895A08328C46069100210791069811
:10432800079924184D410294039564465C43E117AC
:104338000C940D91049C059D0C980D9924184D41E1
:104348005B431093DB17119304940595109B119C04
:10435800F6186741582ACCD1B44C009A019B0098B2
:10436800019926626762A260E360029A039B226158
:104378006361049A059BA261E361FBF7C7FF06909E
:10438800079102980399FBF7C1FF029003910498E3
:104398000599FBF7BBFF0022A54BFDF725FC029A08
:1043A800039B0090019106980799FDF71DFC0200F8
:1043B8000B0000980199FDF7DFFE00900191300095
:1043C8003900FBF7A3FF0022994BFDF70DFC069A75
:1043D800079B06000F0010001900FDF705FC0200FE
:1043E8000B0030003900FDF7C7FE02000B000098F3
:1043F8000199FCF7B5FF02000B00009001910698A7
:104408000799A262E362FDF7EFFB02000B00029836
:104418000399FDF7B1FE0022854BFCF7A1FF0200CE
:104428000B000290039122636363009A019B1000C2
:104438001900FDF7D9FB7F4B0022FCF72DFC002368
:10444800069007917C4E04930E9B049A985AFEF7A7
:104458008DFA029A039BFDF78FFE009A019BFDF7E8
:10446800C3FB0F9B049A0400985A0D00FEF77EFACE
:1044780002000B0020002900FCF70EFC069A079B9F
:10448800FCF76EFF04000D000200346075600B003D
:1044980000980199FDF7A8FB029A039BFCF7FCFB27
:1044A80002000B00B265F365604B644F9A6BDB6BDF
:1044B80008920993109011910898099922002B00ED
:1044C800FDF75AFE3B008933FF335C681B680C9389
:1044D8000D94109A119B129013910C980D99FDF759
:1044E8004BFE129A139B04000D0010001900FDF7F3
:1044F8007BFB2200109011912B0020002900FDF772
:1045080073FB0B00020010981199FCF7C5FB05F02E
:1045180068FB3300B03318605960049B08360833D1
:104528000493582B90D10B9B20335B00FB185888C1
:10453800FEF71CFA029A039BFDF71EFE009A019BE8
:10454800FDF752FB0A9B040020335B00FB185888D8
:104558000D00FEF70BFA02000B0020002900FCF703
:104568009BFB069A079BFCF7FBFEA42304000D00A7
:104578009B00FB181C605D6002000B00009801990D
:10458800FDF732FB029A039BFCF786FBA6230A0081
:104598000090019101009B00FB1819605A6008986F
:1045A800099922002B00FDF7E7FD009A019B040002
:1045B8000D000C980D99FDF7DFFD22002B000090EF
:1045C800019120002900FDF70FFB009A019B0400D0
:1045D8000D0010001900FDF707FB02000B0020007A
:1045E8002900FCF759FB05F0FCFAA82304000D008C
:1045F8009B00FB181C605D603B00E133FF331A68C9
:104608005B68FBF72FFE00281AD0C2230020002188
:104618009B00FB1818605960C42301229B00FA54C0
:1046280015B0F0BDCA030020CB030020C80300204A
:10463800000026400000F03F00040020D0020020C7
:104648003B00E933FF331A685B68200029000092B9
:104658000193FBF707FE002812D0C2239B0020001D
:104668002900FE18009A019BFCF77AFE0B00D4493A
:10467800020008684968FDF7B7FA30607160CBE757
:104688003B00F133FF331A685B682000290002926F
:104698000393FBF7E7FD002833D090239B00FB181A
:1046A8001A685B6804920593C2239B0020002900C6
:1046B800FE18009A019BFDF75FFD009A019B04001C
:1046C8000D0002980399FDF757FD02000B0020002A
:1046D8002900FCF745FE92239B000D00F918040001
:1046E800049A059B08684968FDF746FD02000B001F
:1046F80020002900FDF778FA049A059BFCF7CCFA0C
:10470800BBE73B00F933FF331A685B6820002900D8
:1047180000920193FBF7A6FD002838D092239B0056
:10472800FB181A685B6804920593C2239B0020005B
:104738002900FE18029A039BFDF71EFD029A039BAF
:1047480004000D0000980199FDF716FD0B0002000A
:1047580029002000FCF704FE942304000D009B00B0
:10476800F91808684968049A059BFDF705FD0200D9
:104778000B0020002900FDF737FA049A059BFCF787
:104788008BFAC4230222306071609B0047E78023C4
:104798009B00FB181A685B682000290002920393AB
:1047A800FBF760FD002821D094239B00FB181A68B2
:1047B8005B6804920593C2239B0020002900FE1821
:1047C800009A019BFDF7D8FC009A019B04000D009C
:1047D80002980399FDF7D0FC0B0002002900200085
:1047E800FCF7BEFD962304000D00B8E782239B006A
:1047F800FB181A685B682000290000920193FBF7F8
:1048080031FD002838D096239B00FB181A685B6896
:1048180004920593C2239B0020002900FE18029AE7
:10482800039BFDF7A9FC029A039B04000D00009866
:104838000199FDF7A1FC0B00020029002000FCF7FC
:104848008FFD982304000D009B00F918086849683B
:10485800049A059BFDF790FC02000B00200029003C
:10486800FDF7C2F9049A059BFCF716FAC423032244
:10487800306071609B00D2E684239B00FB181A68A5
:104888005B682000290002920393FBF7EBFC0028E9
:1048980021D098239B00FB181A685B680492059343
:1048A800C2239B0020002900FE18009A019BFDF7F7
:1048B80063FC009A019B04000D0002980399FDF720
:1048C8005BFC0B00020029002000FCF749FD9A233D
:1048D80004000D00B8E786239B00FB181A685B6884
:1048E8002000290000920193FBF7BCFC002838D077
:1048F8009A239B00FB181A685B6804920593C223ED
:104908009B0020002900FE18029A039BFDF734FC47
:10491800029A039B04000D0000980199FDF72CFCF6
:104928000B00020029002000FCF71AFD9C2304005C
:104938000D009B00F91808684968049A059BFDF763
:104948001BFC02000B0020002900FDF74DF9049A1A
:10495800059BFCF7A1F9C4230422306071609B0019
:104968005DE688239B00FB181A685B682000290015
:1049780002920393FBF776FC002823D09C239B002C
:10498800FB181A685B6804920593C2239B002000F9
:104998002900FE18009A019BFDF7EEFB009A019B87
:1049A80004000D0002980399FDF7E6FB0B000200D6
:1049B80029002000FCF7D4FC9E2304000D00B8E772
:1049C800100500208A239B00FB181A685B682000EA
:1049D800290004920593FBF745FC002838D09E2354
:1049E8009B00FB181A685B6800920193C2239B0026
:1049F80020002900FE18029A039BFDF7BDFB029ACE
:104A0800039B04000D0004980599FDF7B5FB02000F
:104A18000B0020002900FCF7A3FCA0239B000D003D
:104A2800F9180400009A019B08684968FDF7A4FB7F
:104A380002000B0020002900FDF7D6F8009A019B20
:104A4800FCF72AF9C4230522306071609B00E6E573
:104A58008C239B00FB181A685B68200029000092D1
:104A68000193FBF7FFFB002831D0A0239B00FB1824
:104A78001A685B6802920393C2239B0020002900F6
:104A8800FE18049A059BFDF777FB049A059B040022
:104A98000D0000980199FDF76FFB02000B00200044
:104AA8002900FCF75DFCA2239B000D00F918040007
:104AB800029A039B08684968FDF75EFB02000B0039
:104AC80020002900FDF790F8029A039BB8E7200020
:104AD800009A019B2900FBF7CFFB002800D19FE536
:104AE800A2239B00FB181A685B6802920393029842
:104AF8000399C2239B00FE18009A019BFCF730FC27
:104B0800009A019B0490059120002900FDF734FBD1
:104B180002000B0004980599D4E7C04610B5044874
:104B2800FFF7CEFB0821034A13788B43137010BD9F
:104B38001A0300200D030020F7B53F4B0400DE8F59
:104B48003E4D3000FCF766F8071C2088FCF762F839
:104B5800011C381CFBF7F0FB27002680260001907B
:104B6800083658373088FCF755F80199FBF704FDEB
:104B7800FBF796FB30800836B742F3D1AB1DDE8FCA
:104B88003000FCF747F8071C6088FCF743F8011C65
:104B9800381CFBF7D1FB27006680260001900A36F7
:104BA8005A373088FCF736F80199FBF7E5FCFBF734
:104BB80077FB30800836B742F3D12B000833DE8FFD
:104BC8003000FCF727F8071CA088FCF723F8011C25
:104BD800381CFBF7B1FB2700A680260001900C3695
:104BE8005C373088FCF716F80199FBF7C5FCFBF732
:104BF80057FB30800836B742F3D148352F88380044
:104C0800FCF708F8051CE088FCF704F8011C281CD0
:104C1800FBF792FB2500E780061C0E355E342888DA
:104C2800FBF7F8FF311CFBF7A7FCFBF739FB2880E3
:104C38000835AC42F3D1F7BDD4020020D0020020E1
:104C4800F0B5D84B5A79602A00D144E300D96CE01A
:104C5800302A00D185E206D8102A00D135E1202A71
:104C680000D121E2F0BD402A00D1D7E2502AF9D183
:104C7800CD48CE491861586198619866D86618671A
:104C8800CA48D961CA495867181DC167196259626B
:104C980099629967D967C749C7480231C867180038
:104CA800C64A8830DA60C64AC34C02601800C54D4F
:104CB800DC62C54CAC46C54EDD631C64C44DBD4CBE
:104CC800C44FE5879E60C44C1E66BC4E8C3027805E
:104CD800DF801A635A639A635E6602601800903038
:104CE80002601A006046943210601A00B648983282
:104CF80010601A009C3215805C2294469C446446DD
:104D0800B64ACD8722809E24A4469C4464462580CA
:104D18001D00B34FB34EB4499864B448AA4CDF643D
:104D28001E6558659965A0352BE1902A01D100F0E0
:104D380031FC63D8702A00D12AE3802A00D091E799
:104D4800AB48AC491861586198619866D86618678D
:104D5800A848D961A8495867181DC16719625962DE
:104D680099629967D9679349A4480231C8671800BE
:104D7800A34DA44AAC46DA60DD63A34AC525883052
:104D8800026018009D4CA14EDC62A14CED011C6430
:104D9800884CA04FE5879E608F4C1E66994E8C30DC
:104DA8002780DF801A635A639A635E660260180080
:104DB800903002601A006046943210601A009448DD
:104DC800983210601A009C3215805C2294469C44EC
:104DD8006446914ACD8722809E24A4469C4464461A
:104DE80025801D008D4F8E4E8E4998648E48884CC4
:104DF800DF641E6558659965A035C2E0A02A02D017
:104E0800FF2A00D02EE789488949186158619861BE
:104E18009866D86618678648D96186495867181D04
:104E2800C1671962596299629967D96719008248FE
:104E38000831C8671800814D814ADD639D1DAC4665
:104E4800DA60804A7C4C883002601800DC627E4C54
:104E58008C301C6464467D4D02601800E5875E2432
:104E6800903002601A635A639A631A00A446734822
:104E7800943210609C441A006446754E754F72480F
:104E88009E601E666E4E98322780DF805E661060D8
:104E98001A009C3215805C229446F2229C44644697
:104EA800FF3222809E24A4469C446446CD872580F8
:104EB8001D00694F694E6A4998646A48624CDF640C
:104EC8001E6558659965A0355BE0674867491861B4
:104ED800586198619866D86618676448D9616449CA
:104EE8005867181DC1671962596299629967D9672D
:104EF800304960480231C86718005F4A8830DA6074
:104F08005E4A5C4C026018005D4DDC625D4CAC464C
:104F18005D4EDD631C645D4D264C5D4FE5879E60EC
:104F28002D4C1E66544E8C302780DF801A635A63DE
:104F38009A635E6602601800903002601A0060464C
:104F4800943210601A004F48983210601A009C3250
:104F580015805C2294469C4464464E4ACD87228044
:104F68009E24A4469C44644625801D004A4F4B4E0F
:104F78004B4998644B48434CDF641E6558659965F6
:104F8800A0352C601C00A43427601C00A8342660BF
:104F98001C00AC3420601800B433B03001601A80B3
:104FA80060E6C046E00100202F4F2F4F2F4FA74C3F
:104FB800A74CA74CE6010020A74C944992502F4FCC
:104FC8009449944994497048704870489250925056
:104FD80070480000925000003E020020CD1D0000E5
:104FE8007048DF2EDF2EDF2ECD1DCD1DDF2ECD1D0F
:104FF800288228822882D87DD87DD87DD87D2F6FB9
:105008002F6F8062428828822F6F2F6F42884288D4
:10501800806280624288FFFFF22C00008062B85BE9
:10502800B85BB85BF22CF22CB85BF22C8F708F70E7
:105038008F70E055E055E055E05585418541FD31DB
:1050480088938F7085418541FD31FD31FD31000028
:10505800889388938893FFFFFD31F010F010F010CB
:10506800F101F101F010F10173A373A373A3D1A0AF
:10507800D1A0D1A0D1A09C9E4FA673A39C9E9C9E1C
:105088009C9E529C529C529C4FA64FA6529CFFFF3E
:105098004FA6FFFF8C2B0000529CC04EC04EC04E46
:1050A8008C2B8C2BC04E8C2BE848E9491861586131
:1050B80098619866D8661867E548D961E5495867E0
:1050C800181DC1671962596299629967D967E249DF
:1050D800E2480231C8671800E14A8830DA60E14ADC
:1050E800DE4C02601800E04DDC62E04CAC46E04E5D
:1050F800DD631C64DF4DD84CDF4FE5879E60DF4CD5
:105108001E66D74E8C302780DF801A635A639A63F5
:105118005E6602601800903002601A0060469432A1
:1051280010601A00D148983210601A009C3215801D
:105138005C2294469C446446D14ACD8722809E24B2
:10514800A4469C44644625801D00CE4FCE4ECF49D0
:105158009864CF48C54CDF641E6558659965A035CD
:105168000FE7CC48CC491861586198619866D866B1
:105178001867C948D961C9495867181DC1671962B4
:10518800596299629967D967B349C5480231C867B6
:105198001800C44A8830DA60C34AC14C026018005B
:1051A800C24DDC62C24CAC46C24EDD631C64C24DCB
:1051B800A94CC24FE5879E60B04C1E66B94E8C3034
:1051C8002780DF801A635A639A635E66026018005C
:1051D800903002601A006046943210601A00B44899
:1051E800983210601A009C3215805C2294469C44C8
:1051F8006446B34ACD8722809E24A4469C446446D4
:1052080025801D00AF4FB04EB0499864B048A84CF7
:10521800DF641E6558659965A035B2E6AD48AE49AC
:105228001861586198619866D8661867AA48D96164
:10523800AA495867181DC167196259629962996726
:10524800D9678549A6480231C8671800A54A883039
:10525800DA60A54AA24C02601800A44DDC62A44C96
:10526800AC46A44EDD631C64A34D7B4CA34FE5877D
:105278009E60824C1E669B4E8C302780DF801A63AE
:105288005A639A635E6602601800903002601A00E2
:105298006046943210601A009548983210601A00DF
:1052A8009C3215805C2294469C446446944ACD877F
:1052B80022809E24A4469C44644625801D00914F6C
:1052C800914E924998649248894CDF641E655865EE
:1052D8009965A03555E68F488F49186158619861DE
:1052E8009866D86618678C48D9618C495867181D24
:1052F800C1671962596299629967D967564988489E
:105308000231C8671800874A8830DA60864A844CB8
:1053180002601800854DDC62854CAC46854EDD6325
:105328001C64854D4C4C854FE5879E60534C1E662A
:105338007C4E8C302780DF801A635A639A635E66DE
:1053480002601800903002601A00604694321060C3
:105358001A007748983210601A009C3215805C2237
:1053680094469C446446764ACD8722809E24A4466F
:105378009C44644625801D00724F734E734998649F
:1053880073486B4CDF641E6558659965A035F8E570
:10539800704871491861586198619866D8661867AD
:1053A8006D48D9616D495867181DC16719625962FE
:1053B80099629967D967284969480231C86718000E
:1053C800684A8830DA60684A654C02601800674DA0
:1053D800DC62674CAC46674EDD631C64664D1E4C50
:1053E800664FE5879E60254C1E665E4E8C30278092
:1053F800DF801A635A639A635E6602601800903011
:1054080002601A006046943210601A0058489832B8
:1054180010601A009C3215805C2294469C446446B5
:10542800574ACD8722809E24A4469C446446258002
:105438001D00544F544E5549986455484C4CDF64F0
:105448001E6558659965A0359BE5C046D18CD18C01
:10545800D18C376F376F376FE6010020376FAE4B4F
:105468000E9CD18CAE4BAE4BAE4B013401340134A3
:105478000E9C0E9C013400000E9CFFFF3E02002093
:10548800120200000134DA07DA07DA071202120200
:10549800DA071202958795879587FC86FC86FC8635
:1054A800FC86A785BE879587A785A785A78592834C
:1054B80092839283BE87BE879283FFFFBE87FFFFDA
:1054C80082600000928344714471447182608260FA
:1054D80044718260F119F119F119BC18BC18BC1893
:1054E800BC186218EC1CF119621862186218FD15D4
:1054F800FD15FD15EC1CEC1CFD150000EC1C000056
:105508005B0B0000FD156C126C126C125B0B5B0BD5
:105518006C125B0BA458A458A4588456845684561D
:105528008456FE53F659A458FE53FE53FE53F050CA
:10553800F050F050F659F659F0500000F6590000B6
:1055480093430000F050934C934C934C93439343F4
:10555800934C9343AA5BAA5BAA5B7958795879580C
:105568007958E74AE75EAA5BE74AE74AE74A843898
:1055780084388438E75EE75E84380000E75E000020
:105588005A2B00008438B932B932B9325A2B5A2B07
:10559800B9325A2B2E482F4918615861986198667C
:1055A800D86618672B48D9612B495867181DC167F9
:1055B8001962596299629967D9672849284802315E
:1055C800C8671800274A8830DA60274A244C0260E6
:1055D8001800264DDC62264CAC46264EDD631C6462
:1055E800254D1E4C254FE5879E60254C1E661D4E99
:1055F8008C302780DF801A635A639A635E66026084
:105608001800903002601A006046943210601A0048
:105618001748983210601A009C3215805C22944614
:105628009C446446174ACD8722809E24A4469C4405
:10563800644625801D00144F144E1549986415487A
:105648000B4CDF641E6558659965A03599E4C04622
:10565800339633963396BA75BA75BA75E601002053
:10566800BA75BA5250C73396BA52BA52BA52BD41F5
:10567800BD41BD4150C750C7BD41000050C7FFFFE5
:105688003E020020D7280000BD414E384E384E3823
:10569800D728D7284E38D72810B5074B074C236092
:1056A80003232371064BDB786371FFF7C9FA054BB7
:1056B800D434238010BDC046AA550001E001002063
:1056C800D002002055AAFFFF10B5DD4BDD4C5B79F9
:1056D800602B00D187E25FD8302B00D1EEE121D8D2
:1056E800102B00D112E1202B00D167E1D64B5822B4
:1056F8006382D64BD6496361D64BD748A361D74B53
:10570800E361FA232362A36204F062FA5822D449BF
:10571800D44804F05DFA7C223D3423785242134386
:10572800237010BD402B00D108E2502BDED1FA23A4
:10573800DB006360C823A3600023E3602382238027
:10574800FF330222A3702300FF32FA331A808E231C
:10575800002100209B00E3181860596090239B00EB
:10576800C14AE118C14B0A604B6092218900611857
:105778000A604B60942300229B00E118BC4B0A602E
:105788004B609621890061180A604B6098239B0042
:10579800E1180022B74BC4E1902B00D1BCE25BD8E2
:1057A800702B00D161E2802BA0D1FA239B006360AB
:1057B800B14B0222A3606423E360DC23FF3323821E
:1057C800AE4BFF3223808223A3702300FA331A8062
:1057D8008E23002000219B00E31818605960902355
:1057E80000229B00E118A64B00200A604B60922122
:1057F800890061180A604B60942300229B00E1181D
:10580800A04B0A604B609621890061180A604B60C2
:10581800982300229B00E1189B4B0A604B609A2159
:10582800890061180A604B609C2300229B00E118E4
:10583800964B0A604B609E21890061180A604B6094
:10584800A02393499B00E31818605960A2239B008A
:1058580000209049E318AEE0A02B02D0FF2B00D027
:1058680044E7FA239B006360A3600023E36023827C
:10587800824B022223808223A3702300FF32FA3353
:105888001A808E23002000219B00E31818605960BD
:10589800902300229B00E1187F4B00200A604B6098
:1058A8009221890061180A604B60942300229B00B2
:1058B800E1186F4B0A604B609621890061180A60F5
:1058C8004B60982300229B00E1186A4B0A604B60EA
:1058D8009A21890061180A604B609C2300229B0072
:1058E800E1186E4B0A604B609E21890061180A60BE
:1058F8004B60A02380219B00E318C90518605960FC
:10590800A2239B0000206649E31854E0FA23DB0039
:105918006360C823A3600023E3602382614B0222F3
:1059280023809923A3702300FF32FA331A808E2331
:10593800002100209B00E318186059609023002282
:105948009B00E118554B0A604B6092218900611851
:105958000A604B6094239B00E11880230022DB053A
:105968000A604B609621890061180A604B60982391
:1059780000229B00E1184C4B0A604B609A21890079
:1059880061180A604B609C2300229B00E118444B7D
:105998000A604B609E21890061180A604B60A02351
:1059A80000203B499B00E31818605960A22300209F
:1059B8009B003E49E3181860596097E6C823636066
:1059C8003B4B0222A3600023E3602382394BFF3262
:1059D8002380A023A3702300FA331A808E2300218A
:1059E80000209B00E3181860596090239B00E11881
:1059F80080230022DB050A604B6092218900611830
:105A08000A604B60942300229B00E1181C4B0A603B
:105A18004B609621890061180A604B609823002228
:105A28009B00E118174B0A604B609A2189006118A6
:105A38000A604B609C239B00E11800221E4BA7E7DD
:105A4800E0010020D002002014050000906500004D
:105A5800E6010020D8D600001A0300201027000015
:105A68003E020020720300209A9999999999C93F9A
:105A78000000E03F0000E83F1900C8008282FFFFF5
:105A88000000144000002440000039400000444059
:105A98000000494000C062400000D03F0000F03FD5
:105AA800000010409999FFFF00000840000059408D
:105AB800C800C80000A0FFFF00002E4096235B002E
:105AC8006360963BA3600023E36023822380A033B6
:105AD800A3702300B24AFA331A808E2300210020D3
:105AE8009B00E3181860596090239B00AD4AE118A9
:105AF800AD4B0A604B609221890061180A604B60C7
:105B080094239B00A74AE118A84B0A604B60962192
:105B1800890061180A604B6098239B00E118A14A2C
:105B2800A34B0A604B609A21890061180A604B6098
:105B38009C239B00E11800229E4B40E0FA23DB00E7
:105B480063609D4B9D4AA36000232280E36002228C
:105B58002382A3702300FF32FA331A808E23002198
:105B680000209B00E3181860596090239B008D4A21
:105B7800E1188E4B0A604B609221890061180A6017
:105B88004B6094239B008E4AE1188E4B0A604B6051
:105B98009621890061180A604B60982300229B00B7
:105BA800E118844B0A604B609A21890061180A60E9
:105BB8004B609C239B00E11880230022DB050A60D0
:105BC8004B609E21890061180A604B60A023002069
:105BD8007D499B00E31818605960A2239B000020B0
:105BE8007A49E318E7E67A4B022263601E23A36032
:105BF8000023E360783323820E3B23809533A37020
:105C08002300FF32FA331A808E23002100209B00E4
:105C1800E31818605960902300229B00E1186A4B32
:105C28000A604B609221890061180A604B609423D6
:105C380000229B00E118654B0A604B6096218900A1
:105C480061180A604B60982300229B00E118614BA1
:105C58000A604B609A21890061180A604B609C2396
:105C68009B00E11800225C4B92E65C4B02226360C9
:105C78005B4BFF32A3606423E360A533FF332382C9
:105C88009F3BFF3B23809533A3702300FA331A8090
:105C98008E23002100209B00E31818605960902390
:105CA80000229B00E1184F4B0A604B60922189004B
:105CB80061180A604B60942300229B00E1184A4B4C
:105CC8000A604B609621890061180A604B6098232E
:105CD80000229B00E118454B0A604B609A2189001D
:105CE80061180A604B609C2300229B00E118404B1E
:105CF8000A604B609E21890061180A604B60A023EE
:105D080000203C499B00E31818605960A2239B00BF
:105D180000203949E3184EE6FA239B006360374BAD
:105D28000222A3600023E36091239B0023820123C6
:105D38005B422380A3702300FF32FA331A808E233C
:105D4800002100209B00E31818605960902300226E
:105D58009B00E1182A4B0A604B6092218900611868
:105D68000A604B60942300229B00E1181F4B0A60D5
:105D78004B609621890061180A604B6098230022C5
:105D88009B00E1181A4B0A604B609A218900611840
:105D98000A604B609C239B00E1180022194BA7E77F
:105DA800020200009A9999999999B93F9999C93F1E
:105DB8009999D93F0000F03FC8002C0100FFFFFF70
:105DC800333333333333E33F0000144000002440BF
:105DD800DC0500000000344000003E40F40164008F
:105DE8006400370000004E4000005E4000807140B3
:105DF800008081400000894000408F4064006400BA
:105E08000080614000E08540142110B5144B154A0C
:105E18009888154C484320601400D888BC344843FF
:105E2800206014001889C034484320601400588941
:105E3800C4344843206014009889C834484320601B
:105E48001400D889CC3448432060188AD0324143A2
:105E580011600222383319780A431A7010BDC046FF
:105E6800D0020020E001002098020020702210B526
:105E7800044BDA70FFF710FCFFF726FCFFF7C4FFAE
:105E880010BDC046D0020020F8B500F0C1FAFEF7F8
:105E9800E9F9FEF727F9FEF76DF900F0A7F900F028
:105EA8000FFA514F1E2239005048FDF705FBFFF746
:105EB800DDFF4F48FDF710FF4E48FDF7BFFE4E4887
:105EC800FCF762FF0020FDF799FB0020FDF7AEFB11
:105ED8000020FDF7C5FB0020FDF7DAFB0020FDF7E9
:105EE800EFFB0020FDF704FC0020FDF719FC002063
:105EF800FDF72EFC0020FDF745FC404C0225A2785A
:105F080061782078FDF7ACFE2600383633782B42CE
:105F180007D01E2239003548FDF7A0FA3378AB4385
:105F28003370FEF767F8FEF7C7F82600431E98415E
:105F38003D3643003078A84318433070284248D093
:105F48002F4B304A30493148FEF7BEF833785B07AB
:105F580044D4230001223C331B7813421BD0626ACD
:105F6800236A9A4217D3C2239B00E11800220868CB
:105F780049680023FAF766F9002806D0C4239B0075
:105F8800E35C002B01D1FEF7C9FDA38F204A134023
:105F9800A3870023636226003D3633789B0618D515
:105FA800E26AA36A9A4214D31A48FEF7C5FD382359
:105FB800327800209A43283B1343C22200219200E2
:105FC800A21810605160C422337000239200E3626B
:105FD800A354FDF727FAFDF7A7FD95E7A38F0E4A0F
:105FE8001340A387F5E7C046E001002000F8000849
:105FF8008C010020EC05002038060020D00200208B
:1060080018030020160300201403002012030020A8
:10601800FEF7FFFF1A030020FEDFFFFF042010B584
:106028001549164B0A7802420BD05A8F144C01328C
:1060380092B25A87A24204D90A7882430A70114A56
:106048005A871A003D321278910714D519003C314D
:106058000978C90702D5596A01315962920602D5F1
:10606800DA6A0132DA621A003E3212787F2A02D9DD
:106078005A6B01325A6310BD0D030020D002002074
:106088004F4600005046000072B6FEE701210A4B59
:1060980082B01A6C0A431A641A6C0A408021009272
:1060A800009ADA6B49050A43DA63DB6B0B4001930C
:1060B800019B02B07047C04600100240FEE7FEE7B1
:1060C8007047704710B50120FDF7FAFAFDF746FE54
:1060D800FDF732F9FDF7D0FB084C23780133DBB22A
:1060E8002370642B03D9FFF799FF0023237000F076
:1060F800A3F90020FDF7E4FA10BDC046E80500202A
:1061080010B5024802F02AF910BDC046EC0500207F
:10611800064810B503689A69E023DB001A4202D0EA
:1061280001F086F910BD00F0B7FDFBE78C010020F7
:1061380010B5024802F0F2FD10BDC0463806002036
:106148007047000007B50B4B02689A4210D1022134
:10615800094B1020DA6B0A43DA630022DB6B0B4031
:1061680001931100019B00F079F9102000F0A0F9CB
:1061780007BDC046000400400010024030B50400CE
:1061880089B01422002103A803F0F0FC144B226804
:106198009A4223D101240225124BA0205A6B03A94D
:1061A80022435A635A6BC00522400192019A5A6BE6
:1061B8002A435A635B6B04952B400293029BC023CE
:1061C8000794039300F002FB0023074803A90394F4
:1061D800049505930693079400F0F8FA09B030BDCA
:1061E80000040040001002400004005030B58FB099
:1061F8001022002103A803F0B9FC0C2200216846F4
:1062080003F0B4FC1C22002107A803F0AFFC294CC2
:10621800294B2A4D2360002320006360A360E560BA
:106228002361A36102F08CF9002801D0FFF72CFF4D
:10623800802320005B0103A9039302F0A3FA00283E
:1062480001D0FFF721FF200002F0A4F9002801D0B7
:10625800FFF71AFF0023694620000093029302F01B
:10626800C5FB002801D0FFF70FFF002260232000A4
:1062780007A90793089509920B9202F0F1F90028F3
:1062880001D0FFF701FF0422200007A902F0E8F976
:10629800002801D0FFF7F8FE0822200007A902F025
:1062A800DFF9002801D0FFF7EFFE2000FFF766FFB7
:1062B8000FB030BDEC05002000040040FF030000D3
:1062C8000D480E4B10B5036096239B0100214360D7
:1062D8000C230A0043610B008160C1600161816188
:1062E800C16101624162816203F0E4FB002801D0D0
:1062F800FFF7CAFE10BDC046380600200044004023
:1063080010B5040088B01422002103A803F02EFC65
:10631800144B22689A4223D18021134B8902DA6BED
:10632800A0200A43DA63DA6BC0050A400192019A99
:106338000122596B114359635B6B03A91340029304
:10634800029B0E2303930C3B0493079200F03EFA42
:1063580000221C20110000F081F81C2000F0A8F891
:1063680008B010BD00440040001002400D488546AA
:10637800FFF7E6FE0C480D490D4A002302E0D45809
:10638800C4500433C4188C42F9D30A4A0A4C002377
:1063980001E013600432A242FBD303F0F5FBFFF7E0
:1063A80073FDFEE70020002000000020A800002068
:1063B800849F0008A800002024080020FEE70000B1
:1063C80070B5104B05001978002901D1012070BD66
:1063D800FA208000F9F79AFE0B4C01002068F9F7C3
:1063E80095FE00F071F8041EF0D1032DEED80200DE
:1063F80001202900404200F031F8044B20001D60C4
:10640800E5E7C04604000020000000200800002046
:106418008023084A5B00116810B50B430320136002
:10642800FFF7CEFF041E03D1FFF730FE200010BD9A
:106438000124FBE700200240034A044B11681B7843
:106448005B1813607047C046CC060020040000208B
:10645800014B18687047C046CC06002010B5FF24D1
:1064680003220B0021000240D20091409B012340EF
:10647800C943934000280ADBC0240B4A80088000E7
:106488008018A40002590A401343035110BD0F227B
:1064980010400838054A800880008018C2691140F9
:1064A8001943C161F2E7C04600E100E000ED00E0F9
:1064B800002805DB1F2318401E3B8340014A136058
:1064C8007047C04600E100E08022431E52040120CC
:1064D80093420DD2C021074A07485360036A090650
:1064E8001B021B0A0B430362002007239060136002
:1064F8007047C04610E000E000ED00E0F0B500286D
:1065080008D0841DE37F411D022B05D00423C363FB
:106518000023CB770120F0BD0E250268466C136876
:10652800AB4313603368104D2B403360012316686A
:106538009E431660026C1B331A401B3B93400B4E64
:1065480077683B437360C26C836C5A60036D002BA1
:1065580005D01A682A401A60436D826D5A6001237B
:106568000020E377C877D6E7FFFEFFFF0000024070
:10657800F8B5811DCB7F022B03D00423C363012010
:10658800F8BD0E2402681C271368456CA3431360EA
:10659800012314689C4314602A68104C22402A6026
:1065A800026C0F4D3A4093406E6833436B60C26C87
:1065B800836C5A60036D002B05D01A6822401A605C
:1065C800436D826D5A6001230022CB77431DDA7731
:1065D800836B934200D098470020D1E7FFFEFFFF6E
:1065E800000002400630C07FC0B270470020054B53
:1065F8005A69824205DA044A9A60044A9A605869DC
:10660800C00F70470020024023016745AB89EFCDDA
:10661800014B58687047C046D0060020F8B5040002
:10662800FFF716FF802706007F02144D2B693B42B7
:1066380016D12A69124B11001248194028611A42D2
:1066480017D18027FF022B69180038403B420FD032
:10665800631CF8D0FFF7FCFE801BA042F3D306E0D2
:10666800631CE3D0FFF7F4FE801BA042DDD30320B8
:10667800F8BD054B01205960FAE7C04600200240EA
:10668800FA830000FB830000D0060020F7B5174E00
:106698000193337804000D0002200092012B1ED0D4
:1066A8000123FA203370002380007360FFF7B6FFE0
:1066B800002812D10E4F012C12D17B6923437B6134
:1066C800009B2B60BFF36F8F019B6B60FA208000EB
:1066D800FFF7A4FF7B69A3437B6100233370FEBDF2
:1066E8002800009903F098FBF0E7C046D006002088
:1066F80000200240FA2010B58000FFF78FFF8022AB
:10670800044B120659690A435A615869C043C00FBD
:1067180010BDC04600200240044A05485369C9001C
:1067280003401943034B0B43536170470020024059
:1067380007E0FFFF02000100F7B5214F05003B7895
:1067480002240191012B1AD00123FA203B70002367
:1067580080007B60FFF762FF041E0ED104236B608C
:106768002B68042B0DD1FA20164A174B516980006B
:106778000B435361FFF752FF040000233B702000D6
:10678800FEBD0123019A5B421360AE68AB68EA68FC
:106798009B18B3420CD968683100FFF7BDFFFA2097
:1067A8008000FFF73BFF002808D00400019B1E6013
:1067B8000221044A53698B435361DEE70136E5E75A
:1067C800D006002000200240040001000023F0B59C
:1067D80085B00A681400DC4001D105B0F0BD012580
:1067E80014009D402C4000942A4200D191E04A6850
:1067F8005F0094460322644622400324BC40E443DD
:106808000194541E012C2ED88668019C2640CC6821
:10681800BC403443846044680126AC432500644688
:10682800240934409C402C434460C568019C2540A1
:106838008C68BC402C43C460022A16D107250F2659
:106848001D40AD00AE40DC08A40004190294246A7F
:1068580003962600039CA64334000E69AE402643E7
:10686800029C266201E0032ADFD1BA400468019D38
:1068780025402A43C02402606246A402224248D02E
:10688800254A03259C08A400A4180F221D40ED00EA
:10689800AA40A027266EFF0596430022B8420CD0D6
:1068A8001E4F0132B84208D01D4F0132B84204D001
:1068B8001C4F0332B84200D1023AAA40674632431D
:1068C8002266154C009A2668009DD2433543FF0284
:1068D80001D435001540674625606668009D35433C
:1068E800BF0201D435001540674665600E4C009D17
:1068F800E66F3543BF0301D4350015406746E567A9
:106908000A4C009EE56F2E43FF0301D415402E006C
:10691800E66701335DE7C0460018024000040050F6
:1069280000080050000C00500818024004180240EB
:10693800002A01D0816170478162FCE703689A6987
:10694800920701D500229A6201229969114202D167
:1069580099690A439A61704730B5039C00682343DC
:10696800120489051A43890D054B45680A43640DCD
:10697800234352009D4352082A43426030BDC0461B
:10698800FF63FF0310B5436B1B4C0AB2A3421ED032
:106998001A4CA3421BD01A4CA34218D000239A4287
:1069A80000DAB833CA0701D5F22213438A0701D5A2
:1069B800F4221343102906D19022134301680A6870
:1069C80013430B6010BD2029F8D10B43F6E70023D1
:1069D8009A4200DAB833CA0701D5F22213438A076C
:1069E80001D5F42213431029E6D0202901D16022D1
:1069F800E3E74029E9D0E1E715720008617600086D
:106A0800B9700008002310B5CA0708D50300413340
:106A18001A7828231A40CA33282A00D1B03B8A079B
:106A280008D502002824413212782240A2420BD114
:106A38004422134309B2002901DAB822134301683A
:106A48000A689A430A6010BDF422F2E770B50400A0
:106A58000120002C4ED0250041352B78DAB2002BCE
:106A680005D12300403320001A70FDF7B1FB242321
:106A780001212B702368E0681A68A6688A431A60A7
:106A88001D4962680A401A619A681C490A409A605E
:106A9800012807D18022120232439A605A681848A6
:106AA800024009E08422120232439A600228F5D19A
:106AB80080225868120102435A605868114A0243FA
:106AC8005A60DA6800200A40DA60616922690A437C
:106AD800A16909020A43DA60216AE2690A431A6075
:106AE800012219680A431A60202360642B7020630E
:106AF8004234207070BDC046FFFFFFF0FF7FFFFFEC
:106B0800FFF7FFFF00800002F0B5060087B003938F
:106B18000CAB029204CB41361B8804920593337860
:106B280004000220202B08D1002A02D0059B002B4C
:106B380005D1802301209B00636407B0F0BD236862
:106B4800802798693F0284460500624602203D403E
:106B58003A42F2D1270040373A78012AEDD001387D
:106B680038702030307020004026049A4230067079
:106B78006262059A65646285134A2585E262134A52
:106B8800E16462636A46107A039A012A16D1986210
:106B980001235B4223656B461A7B0D4B2000009353
:106BA80080235B04FFF7D8FE230000254033200034
:106BB80001211D70FFF7E6FE2800BEE7029A120ABF
:106BC8009A622065E7E7C0460000FFFF1D730008D2
:106BD80000200080F0B5060087B003930CAB20CBF3
:106BE80002921B8841360493337804000220202B3C
:106BF80008D1002D02D0049B002B05D18023012051
:106C08009B00636407B0F0BD2368802798693F0242
:106C1800844662463840059002203A42F2D1270065
:106C280040373A78012AEDD0013838702130307079
:106C380020004026059A423006706264049A656214
:106C48006285124AE262124AE16462636A46107A15
:106C5800039A012A15D1986201235B4223656B468A
:106C68001A7B0C4B200000930023FFF775FE2300CE
:106C780000254033200001211D70FFF783FE280006
:106C8800C0E7029A120A9A622065E8E70000FFFF4F
:106C98001D73000800200080036810B599691A6800
:106CA800436B002B00D0984710BD70477047030016
:106CB80070B500252022060042331D70013B19786B
:106CC800040040361A7021290AD111234563036351
:106CD8002039FFF797FE20003570FFF7E6FF70BDFB
:106CE8001223456303630221FFF78CFE20003570F1
:106CF800FFF7DCFFF3E77047704700000100036807
:106D080010B5040000201A6842310870510418D5E3
:106D18001A6818490A401A60230041331A78292A48
:106D280014D1013A1A702123200023630121FFF7AF
:106D380069FE23000022403320001A70FFF7DBFFB2
:106D480010BD1204E8D51A680B49E3E71A782A2A15
:106D5800F6D1023A1A702223200023630221FFF79A
:106D680051FE23000022403320001A70FFF7C4FFB1
:106D7800E6E7C046FFBFFFFFFF7FFFFF7047030046
:106D8800F7B5282241331B78040001681340934269
:106D98003CD1FE278D698E698B68CA68ED03019224
:106DA800C268360CED0F3E40022A25D19B059A0D8C
:106DB8005B0F7340180006263040334210D1A36C95
:106DC8000133A364A36C022B09D19B19A064CB6186
:106DD80023004033187029002000FFF7CFFFF7BDCC
:106DE800802120000902FFF70DFE23000022403316
:106DF8001A70019A3A40EEE780210902FFF702FE75
:106E08002300002240331A703200E4E70823CB61E4
:106E1800002340342370E2E770470000184B10B598
:106E2800C362002302000363040020204132107073
:106E3800537004226363114212D02368596A636A4B
:106E48001970636A01336362238D002B08D0013BFC
:106E58002385638D013B9BB26385636C1A4362642F
:106E680020000849FFF7CEFD102223682000DA61D0
:106E78002300002240331A70FFF7CEFF10BDC04632
:106E88000000FFFF03800000704770470100020008
:106E980010B541310C7800234032602C06D1403CBB
:106EA8000C7003631370FFF7F0FF10BD03631370DA
:106EB800FFF7EAFFF9E7000070B5050000220400BB
:106EC800413542302B7802703A48283BE0626285AF
:106ED800626C0A436264022B2BD803212000FFF75F
:106EE80091FD28232B70344BA06B6363236B002820
:106EF80040D01A001021113A8A433BD123681A68FE
:106F0800520403D51A682D490A401A60FFF76AFB34
:106F180001282BD0A06B2A4B002283632300403327
:106F28001A70FFF725FB002823D0A06B836B9847C6
:106F38001FE020002349FFF765FD2000FFF7FEFC56
:106F48002B78602B10D020222A702368996911426F
:106F58000AD09969103A114204D0DA61616C0C3A8E
:106F68000A4362642022DA610023BDE72000FFF7AC
:106F78008DFF70BDE06B0028F8D01022123B9343C0
:106F8800F4D123681A68120403D51A680E490A4016
:106F98001A60FFF727FB0128E8D0E06B084B0022B6
:106FA8008363230040331A70FFF7E2FA0028E0D029
:106FB800E06BBBE70000FFFF69770008FFBFFFFF3A
:106FC8008578000803800000FF7FFFFFF7B52023C6
:106FD800050006684135F3612B7804000F00212B6A
:106FE8002BD10121FFF70EFD1123236373682E4A6D
:106FF80013407360002363632C4BE36210231F422A
:1070080004D0F361626C0C3B134363642B78602BF0
:1070180005D17F0703D5736ADBB20193019B20007A
:10702800FFF78CFC636C2A78602A01D0002B0CD007
:107038002000616CFFF740FFF7BD2B78222BD5D1DC
:107048000221FFF7DFFC1223CFE72A78212A13D188
:10705800013A2A702200210023634232107840311D
:1070680013700B70402803D12000FCF78FFEE3E774
:107078002000FFF71AFEDFE72A78222ADCD1023A3D
:107088002A702200210023634232107840311370A5
:107098000B70402803D12000FCF792FECCE72000BB
:1070A800FFF704FEC8E7C04600E800FE0000FFFF47
:1070B80073B5050040352B7804000220012B15D04C
:1070C80001232B700F33194211D01A420FD02268B6
:1070D8002000D361626C0C3B134320216364FFF7EB
:1070E80051FC2000FFF72AFC0020287076BD0223FF
:1070F800194208D01A4206D02368226D9A620123E9
:107108005B422365F0E740260B063BD5324239D077
:1071180001212000FFF776FC10212000FFF732FC48
:10712800638D002B29D0638DFF2B1BD90023FF22F1
:10713800E16C22850093802389B25B042000FFF76D
:107148000BFC638D228D9B1A9BB263852300413310
:107158001A7823681968222A47D1802212020A4322
:107168001A60C1E70023628DE16C92B22285009318
:107178008023D2B289B29B04E0E731002000FFF7F8
:107188009BFEB1E7314233D0324231D02600012193
:107198002000FFF737FC413610212000FFF7F2FBF3
:1071A8003378223B5A425341174A9B029B18628DFF
:1071B800FF2A10D9FF22E16C22850093802389B22F
:1071C8005B042000FFF7C8FB638D228D9B1A9BB2DE
:1071D80063853278BDE7628DE16C92B222850093B7
:1071E8008023D2B289B29B04EBE78022D201B6E7B2
:1071F8002023194200D177E71A4200D174E7200012
:10720800FFF7E4FE70E7C04600200080F7B50600EF
:107218004036337804000220012B15D00123337047
:107228000F33194211D01A420FD022682000D361BF
:10723800626C0C3B134320216364FFF7A3FB20001F
:10724800FFF77CFB00203070FEBD4023080641D5C7
:107258001A423FD025682A689A432A60638D002B1A
:107268002CD06968638D8905890DFF2B18D9FF23F8
:10727800238580235B040020278D0090FAB220002C
:10728800FFF76AFB638DDB1B9BB263854134237870
:107298002A68222B0FD180231B0213432B60D1E7CE
:1072A800638DE26A23851A4B9A4201D0E36AE2E7CA
:1072B80080239B04DFE78023DB01EEE76B689B01FB
:1072C80003D42000FFF7F3FCBCE740212000FFF7C0
:1072D800F3FDB7E7194212D01A4210D0638D002B84
:1072E800F3D1226853689B01ACD4E16A084B9942F8
:1072F800E7D180235168DB010B435360A2E72023C9
:1073080019429FD01A429DD02000FFF75FFE99E7EF
:107318000000FFFFF7B5070040373B7804000D0079
:1073280016000220012B1AD001233B700F3319429B
:1073380016D01A4214D022682000D361626C0C3B2C
:1073480013436364FFF7FAFA20231D4205D01E4257
:1073580003D029002000FFF739FE00203870FEBD59
:1073680004231D4211D01E420FD09D4323685A6A40
:10737800636A1A70636A01336362238D013B238554
:10738800638D013B9BB26385DEE702231D420FD06C
:107398001E420DD0236D2268013303D1636A197828
:1073A8009162E8E7236D936201235B422365CBE793
:1073B80040232A061AD51E4218D0638D002B10D000
:1073C800238D002B0DD1628DFF2A25D9FF22E16C78
:1073D80022850093802389B25B042000FFF7BCFA62
:1073E800B2E740212000FFF767FDADE71D42ABD0B3
:1073F8001E42A9D001212000FFF704FB0221200032
:10740800FFF7C0FA230041331B78223B5A4253410D
:10741800064A9B029B18D6E7628DE16C92B22285E0
:1074280000938023D2B289B29B04D6E70020008063
:1074380070B5802503686D0099691A68294206D0DD
:10744800140604D50124466C34434464DD61802568
:10745800ED00294206D0140604D50824466C3443AE
:107468004464DD618024A400214206D0120604D5BC
:107478000222416C0A434264DC610B23416C1942CD
:1074880001D0FFF719FD70BDF7B506002022056889
:1074980041362B6804000093C36A0F0001933378C8
:1074A800EA61D8B2212B09D0223808280CD8F8F77D
:1074B80023FE680B0B0B0B0B6E05680020005E4962
:1074C800FFF7A0FA2123236380226B68120213437B
:1074D8006B606B68594A200013406B60FFF72EFA07
:1074E800009B5B0459D52B68554A13402B60A36B4E
:1074F800002B03D01B685B689BB263857B0710D5A4
:10750800636A6A6A1A70636A01336362238D002BA7
:1075180005D0013B2385638D013B9BB26385042322
:107528009F43638D002B03D00423626C1343636471
:1075380010231F4211D0009A1A420ED0628D002AE1
:1075480049D13378282B33D18023019A9B049A425E
:107558002ED139002000FFF761FC230000224233BE
:107568001A70656C6263954244D02000616CFFF725
:10757800A3FC3378282B03D139002000FFF74EFCF9
:10758800F7BD20002F49FFF73DFA22239BE7200093
:107598002D49FFF737FA002395E78022009B120256
:1075A8001342ABD02B68294A13402B60E36B9FE74B
:1075B80031781022236829290BD12549019888425E
:1075C80007D02000DA61FFF7B9F92000FFF796FB32
:1075D800C3E7DA61C1E72268D3610423626C13430D
:1075E8006364019A1B4B1A42B7D12000616CFFF704
:1075F80063FCB2E72700E36A154A403793420CD090
:107608002000FFF77BFB2023114A2000E262337041
:1076180025633D70FFF700FCB2E720233278200095
:10762800337025633D70222A02D1FFF765FBA7E777
:10763800FFF761FBA4E7C0460180000000E800FEF8
:10764800FFBFFFFF0280000003800000FF7FFFFFF5
:107658000000FFFFFFFFFFFEF8B5050040352B785F
:107668000400C66A0220012B0BD001232B701F33A4
:10767800194207D01A4205D02000FFF705FF002065
:107688002870F8BD102319425CD01A425AD0C02085
:107698000002024253D0E06B031E09D0802713007A
:1076A8003F023B403A4203D003685B68584243417B
:1076B8002000A76B4130002F05D0520403D53A684B
:1076C8005268002A01D0012B1AD10378282B07D140
:1076D80080239B049E4203D12000FFF79FFBCEE747
:1076E800102201782368DA612929C8D11A498E4203
:1076F800C5D02000FFF722F92000FFF7FFFABEE708
:1077080010222368DA610423626C134363640078EF
:10771800124BC0B21E42B2D12138092808D8F8F756
:10772800EBFC050C070707070707050C2123236354
:107738002000616CFFF7C0FBA1E72223F7E722686E
:10774800D3619CE70823194299D01A4297D02000A8
:10775800FFF715FB93E7C0460000FFFFFFFFFFFEA2
:1077680070B5050040352E780400C36A0220012E4A
:107778000BD0013828701F30014207D0024205D0D3
:107788002000FFF781FE0020287070BD1020014204
:107798002FD002422DD0628D002A1CD12200413206
:1077A8001078282807D180208004834203D1200044
:1077B800FFF734FBE7E7102110782268D161292808
:1077C800E1D12C488342DED02000FFF7B7F8200033
:1077D800FFF794FAD7E72268D0610422616C0A4364
:1077E8006264254A1342CED12000616CFFF764FB26
:1077F800C9E70420014219D0024217D0628D002A3D
:107808000DD02268516A626A1170626A013262623E
:10781800228D013A2285628D013A92B26285628D8B
:10782800002AB0D1134A9342ADD0D0E708200142D4
:1078380005D0024203D02000FFF7A1FAA3E70220F7
:107848000142A0D002429ED0628D002A0DD0636A08
:1078580022681978013391626362638D013B9BB2A0
:107868006385238D013B23858DE7034A134200D0AE
:1078780089E7ACE70000FFFFFFFFFFFE806A10B555
:10788800836B002B01D000229A63C36B002B01D0BD
:1078980000229A63FFF7FAFA10BD0000F0B5040061
:1078A8004134227803000F000220D6B2202A18D1D2
:1078B8001D0040352A78012A13D0242222701B6823
:1078C800233A196807489143196019680140002054
:1078D800196019683943196019680A431A602670D3
:1078E8002870F0BDFFEFFFFF0200F0B541321478B9
:1078F8000300E5B20220202C17D11C004034267862
:10790800012E12D0223010701B6823381E68074FD2
:1079180086431E601E6809023E403143196019689B
:1079280008431860002015702070F0BDFFF0FFFFBD
:1079380010B5114C1149236802000B400343236022
:10794800802300209B009A420ED10D4B0D491868E8
:1079580006235843F8F7DAFB8022431CD2006169FA
:1079680008001040114200D110BD002B01D0013B8E
:10797800F5E70320F8E7C04600700040FFF9FFFF75
:107988000000002040420F00F0B5040085B0002838
:1079980002D1012005B0F0BD0368DB0710D42368CD
:1079A8009B075CD423681B0700D5C1E023685B07ED
:1079B80000D5F2E0E369002B00D079E10020E9E787
:1079C8003822AF4DAB681340EA68102B09D1D34376
:1079D8009B0708D12B689B03E1D56368002BDED198
:1079E800D7E7082BF6D0802263685202934211D160
:1079F8002A6813432B60FEF72BFD80270600BF0281
:107A08002B683B42CBD1FEF723FD801B6428F7D9B6
:107A18000320BFE7A021C9028B4208D1802329682F
:107A2800DB020B432B602B681A432A60E3E72A68C2
:107A380094490A402A602A6893490A402A60002B20
:107A4800D9D1FEF705FD80270600BF022B683B420F
:107A5800A5D0FEF7FDFC801B6428F7D9D8E73822AB
:107A6800874DAB681340EA68102B28D103210A40E0
:107A7800022A26D12A68520503D5E268002A00D1D5
:107A880087E7696862698148120201400A436A60AF
:107A9800002B0CD12B687E4A7E4913402269134380
:107AA8002B602B687C4A9B045B0FDA400A607B4B97
:107AB8001868FEF785FC002800D173E769E7002BFA
:107AC800D8D0E368002B20D02B68714A8027134058
:107AD8002269FF0013432B6080232A685B0013434D
:107AE8002B60FEF7B5FC06002B683B4207D06A689E
:107AF800636966491B020A4013436B6052E7FEF74D
:107B0800A7FC801B0228EFD982E72B68644A8027EC
:107B180013402B60FEF79CFC0600FF002B683B42DD
:107B280000D13FE7FEF794FC801B0228F6D96FE7E7
:107B38003822534DAB681340182B08D12B6E9B0786
:107B480000D433E7A369002B00D02FE721E7A2690F
:107B58000123002A10D02A6E022713432B66FEF752
:107B680077FC06002B6E3B4200D01FE7FEF770FC47
:107B7800801B0228F6D94BE72A6E02279A432A6609
:107B8800FEF766FC06002B6E3B4200D10EE7FEF7BF
:107B98005FFC801B0228F6D93AE73822384DAB68DB
:107BA8001340202B08D1EB6D9B0700D402E7A36894
:107BB800002B00D0FEE6ECE680220021EB6B52059C
:107BC8000091134208D1EB6B1343EB63EB6B13404B
:107BD8000393039B012300938027324E7F00336871
:107BE8003B4215D0A368012B22D1EA6D1343EB6504
:107BF800FEF72EFC02270600EB6D3B4238D0009BB7
:107C0800012B00D0D6E6EB6B274A1340EB63D1E695
:107C180033683B433360FEF71BFC019033683B42FB
:107C2800E0D1FEF715FC019BC01A0228F6D9EFE651
:107C3800EA6D052B05D1013B1343EB65EA6D012382
:107C4800D4E701218A43EA65EA6D03318A43EA658C
:107C5800002BCDD1FEF7FCFB02270600EB6D3B4263
:107C6800CDD0FEF7F5FB114B801B9842F6D9CFE635
:107C7800FEF7EEFB0D4B801B9842BDD9C8E6C04607
:107C880000100240FFFFFEFFFFFFFBFFFF80FFFF2A
:107C9800FFC7FFFF000000200024F40008000020B8
:107CA800FFFEFFFF00700040FFFFFFEF881300009A
:107CB80038213F4DAA680A40102A51D03D4A022B6C
:107CC80038D12B68802713402B60FEF7C1FB0600D4
:107CD800BF042B683B4227D1616A236AEA680B43D9
:107CE800354980260A401343E26AB6041343226BDF
:107CF8001343A26A12021343EB6080232A685B04D1
:107D080013432B608023EA685B051343EB60FEF79F
:107D18009FFB04002B68334200D04FE6FEF798FB28
:107D2800001B0228F6D973E6FEF792FB801B022897
:107D3800CFD96DE62B68802613402B60FEF788FBB1
:107D48000400B6042B68334204D1EB681B4A134085
:107D5800EB6033E6FEF77CFB001B0228F2D957E6FE
:107D6800012B00D115E60322E868216A02408A4205
:107D780000D00EE67022616A02408A4200D008E60E
:107D8800FE21A26AC90101401202914200D000E618
:107D9800F822E16A920302408A4200D0F9E5236B97
:107DA800400F4007C01A431E9841C0B2F2E5C046D2
:107DB80000100240FFFFFFFE8C80C11FFCFFFEEF9A
:107DC800382370B51D4CA2681A4205D123681C4897
:107DD8009B045B0FD84070BDA2681A40082A27D0C0
:107DE800A2681A40102A17D1E368E168DB43E56806
:107DF8004906490F6F322D0A013115409B0709D1F9
:107E08001048F8F783F9E1686843490F0131F8F73A
:107E18007DF9E0E70A48F4E7A2681A40202A09D069
:107E2800A26800201340182BD5D1FA20C001D2E750
:107E38000448D0E780200002CDE7C0460010024089
:107E48000024F40000127A00F7B504000D000028A1
:107E580001D10120FEBD07274A4E33683B408B42C3
:107E68002AD3226893073BD4D20748D4072733681C
:107E78003B40AB420AD93368BB432B433360FEF720
:107E8800E7FA019033683B40AB426BD123683E4D23
:107E98005B076FD4FFF794FFAB683C491B051B0FCA
:107EA8009B005B581F210B40D840394A394B106062
:107EB8001868FEF785FACDE73368BB430B43336098
:107EC800FEF7C6FA019033683B40AB42C9D0FEF7D3
:107ED800BFFA019BC01A304B9842F4D90320B9E786
:107EE8002949530704D5E0238868DB0103438B60E5
:107EF8008B682A480340A06803438B60B4E7626834
:107F0800214F012A19D13B689B03A2D50721BB68E1
:107F18008B431343BB60FEF79BFA01903823BA6882
:107F28001A406368DB009A42A0D0FEF791FA019BE1
:107F3800C01A194B9842F1D9D0E7022A03D13B68FD
:107F48009B01E3D485E7002A03D13B685B05DDD4B8
:107F58007FE70223032A03D1396E1942D6D178E785
:107F6800F96DFAE7FEF774FA019BC01A0A4B9842BA
:107F780088D9B3E7AB680A4A1340E2681343AB6099
:107F880088E7C0460020024000100240209F0008F9
:107F9800000000200800002088130000FFF0FFFF09
:107FA800FF8FFFFF064B07499B68074A5B045B0F7F
:107FB8009B005B581F2110680B40D8407047C04693
:107FC80000100240009F000800000020F0B5036880
:107FD800050085B000209B0351D58022484C5205EE
:107FE800E36B0090134208D1E36B1343E363E36B45
:107FF80013400393039B012300938027414E7F0086
:1080080033683B433360FEF723FA019033683B4201
:1080180027D0E16DC022080092006B691040114220
:1080280017D098420CD0E36D374AE16D1340802297
:1080380052020A43E265E26D34490A40E265E365AB
:10804800DB0706D5FEF704FA02270600E36D3B427C
:108058004ED0E36D2C4A002013406A691343E36550
:1080680006E0FEF7F5F9019BC01A0228CED90320D5
:10807800009B012B03D1E36B254A1340E3632A6875
:10808800D30706D503241E494B6DA3436C682343CD
:108098004B65930606D51A491E4C4B6D2340AC68B8
:1080A80023434B6553040FD515492C694B6D9B0031
:1080B8009B0823434B658023DB059C4204D1802326
:1080C800CC685B022343CB6012050FD50C4A124CD7
:1080D800536DE96823400B4353658023DB019942C4
:1080E80004D18023D1685B020B43D36005B0F0BD97
:1080F800FEF7AEF9094B801B9842A7D9B7E7C046EF
:108108000010024000700040FFFCFFFFFFFFFEFF71
:10811800FFFFFFEFFFCFFFFFFF3FFFFF88130000C8
:1081280070B50124036A026AA24302624468164ACF
:10813800856915400A681543022293438A681343E8
:10814800124A904205D0124EB04202D0114EB042AF
:1081580013D10826B343CE6833430426B343904271
:1081680005D00B4A904202D00A4A904205D10A4AE9
:108178008E6922404C69344314434A6844608561DF
:108188004263036270BDC0468CFFFEFF002C0140B5
:108198000044014000480140FFFCFFFF70B5174A4A
:1081A800056A036A134003624268154BC4691C40A0
:1081B8000B681C43134B1D408B681B022B43124D4D
:1081C800A8420ED1114D1D40CB681B022B43104D08
:1081D8002B40104D4E6915408A69324312012A43DB
:1081E80005E00D4DA842F4D00C4DA842F1D04260F4
:1081F8004A68C461C263036270BDC046FFFEFFFFE8
:108208008CFFFEFFFFFDFFFF002C0140FFF7FFFF83
:10821800FFFBFFFFFFCFFFFF004401400048014084
:1082280030B5124A046A036A114D13400362436869
:10823800C2692A400D682D0215430E4A14408A6807
:10824800120322430C4CA04205D00C4CA04202D091
:108258000B4CA04204D10B4C1C404B699B0123439F
:1082680043604B68C5610364026230BDFFEFFFFFE6
:10827800FF8CFFFEFFDFFFFF002C014000440140A0
:1082880000480140FFBFFFFF70B5066A104C036A43
:10829800104A234003624368456D15400A68154338
:1082A8000D4A16408A68120432430C4EB04205D07B
:1082B8000B4EB04202D00B4EB04203D11C404B696A
:1082C8001B02234343604B6845658365026270BDAA
:1082D800FFFFFEFF8FFFFEFFFFFFFDFF002C0140A9
:1082E800004401400048014030B5124A046A036A5C
:1082F800114D134003624368426D2A400D682D02F8
:1083080015430E4A14408A68120522430C4CA042B9
:1083180005D00C4CA04202D00B4CA04204D10B4C0F
:108328001C404B699B02234343604B684565C3650A
:10833800026230BDFFFFEFFFFF8FFFFEFFFFDFFF91
:10834800002C01400044014000480140FFFFFBFFB2
:10835800704770477047704770477047022203683C
:1083680070B5DD681E69040016420DD015420BD0A9
:10837800053A1A61043202779B699B0700D17CE0B9
:10838800FFF7E9FF0023237704231E4212D01D4282
:1083980010D00522236852421A61073222779A695F
:1083A800C0239B0020001A4200D16CE0FFF7D3FFE6
:1083B8000023237708231E420FD01D420DD0092227
:1083C800236852421A610D322277DB6920009B072D
:1083D8005FD0FFF7C0FF0023237710231E4211D080
:1083E8001D420FD01122236852421A611932227796
:1083F800DA69C0239B0020001A4250D0FFF7ABFF78
:108408000023237701231E4208D01D4206D00222F2
:108418002368524220001A61FFF79BFF82239B01C9
:108428001E4207D02B0605D52368204A20001A6172
:1084380000F00DFBF30507D52B0605D523681C4A6C
:1084480020001A6100F004FB40231E4208D01D42A0
:1084580006D041222368524220001A61FFF77DFFAF
:1084680020231E4208D01D4206D0212223685242F2
:1084780020001A6100F0EAFA70BDFFF76BFF2000D8
:10848800FFF76AFF7EE7FFF765FF2000FFF764FF4D
:108498008EE7FFF75FFF2000FFF75EFF9BE7FFF720
:1084A80059FF2000FFF758FFAAE7C0467FDFFFFF0C
:1084B800FFFEFFFF1C4A10B50368904202D01B4C18
:1084C800A04208D17024A3434C68234390420BD0A8
:1084D800164CA04208D0164CA04205D0154CA0421C
:1084E80002D0154CA04203D1144C1C40CB68234346
:1084F8008024A3434C69234303608B68C3620B68E1
:108508008362904205D00B4B984202D00A4B9842A6
:1085180001D10B690363012242610369134202D04E
:1085280003699343036110BD002C0140000400401F
:10853800002000400044014000480140FFFCFFFFCC
:1085480070B504000120002C23D025003D352B7880
:10855800DAB2002B05D123003C3320001A70FDF756
:10856800F1FD02232B702068211DFFF7A3FF2200D5
:10857800012300204832137047340A3A13705370AD
:108588009370D370137153719371D37113722370F5
:108598002B7070BD70B504000120002C23D025007D
:1085A8003D352B78DAB2002B05D123003C3320006F
:1085B8001A70FFF7CDFE02232B702068211DFFF7EC
:1085C80079FF2200012300204832137047340A3A09
:1085D800137053709370D370137153719371D37177
:1085E800137223702B7070BD102270B5056A036A70
:1085F800164C934303624268836923400C68240243
:108608001C4320239D438B681B012B43104DA8421C
:108618000FD18025AB431E00CB68403D1B0133437F
:10862800AB430C4D4E6915408A69324392002A4388
:1086380005E0094DA842F4D0084DA842F1D04260A7
:108648004A6884618263036270BDC046FF8CFFFE86
:10865800002C0140FFF3FFFF0044014000480140A7
:10866800F8B507003C3715003A7803000C000220E3
:10867800012A0CD0013838700C2D51D008D8042D9F
:108688002DD0082D3CD0002D17D000233B70F8BD0D
:10869800102D58D0142DF8D11D682800FFF724FE9E
:1086A80080236A6D1B0113436B656B6D2E4A134063
:1086B8006B6523696A6D1B0253E01D682800FFF78C
:1086C8002FFD0823AA6913430422AB61AB699343C6
:1086D800AB61AB6922691343AB610020D5E71D6824
:1086E8002800FFF781FF8023AA691B011343AB61B0
:1086F800AB691D4A1340AB612369AA691B02EAE70B
:108708001E683000FFF74AFD0422F3691D43F56136
:10871800F3699343F361F36922691343F361DCE777
:108728001D682800FFF77CFD8023EA691B011343BD
:10873800EB61EB690C4A1340EB612369EA691B02A0
:108748001343EB61C9E71D682800FFF79DFD082367
:108758006A6D134304226B656B6D93436B656B6D98
:10876800226913436B65B8E7FFFBFFFF30B58468E8
:10877800034D0A431B022C4013432343836030BD3F
:10878800FF00FFFFF8B5050002223C352C780300F6
:108798001000012C1BD01E0001383D3628703270A5
:1087A8001C68414AA3681340A3600B68602B4ED035
:1087B8002DD8402B62D013D8202B0BD008D81022EC
:1087C8001900914306D00123337000232B70F8BDA4
:1087D800302BF8D1A26835490A401343072228E014
:1087E800502BF0D14A68CB68216A276A1B0187435E
:1087F8002762F027A069B84303430A2081430A434C
:10880800A3612262294BA2681A40572311E08022F3
:10881800520193420FD08022920193420DD0702BC7
:10882800D1D1CB684A6820008968FFF79FFF77237A
:10883800A2681343A3600020C5E7CB684A682000FC
:108848008968FFF793FF8023A268DB01F1E710270F
:108858004B68CA68216A206A1203B8432062A0697B
:10886800134F1B0138400243A02081430B43A261F0
:108878002362A2680D4B1A406723DAE74A68CB687F
:10888800216A276A1B0187432762F027A069B8433A
:1088980003430A2081430A43A3612262034BA2686F
:1088A8001A404723C5E7C0468800CEFF8FFFCFFF99
:1088B800FF0FFFFF1F2310B5012419408C408A4089
:1088C800036AA3430362036A1A43026210BD0000ED
:1088D80010B508291CD006D800290BD0042914D0BB
:1088E8000300433308E00C2915D01029F8D1030000
:1088F800423301E003003E331B78013B5A1E93418B
:10890800DBB2002B0AD0012042E003003F33F3E73B
:1089180003004033F0E703004133EDE70223082961
:108928003ED009D800290ED0042932D002004332A3
:1089380013700429E7D12FE00C2939D01029F5D17B
:1089480042300370DFE702003E3213700468E268C9
:108958001343E360046801222000FFF7ABFF1C4AC1
:1089680094422DD01B4B9C422AD01B4B9C4227D0B3
:108978001A4B9C4207D1A368194A1340062B06D00C
:10898800073A934203D0012322681343236000204F
:1089980010BD02003F32137002680423D4680DE052
:1089A8000200403213700268D3680B43D360D1E7EA
:1089B80002004132137010230268D4682343F5E79C
:1089C8008023616C1B020B4363649442D3D0CFE7CE
:1089D800002C0140004401400048014000040040D0
:1089E8000700010010B5FFF773FF10BDF0B50400D4
:1089F80002223C34257803001000012D1FD01D00F1
:108A08003D352A701A680E4E53689068B24203D1F9
:108A18000C4F3B404F683B437027BB430F683B43B9
:108A28005360B24202D0084B9A4204D18023984343
:108A38008B6818439060012300202B702070F0BDD4
:108A4800002C0140FFFF0FFF0004004070477047F3
:108A58007047000030B5EFF31084012282F31088CC
:108A68000168134D0B682B400B6084F31088EFF3FB
:108A7800108182F3108802680E4C9368234093603B
:108A880081F31088C36E012B0AD1EFF3108183F3B1
:108A98001088102402681368A343136081F31088B8
:108AA800030020228C331A600023C366436730BD5D
:108AB800DFFEFFFFFEFFFFEF30B5EFF3108401226A
:108AC80082F31088802501680B68AB430B6084F340
:108AD8001088EFF3108182F3108840230268106831
:108AE8000343136081F3108830BD030088331B688B
:108AF80010B5212B06D1020056321388002B02D163
:108B0800FFF7DAFF10BD036D01681C7801338C6232
:108B180003651388013B9BB21380F3E70300883396
:108B28001B6810B5212B06D1010056310B88002B8C
:108B380002D1FFF7C1FF10BD026D0468138802322D
:108B4800DB05DB0DA36202650B88013B9BB20B8042
:108B5800F1E70000030088331B6870B5212B21D191
:108B68000300010080246A331B885631002B19D07A
:108B78000A88002A17D1EFF31084013282F3108893
:108B88000168114D8B682B408B6084F31088EFF3DC
:108B9800108182F310884023026810680343136031
:108BA80081F3108870BD0568EA69224208D0026D19
:108BB80016780132AE6202650A88013A92B20A80DA
:108BC800013B9BB2D2E7C046FFFF7FFF030088331B
:108BD8001B6870B5212B21D10300010080246A3362
:108BE8001B885631002B19D00A88002A17D1EFF3B9
:108BF8001084013282F310880168124D8B682B4073
:108C08008B6084F31088EFF3108182F3108840237F
:108C1800026810680343136081F3108870BD06680A
:108C2800F26922420AD0056D2A880235D205D20D92
:108C3800B26205650A88013A92B20A80013B9BB28A
:108C4800D0E7C046FFFF7FFF30B5050088352C68A8
:108C580003000220202C37D10138002934D0002A03
:108C680032D080209C684001844205D118690028D0
:108C780002D10130014227D11965190054310A8007
:108C88004A801A00002190321160212280212A6036
:108C98008022586E92054901904216D1144A8C429E
:108CA80003D11969002900D1124A9A67EFF310819C
:108CB800012282F310881A68802390681B040343FA
:108CC800936081F31088002030BD0B4A8C4203D199
:108CD8001969002900D1094A9A67EFF31081012226
:108CE80082F310881A688023106803431360E8E74A
:108CF8005D8B0008D58B0008F38A0008258B0008D7
:108D08007047806A0023020010B55E321380083A6B
:108D18001380FFF7F5FF10BD70470000F7B5016835
:108D2800C14DCB6904000A6888682B4210D1202500
:108D38002B4200D19BE0802676051540064035433E
:108D480000D194E0636F2000002B00D085E085E01F
:108D5800B64D05400095B64D009E1540354300D1EF
:108D680085E0250001269035334205D0D70503D587
:108D78000E622F683E432E60022633420CD0C7078E
:108D88000AD527000E6290373E680197B44604263C
:108D980067463E43019F3E60042633420CD0C70716
:108DA8000AD527000E6290373E680197B44602261E
:108DB80067463E43019F3E600826B446334209D0C9
:108DC8002027009E1740374304D066460E622F685E
:108DD8003E432E6080263601334206D0570104D523
:108DE8000E6220212E68314329602968002935D078
:108DF80020210B420AD080235B0511400340194310
:108E080004D0636F002B01D02000984722682B689C
:108E18004027966828223E40134020001E4322D057
:108E2800FFF718FE23689B683B4218D0EFF31081C8
:108E3800012383F31088250004CD9368BB43936016
:108E480081F31088E86F002809D07A4B8363FDF717
:108E58008FFB002802D0E86F836B9847F7BD20008E
:108E6800FFF74EFFFAE7FFF74BFF2E60F6E7E56ED8
:108E7800012D00D09FE01026334200D19BE0324202
:108E880000D198E00E62896840230A001A4019420E
:108E980057D0211DCA6F1068426892B2002ADDD0EF
:108EA80027005C373F889742D8D927005E373A8039
:108EB800026820208446104000906046024232D169
:108EC800EFF3108785F3108820685B4E0268324004
:108ED800026087F31088EFF3108785F31088206805
:108EE8008268AA43826087F31088EFF3108785F3BE
:108EF8001088206882689A43826087F3108823006C
:108F080062468C331A60009BE366EFF3108085F3AA
:108F1800108822680F351368AB43136080F31088FC
:108F2800C86FFDF7EBFA02232200236723005C32A7
:108F38005E331B881188C91A89B22000FFF7ECFE3E
:108F48008CE7230020005C335E3019880388008892
:108F58009BB2002800D181E7C91A89B2002900D143
:108F68007CE7EFF3108785F310882068334E036899
:108F78003340036087F31088EFF3108785F3108878
:108F880020682F4E83683340836087F3108823005E
:108F980020208C331860E2666267EFF3108085F357
:108FA8001088102522681368AB43136080F310887B
:108FB80002232367C1E780256D032B4206D04602B2
:108FC80004D520000D6200F0BBFD47E780210B426D
:108FD80007D080252D0411402840014301D0A36FFC
:108FE800B1E640210B4216D00A4214D0EFF31080AC
:108FF800012383F31088226813688B43136080F37E
:1090080010882300202288331A6000232000A367D9
:10901800F9F706FF22E7190214D5510012D52000EE
:1090280000F090FD1AE7C0460F080000010000108C
:10903800200100040B8D0008FFFEFFFFDFFEFFFF8D
:10904800FEFFFFEFDB0100D408E7002A00DB05E79D
:10905800200000F076FD01E70100F8B503008C312F
:109068000C6860331A880368222C57D15B6A846DB8
:10907800134002002370836D5E32013383651388C9
:10908800013B9BB2138013889CB2002B42D1EFF3B3
:109098001086013383F310880568234F2A683A4005
:1090A8002A6086F31088EFF3108683F3108805682A
:1090B800AA689A43AA6086F3108820220A60026888
:1090C80004675268446712020AD5EFF3108183F3EC
:1090D80010880268154C13682340136081F31088C8
:1090E800C36E012B17D10022C266EFF3108483F3FD
:1090F800108801680F330A689A430A6084F310885D
:109108000268D169194200D0136203005C331988E0
:10911800FFF702FEF8BDF9F767FEFBE70822996939
:109128000A439A61F6E7C046DFFEFFFFFFFFFFFB39
:109138000200F8B503008C32116860331C8803689C
:10914800222956D1596A836D2140198001000233C2
:1091580083655E310B88013B9BB20B800B889CB208
:10916800002B42D1EFF31086013383F31088056892
:10917800224F29683940296086F31088EFF310865A
:1091880083F310880568A9689943A96086F3108855
:1091980020211160026804675268446712020AD5E8
:1091A800EFF3108183F310880268154C136823408D
:1091B800136081F31088C36E012B17D10022C26699
:1091C800EFF3108483F3108801680F330A689A4319
:1091D8000A6084F310880268D169194200D01362CA
:1091E80003005C331988FFF797FDF8BDF9F7FCFD1C
:1091F800FBE7082299690A439A61F6E7DFFEFFFF59
:10920800FFFFFFFB0300F0B560331B8885B00293B6
:1092180003680400DD691A6803929A6801920200E3
:109228008C321268222A00D0C2E0030068331B88FF
:10923800002B02D020231D4225D123005E331B883A
:109248009AB2002B1DD0230068331B88934218D98B
:10925800EFF31080012282F310882168574D8B6844
:109268002B408B6080F31088554B6367EFF31081B8
:1092780082F310882023226810680343136081F367
:10928800108805B0F0BD2600236802995B6AA26DBC
:109298000B401370A36D5E360133A36533882268D3
:1092A800013B9BB233800723D5691D422FD0063B73
:1092B8001D4208D00399C90505D5210013629031D4
:1092C800086803430B6002231D4209D00199C907AE
:1092D80006D52100136290310868DB1803430B6040
:1092E80004231D4209D00199C90706D5136222003B
:1092F80090321168023B0B431360270090373B689C
:10930800002B04D02000FFF7FBFC00233B603388D0
:1093180099B2002B00D08DE7EFF31086013383F369
:1093280010882068274F02683A40026086F3108848
:10933800EFF3108683F310882068234F82683A4041
:10934800826086F31088220020208C321060226808
:1093580021675268616712020AD5EFF3108183F31F
:1093680010882268194813680340136081F3108835
:10937800E36E012B18D10022E266EFF3108083F32D
:10938800108821680F330A689A430A6080F31088AE
:109398002268D169194200D0136223005C3320008F
:1093A8001988FFF7B9FC45E72000F9F71DFD41E7EB
:1093B800082299690A439A6163E7C046FFFFFFEFF5
:1093C80061900008FFFEFFFFFEFFFFEFFFFFFFFBBE
:1093D8000300F0B560331B8885B00293036804006E
:1093E800DD691A6803929A68019202008C32126849
:1093F800222A00D0C0E0030068331B88002B02D06B
:1094080020231D4225D123005E331B889AB2002BEE
:109418001DD0230068331B88934218D9EFF31080BE
:10942800012282F310882168564D8B682B408B608F
:1094380080F31088544B6367EFF3108182F3108830
:109448002023226810680343136081F3108805B055
:10945800F0BD260023680298596AA26D0140118068
:109468000232A2655E363288013A92B23280072211
:10947800DD6915422FD0063A154208D00399C9056F
:1094880005D521001A629031086802430A60022259
:10949800154209D00199C90706D521001A629031F1
:1094A8000868921802430A600422154209D00199FB
:1094B800C90706D51A6222000223903211680B43AD
:1094C8001360270090373B68002B04D02000FFF77B
:1094D80017FC00233B60338899B2002B00D08FE73C
:1094E800EFF31086013383F310882068274F026852
:1094F8003A40026086F31088EFF3108683F31088F1
:109508002068234F82683A40826086F310882200E0
:1095180020208C321060226821675268616712022D
:109528000AD5EFF3108183F310882268194813686D
:109538000340136081F31088E36E012B18D10022D9
:10954800E266EFF3108083F3108821680F330A680E
:109558009A430A6080F310882268D169194200D0C2
:10956800136223005C3320001988FFF7D5FB47E717
:109578002000F9F739FC43E7082299690A439A6100
:1095880065E7C046FFFFFFEF39910008FFFEFFFFC8
:10959800FEFFFFEFFFFFFFFB70B504002569A16820
:1095A800036829436569C26929431868494D11430D
:1095B80028400143196059684748256A0140E06816
:1095C80001435960A16998682943444D28400143E3
:1095D8000F209960D96A8143606A0143D962404982
:1095E8008B4215D103213F4B5B6D0B40013B022B96
:1095F80060D83D49C85C80231B029A422FD10828B5
:1096080056D8F6F779FD5B550E550B5555550F0095
:1096180036495B18591E8B411801ECE7FEF7D0FB61
:109628004EE0334A616A334B49001000C95AF6F7D5
:109638006DFD656840006B08C0182900F6F766FDE7
:1096480002002D4B103A9A4232D80F23020000072D
:109658009A4393B2400F22680343D36032E008284C
:1096680026D8F6F749FD1A2505251F2525252200A8
:109678001F48626A1F4B5200D15AF6F747FD6568CA
:109688006B08C0182900F6F741FD02001A4B103A82
:109698009A420DD82368D86014E0FEF783FC0028AE
:1096A80010D0E6E7FEF78CFBF9E780200002E0E740
:1096B800012008E080231B029A42EED1FEF772FCDB
:1096C800021EAFD100200D4BA36600236367A3677A
:1096D80070BDC046F369FFCFFFCFFFFFFFF4FF1156
:1096E8000038014000100240609F000800BCFFBF26
:1096F8000024F400649F0008EFFF0000010001004F
:10970800836A30B51A0706D50168284C4A68224092
:10971800846B22434A60DA0706D50168244C4A68FC
:109728002240C46A22434A609A0706D50168214C40
:109738004A682240046B22434A605A0706D50168EA
:109748001D4C4A682240446B22434A60DA0606D51B
:1097580001681A4C8A682240C46B22438A609A06C0
:1097680006D50168164C8A682240046C22438A6038
:109778005A0610D50168134D4A68446C2A402243A2
:109788004A6080225203944205D14A680E4C224016
:10979800846C22434A601B0606D502680B4953684D
:1097A8000B40C16C0B43536030BDC046FF7FFFFFC9
:1097B800FFFFFDFFFFFFFEFFFFFFFBFFFFEFFFFFC8
:1097C800FFDFFFFFFFFFEFFFFFFF9FFFFFFFF7FF39
:1097D800F7B504000D00170000932268D3692B40E9
:1097E8005B1B59424B41BB4201D0002026E0089B3D
:1097F8000133F3D0FCF72CFE009BC01A089B98425B
:109808002DD8002B2BD023681A685207E5D52A00DB
:109818004021403A8A43E0D0DA69082611003140F5
:10982800019132420BD020001E62FFF713F923008A
:1098380090331E600023012084342370FEBD8022F3
:10984800D96912011142C8D01A622000FFF702F943
:109858002300202290331A60019B84342370032054
:10986800ECE70000030073B50026040090331E6087
:10987800FCF7EEFD236805001B681B071FD5802138
:10988800284B32000093890303002000FFF7A0FF54
:10989800B04214D0EFF31081012383F310888020A5
:1098A800226813688343136081F310882300202201
:1098B80088331A60032000238434237076BD260081
:1098C80023688C361B685B0723D58021154B002243
:1098D800009320002B00C903FFF77AFF002818D057
:1098E800EFF31080012282F3108821680E4D0B6877
:1098F8002B400B6080F31088EFF3108082F3108800
:1099080021688B6893438B6080F310882023336031
:10991800D0E723002022002088331A603260E066F6
:109928002067C8E7FFFFFF01DFFEFFFF03005C338E
:1099380070B5816580241A805A8000238168436746
:109948006401A1424ED10369591E8B41FF215B423C
:109958008B433C495B18010060310B8003000021F8
:10996800903319602231043B1960EFF3108401230E
:1099780083F3108801688D682B438B6084F310880B
:1099880080258021466E84680369AD054901AE4291
:109998003AD1050068352D88954235D82A4A8C4237
:1099A80002D1002B00D1294A4267002B0BD0EFF3DC
:1099B8001081012383F310880268FF33146823435E
:1099C800136081F31088EFF31081012383F310886B
:1099D800802302685B0590680343936081F31088D5
:1099E800002070BD002905D101697F230029B2D16B
:1099F8008033B0E780246405A142ACD101693F23DC
:109A08000029A8D14033A6E7114A8C4202D1002B85
:109A180000D1104A42670122002B0AD0EFF31081CF
:109A280082F31088902302685B0010680343136078
:109A3800D4E7EFF3108182F31088026820231068BE
:109A4800F4E7C046FF0100000D920008D993000812
:109A5800619000083991000803008C3070B50468E3
:109A68000220202C25D10138002922D0002A20D01C
:109A780080209C684001844205D11869002802D1E1
:109A88000130014215D10020D866186840680002EC
:109A98000CD5EFF31085012080F3108880201C6816
:109AA800C00426683043206085F310881800FFF74B
:109AB8003DFF70BDF7B504000E001D00019200289F
:109AC80001D10120FEBD070088373B68002B04D177
:109AD800020084321370FCF713FC2423012122684E
:109AE8003B6013688B431360A36A002B02D02000ED
:109AF800FFF706FE2000FFF74FFD0128E1D0802286
:109B08002368D20199682D040A439A609A680A4921
:109B180020000A4032439A60019A51050D431A68A1
:109B280006490A40154301221D6019680A431A6054
:109B3800FFF798FEC6E7C046FF7FFFFFFFFF00FC68
:109B480070477047704710B5884206D800239A427C
:109B580008D0CC5CC4540133F9E78B189842F5D28D
:109B6800013A00D210BD8B5C8354F9E703008218D8
:109B7800934200D1704719700133F9E7014B186817
:109B88007047C0460C00002070B500260C4C0D4DE7
:109B9800641BA410A64209D1002600F031F90A4C32
:109BA8000A4D641BA410A64205D170BDB300EB5842
:109BB80098470136EEE7B300EB5898470136F2E7CD
:109BC8007C9F00087C9F0008809F00087C9F0008FD
:109BD800002310B59A4200D110BDCC5CC4540133A7
:109BE800F8E7F8B504000D0000F022F8220006009E
:109BF8000F002B0020002900F8F75AFE002813D187
:109C08000022002320002900F6F722FB00280BD0B1
:109C1800FFF7B4FF2123002203600023100019007E
:109C2800F7F79EFB06000F0030003900F8BD000072
:109C3800F0B50A000D006D4904000300080087B064
:109C48002840884211D122002B0020002900F7F774
:109C5800CBFF02000B0020002900F7F71DF80400D5
:109C68000D002000290007B0F0BD002D11DC6900AF
:109C780049082143F5D00020854210D022002B004E
:109C880020002900F8F778FA02000B00F7F768FBC4
:109C9800E5E7281515D180240021640307E0DA0AD6
:109CA80015385B05002AFAD0F5E752000131224247
:109CB800FBD04C1E001B20241D00641AE5408B407D
:109CC8002A434B49120344188021120B49031143BC
:109CD800C00703D4DA0F490051185B000025621051
:109CE800490080240592DA0F5218162029005B00DB
:109CF800A4030E19964202DC3119921B2D19DE0FAE
:109D08005200013892195B0064080028F1D120261E
:109D18008027040004963F06C619B446914202DB28
:109D280014D19E4212D860466646C0190091002E92
:109D380003DAC643F60F8E190096521A6345894115
:109D48004942521A61465B1A0099E419DE0F520023
:109D58009219049E5B00013E7F080496002EDBD119
:109D68001A431FD0234E244F306871683A687B68C5
:109D7800009201933268736802920393009A019BE0
:109D8800F8F7FAF902000B0002980399F6F76AFA55
:109D9800002807D0306871683A687B68671C0FD163
:109DA800049C0135154B6A10D2186308ED0702D5DB
:109DB800802109060B4305991C0009058D1850E7F9
:109DC800F6F76AFF7768366802000B003000390042
:109DD800F6F73EFA002804D0023463426341ED18D6
:109DE800E0E7012301349C43DCE7C0460000F07F34
:109DF80001FCFFFF68000020600000200000E03F39
:109E0800F8B5C046F8BC08BC9E467047F8B5C046D1
:109E1800F8BC08BC9E46704701B40248844601BCA1
:089E2800604700BF710000203B
:109E30000E0500083E0400085604000874040008DB
:109E400056040008B804000856040008740400080A
:109E50003E0400083E040008B8040008740400082A
:109E60005E0400085E0400085E040008C2040008E6
:109E70003E0400083E040008560400084C05000893
:109E800056040008B8040008560400084C050008F1
:109E90003E0400083E040008B80400084C05000811
:109EA0005E0400085E0400085E0400085014000808
:109EB00042140008201400084C1400082014000864
:109EC00036170008201400084C140008421400083B
:109ED00042140008361700084C1400080814000843
:109EE0000814000808140008A8170008000103045B
:109EF0000506070C0D0F12131415161718191A1B47
:109F00000000000000000000000000000000000051
:109F10000100000002000000030000000400000037
:109F20000000000000000000000000000000000031
:109F30000000000000000000000000000000000021
:109F40000100000002000000030000000400000007
:109F500006000000070000000800000009000000E3
:109F600004020800010002000400060008000A00C4
:0C9F70000C0010002000400080000001E8
:049F7C00E1000008F8
:049F8000B90000081C
:109F84000024F40001000000040000001000002080
:109F940000000000EC06002054070020BC0700204D
:109FA40000000000000000000000000000000000AD
:109FB400000000000000000000000000000000009D
:109FC400000000000000000000000000000000008D
:109FD400000000000000000000000000000000007D
:109FE40059F3F8C21F6EA501000000000000F03F05
:109FF40080220C4B30B55C69D20222435A61EFF3E4
:10A00400108272B64C1CFF34401A0D68455004315E
:10A014008C42FAD18021490218690842FCD182F3AA
:08A02400108830BD002002404D
:040000050800637517
:00000001FF
