:020000040800F2
:100000000020002071630008C1600008C360000880
:1000100000000000000000000000000000000000E0
:10002000000000000000000000000000C5600008A3
:100030000000000000000000C7600008C960000860
:10004000C163000800000000C1630008C16300082C
:10005000C1630008C1630008C1630008C1630008F0
:1000600000000000C1630008C1630008C16300080C
:10007000C1630008C1630008C163000800000000FC
:10008000056100080000000000000000C1630008D6
:1000900000000000C1630008C1630008156100088A
:1000A000C1630008C1630008C1630008C1630008A0
:0800B0003561000800000000AA
:1000B80010B5064C2378002B07D1054B002B02D036
:1000C800044800E000BF0123237010BDA8000020F1
:1000D80000000000049E0008044B10B5002B03D05C
:1000E8000349044800E000BF10BDC04600000000FE
:1000F800AC000020049E000802B47146490849007B
:10010800095C49008E4402BC7047C046002243087F
:100118008B4274D303098B425FD3030A8B4244D3C7
:10012800030B8B4228D3030C8B420DD3FF22090209
:1001380012BA030C8B4202D31212090265D0030BC8
:100148008B4219D300E0090AC30B8B4201D3CB03BE
:10015800C01A5241830B8B4201D38B03C01A524100
:10016800430B8B4201D34B03C01A5241030B8B4202
:1001780001D30B03C01A5241C30A8B4201D3CB02ED
:10018800C01A5241830A8B4201D38B02C01A5241D2
:10019800430A8B4201D34B02C01A5241030A8B42D5
:1001A80001D30B02C01A5241CDD2C3098B4201D3ED
:1001B800CB01C01A524183098B4201D38B01C01A6B
:1001C800524143098B4201D34B01C01A52410309E2
:1001D8008B4201D30B01C01A5241C3088B4201D391
:1001E800CB00C01A524183088B4201D38B00C01A3E
:1001F800524143088B4201D34B00C01A5241411A65
:1002080000D20146524110467047FFE701B5002071
:1002180000F006F802BDC0460029F7D076E770471F
:100228007047C0468446100062468C4619006346F3
:1002380000E0C0461FB501F065FC002801D400218C
:10024800C8421FBD10B501F0A5FB4042013010BDEA
:1002580010B501F057FC002801DB002010BD01207B
:1002680010BDC04610B501F04DFC002801DD00208E
:1002780010BD012010BDC04610B501F0CFFB00280D
:1002880001DC002010BD012010BDC04610B501F0F2
:10029800C5FB002801DA002010BD012010BDC046B2
:1002A8009E2110B5C905041C02F080FC002803D16A
:1002B800201C00F043FC10BD9E21201CC90500F045
:1002C80099FA00F03BFC80231B069C466044F2E749
:1002D80070B500220C4B04000D00FFF7D7FF002873
:1002E80004D12000290002F005FB70BD064B002256
:1002F8002000290001F040FF02F0FCFA80231B06D1
:100308009C466044F1E7C0460000E04170B5060035
:10031800080002F02BFB0022064B01F065FC0D00E3
:100328000400300002F022FB2B00220000F0B4FC95
:1003380070BDC0460000F041F0B54F464646D6466F
:100348004402C0B547000E1C640A3F0EC50F002FBB
:100358003CD0FF2F42D00023802299469A46E400E1
:10036800D20414437F3F73025B0A984673001B0E46
:10037800F60F002B1BD0FF2B13D042468021D20052
:10038800C9041143884600207F3B2900FF1A4B46C9
:100398007140C9B20F2B00D9B5E0744A9B00D358FD
:1003A8009F464346002B3FD1FF3F023303E04346BD
:1003B800002B2DD1012329004A467140C9B21A43A6
:1003C8000E2A38D86A48920082589746002C13D1D2
:1003D80004239946033B00279A46C4E7002C05D11D
:1003E80008239946063BFF279A46BCE70C23994603
:1003F800093BFF279A46B6E7200002F0E1FB762783
:10040800431F9C4000237F4299469A463F1AAAE719
:10041800404602F0D5FB4246431F9A4076235B4292
:100428001B1A90460020B0E703234A461A43914618
:100438000320FC33A9E70D00FF200022C005ED07CB
:1004480010432843E0BCBA46B146A846F0BD0D00AB
:1004580000200022F2E75346022BEDD0032B33D0C5
:10046800A046012B05D100200022E7E7350003282C
:100478007AD03B007F33002B2DDD4246520707D050
:100488000F2241460A40042A02D004229446E0443E
:100498004246120105D54246364B1A403B0090466B
:1004A8008033FE2BC8DC42469201520AD8B2C5E717
:1004B80080220025FF20D203C0E78022D203144205
:1004C80002D04346134249D08022D203224352022B
:1004D800FF20520AB2E70122D31A1B2BC3DC424683
:1004E800DA4043469E37BB40591E8B411A43530797
:1004F80004D00F231340042B00D00432530129D514
:10050800012000229AE7424663015501AB4215D209
:100518001B200022013F01261C0052005B00002C1A
:1005280001DB9D4201D85B1B324301380028F3D11F
:10053800581E8341134398460D009AE71A2001225A
:100548005B1BE8E7023B5A4253415B4235000022FD
:10055800D8B273E792010020520A6FE71A43520299
:100568003500FF20520A69E74446ADE7309E00088F
:10057800709E0008FFFFFFF7F0B54F464646D64687
:1005880043025B0A4500C0B599460F1C2D0EC60FE5
:10059800002D00D188E0FF2D00D18DE08022DB0006
:1005A800D2041A430023914698469A467F3D7C021E
:1005B8007B00640A1B0EFF0F002B68D0FF2B21D095
:1005C8008022E400D204144342467F3B5B19002199
:1005D8005D1C0A2A2EDC7E404246022A23DC013AB0
:1005E800012A00D9BDE002296ED001292CD10020B2
:1005F8000022C005F60710433043E0BCBA46B146B6
:10060800A846F0BD2B00FF33002C65D003224146DD
:1006180011433200013588467A40FF350A2900DD4A
:10062800D8E016000321404601228240A620C000DF
:10063800024220D05346022B46D0032B00D1BBE008
:1006480051464C460129D2D02B007F33002B70DD58
:10065800620704D00F222240042A00D00434220169
:1006680003D5634B1C402B008033FE2B2CDCA201EE
:10067800520AD8B2BDE790208000024227D1B9388B
:10068800FF3810426DD03E00A1468A46D2E7002CC2
:1006980041D1012342461A4390462B00424601218C
:1006A8005D1C0A2A97DDC5E7002B26D1042398464E
:1006B800033B00259A467AE7002B18D10823984671
:1006C800063BFF259A4672E7FF20002291E7802229
:1006D8000026FF20D2038CE7414602220135114350
:1006E8008846FF350A29A5DC02217E4074E70C23E1
:1006F8009846093BFF259A4659E7180002F060FA28
:100708004A46431F76259A4000236D4291469846F3
:100718009A462D1A4BE7200002F052FA4246431F30
:100728009C402B1A763B00215D1C0A2A00DC52E70C
:1007380080E70122D31A1B2B00DD58E79E352200E3
:10074800AC40DA40631E9C412243530704D00F2378
:100758001340042B00D00432530137D50120002266
:1007680047E7210C4A462404240C2700100C1204E5
:10077800120C44435743484351433A0C0919521841
:10078800944203D9802149028C4660443F041104F5
:100798003F0CC9198C01671EBC41120C890E121836
:1007A8000C439201144312010ED5012362081C4028
:1007B800144349E73E00A14680224B46D2031A4320
:1007C8005202FF20520A14E71D003DE79201002063
:1007D800520A0EE70F29EDD180224B46D20313426D
:1007E800EAD01442E8D13E00FF20224301E7C04688
:1007F800FFFFFFF7F8B54746CE464E0243024500D5
:10080800720AC40F480080B594465F0A2D0E9B09F2
:10081800000EC90FB609FF2824D0012251402A1A18
:100828008C420FD0002A00DC6AE1002835D1002E66
:1008380000D1A2E0511E012A00D124E1FF2A21D0D3
:100848000A002FE0002A00DC67E100285ED0FF2DB7
:1008580018D08021C9040E431B2A00DC76E02A0048
:10086800013332E02A00FF3A9146002E42D08C42F2
:1008780055D04A46002A00D19CE0002D00D177E0EF
:100888000C003300DB08002B00D16EE08022D2037D
:1008980013435B02FF205B0A24E0FF2DF2D0802186
:1008A800C9040E4301211B2A08DC31002020D14055
:1008B800821A96403200501E824111435B1A5A0137
:1008C80060D407212A00194057D00F211940042964
:1008D80000D00433590150D5501CFE2A45D09B0145
:1008E800C0B25B0AC0051843E4072043C0BCB94640
:1008F800B046F8BD012251408C42BAD14A46002A7E
:1009080010D0002D00D198E00023BBE7002E34D092
:10091800511E012A6ED0FF2AB4D00A009CE7002A93
:1009280000D088E0FE206A1C104200D092E0002D22
:1009380000D0A4E0002B00D1CBE0002E00D0CAE00C
:100948000022DB085B025B0AD0B2CBE73100202033
:10095800D140821A96403200501E82410A439B18A9
:100968005A01AED56A1CFE2D4AD1FF200023B9E7F3
:10097800FF22002B4BD10C003300DB08FF2A00D1EB
:1009880081E7DFE79F01BF09380002F019F9053850
:100998008740854221DC3B002021421B0132D340A5
:1009A8008A1A97407A1E974100223B43590700D084
:1009B8008BE78FE7FE206A1C104212D1002D52D11E
:1009C800002B7CD0002EBBD09A1B500100D48BE0AA
:1009D80001240022F31A0C40E8E7564B2A1A3B4040
:1009E800E4E79F1B7A0146D4002FCDD100240020D4
:1009F800002377E79B1901250132590100D460E7EC
:100A080001214D4819405B0803400B43CEE7571EB0
:100A1800012A5AD00C00FF2A33D001221B2F07DCF1
:100A28002021C91B1A008B40FA40591E8B411A43DA
:100A38000500B31A43E7002D23D1FF22002B9BD0DA
:100A4800511E012AD6D0FF2A1BD01B292CDD0200FB
:100A5800731C3AE7FF2A88D09B195B08590700D016
:100A680033E7DB086EE7002B10D1002E43D00124BA
:100A780033000C4006E70124F71A0C4084E7002BEA
:100A880004D13300FEE601259B1B18E7002E00D198
:100A9800F8E68022D203974204D3944502D2012477
:100AA80033000C40DB08F1E61A002025CA40691A19
:100AB8008B40591E8B41134305009B1950E7002EAC
:100AC80094D0012433000C403AE70C000125F31AB6
:100AD800F5E6330034E79B1900225901C1D5154AC0
:100AE8001340DB0801222DE7002A00D17EE713001E
:100AF8000022DB0826E780230024FF20DB03F1E641
:100B0800002A00D156E7471B3A00002D00D130E7F4
:100B18008022D2040C0013437FE7002A00D101E7AA
:100B2800411B002D01D10A0088E78022D20413431B
:100B38008BE7C046FFFFFFFBFFFFFF7D410242003E
:100B4800C30F490A0020120E7E2A03DD9D2A02DD0A
:100B5800094A98187047802000040143952A07DC49
:100B68009620821AD1404842002BF3D10800F1E7C1
:100B7800963A9140F7E7C046FFFFFF7F70B500281F
:100B880013D0C317C5185D40C40F280002F018F829
:100B98009E2301001B1A962B0FDC082834D0083935
:100BA8008D406D026D0AD8B202E0002400200025B5
:100BB800C0052843E407204370BD992B16DC421F6B
:100BC800052800D095402A00114802406E0709D038
:100BD8000F263540042D05D00432550102D59F2338
:100BE80002405B1A9201550AD8B2E1E70522121AAF
:100BF8002800D040020008001B3085402800451E10
:100C0800A84102431500DEE76D0296206D0ACFE782
:100C1800FFFFFFFB70B5041E0ED001F0D1FF9E232D
:100C280001001B1A962B0CDC08282FD008398C40A1
:100C38006402640AD8B201E000200024C005204301
:100C480070BD992B16DC421F052800D09440220065
:100C580010480240650709D00F252C40042C05D008
:100C68000432540102D59F2302405B1A9201540AB0
:100C7800D8B2E3E7020020001B3290400200501E69
:100C880082410520401AC4401443E0E764029620DC
:100C9800640AD3E7FFFFFFFBF0B557464E464546CB
:100CA800DE46E0B583B0009001910C034F00CE0FF3
:100CB800610A009C1D03640F0C4300990092019384
:100CC800C80059004B0D9946009A019B6D0AD90F2F
:100CD800530F2B439A46009B7F0DDA0094464A46F1
:100CE800B046BA1A8E4200D1B0E0002A00DC78E0A3
:100CF8004946002900D1E9E0C9498F4200D195E170
:100D08000125382A16DC8021534609040B439A46EC
:100D18001F2A00DDE7E1202155468B1A61469D40D8
:100D2800D1400D43614699404B1E99415346D340EB
:100D38000D43E41A451BA84280414042241A23026D
:100D480000D40FE16402640A002C00D139E12000CC
:100D580001F036FF0300083B20212800CA1AD040C2
:100D68009C4002009D4022439F4200DD73E1D81B56
:100D78000130091A2C008D40C4406B1E9D411300A0
:100D8800C2408B402543002714001D436B0709D040
:100D98000F232B40042B05D02B1DAB42AD416D42D8
:100DA80064191D00230200D42DE19D4A01379742A2
:100DB80000D1D3E046469B49ED0821404A072A4323
:100DC8007C054D022D0B640D24052C43F607344396
:100DD8001000210003B0F0BCBB46B246A946A046AD
:100DE800F0BD002A00D184E04A46D21B002F00D073
:100DF8006DE12500054300D127E1561E012A00D1E7
:100E08003BE2874DAA4200D16AE20125382E12DC66
:100E180032001F2A00DDF8E120262500B61A070057
:100E28005346B040D440B540D740461EB0411B1B86
:100E38009A463D4305436246551BAC45924153468D
:100E480052420E004F4688469C1A78E7002A00DC7A
:100E58008EE04946002975D161465346194300D1B1
:100E6800F6E0511E012A00D191E16D4DAA4200D150
:100E7800DCE00125382914DC0A001F2A00DDA2E184
:100E880020215346891A8B401D006346D3401D43D9
:100E980063468B4019004B1E99415346D3400D437E
:100EA800E4182D188542804140422418230259D560
:100EB8005B4B01379F4251D001215A4B6A081C40B5
:100EC80029400A43E507154364085FE7614653462E
:100ED800194300D1BCE0511E012A00D164E1504DF4
:100EE800AA4200D16AE10125382900DD22E70A007B
:100EF8000EE74D4A7D1C154200D0D0E02500624621
:100F0800534605431A43002F00D037E1002D00D186
:100F1800A8E1002A00D16AE16346C51A5346E21ADD
:100F2800A8429B415B42D31A1A0200D403E26346EB
:100F38001D1AAC459241534652421C1B0E0088466E
:100F4800A41A23E736498F4270D00125382AA8DC35
:100F58008021534609040B439A468EE73C0000253E
:100F6800002231E707232B40002B00D010E793E045
:100F7800002A74D04A46D21B002F00D1C7E0284966
:100F8800894500D185E10125382A12DC8021090430
:100F98000C431F2A00DDABE120212500891A070038
:100FA80088408D40D740411E8841D4403D43054389
:100FB800A2446544654592415242524414004F464A
:100FC80074E7280001F0FCFD030018331F2B00DC38
:100FD800C2E62A00083882409F4200DDA9E0DB1BF8
:100FE800581C1F2800DCACE115001F3BDD40202801
:100FF80005D040231B1A9A40531E9A4115430723D4
:1010080000272B40B0E7ED08054B62072A43E408A8
:101018009F420FD02403250B7C05640DD4E6C046FF
:10102800FF070000FFFF7FFFFE070000C008620700
:101038000243E4081300234300D186E180252D03F1
:1010480025432D03C34C2D0BBEE6604654460E00C7
:101058001700C508D8E7C04CFF1A144096E6BF4AE7
:10106800791C11426BD122000243002F00D0DBE033
:10107800002A00D12DE1624653461A4300D1B6E05A
:101088006346C518854280415444404224182302CF
:1010980002D50F00B04B1C403A002800D8E7624642
:1010A800851AA8429241534652429146E31A1A00C1
:1010B8004B46D21A130091461A0254D44A464C465B
:1010C8002A4300D040E60026002400257CE6A14DF6
:1010D800A94500D190E00125382A00DDABE680253E
:1010E8002D042C4395E6110055462039CD40A946DC
:1010F800202A06D0402153468A1A934062461A4352
:10110800944665466B1E9D414B461D4312E62100E1
:10111800014300D1C4E0511E012A00D1FBE08D4DEE
:10112800AA4200D1B5E00125382900DD41E70A00CF
:101138002FE7894CFF1A14406207E4086AE7854ADA
:10114800914200D1E3E06346C21882428041230005
:10115800404253441B18DD075C0807235208154317
:101168000F002B4000E763461D1AAC4592415346D9
:1011780052421C1B0E008846A41AE5E5002D00D03B
:1011880091E0002A38D180240026240356E76346DC
:10119800C51885428041544440422418012723023F
:1011A80000D4DFE6022787E66346C51AA8428041D5
:1011B80053464042E41A0127241AC0E56207C008D2
:1011C8000243E40836E7110053462039CB409946DC
:1011D800202A06D0402153468A1A934062461A4371
:1011E800944665466B1E9D414B461D4359E6620772
:1011F800C0080243E4080DE753465A076346D80877
:1012080053460E000243DC0814E715002600203D73
:10121800EE40202A03D04025AA1A94402043421EBB
:1012280090410500354306E6002A7CD062465346C5
:10123800C0081A4300D1FAE6620710438022E40886
:101248001203144208D0D908114205D16346D808C0
:1012580053460C005B071843420FC000C0085207F2
:101268000243E7E6002A00D12DE76346D808534633
:101278005A070E000243DC08CCE663461D1AAC454B
:101288009241534652421C1B0E008846A41A01374D
:1012980055E56346D90853465A070A43DC08C9E6A8
:1012A80060465446D4E6C008002A00D1BFE662076B
:1012B80010438022E40812031442CDD0DD08154201
:1012C800CAD16346D80853465B070E002C00184362
:1012D800C2E76346D90853465A070A43DC0899E629
:1012E8006346D80853465A070E000243DC08A1E6B5
:1012F800110027002039CF40202A03D040218A1A24
:1013080094402043421E904105003D4351E60C00A5
:101318000025002258E560446045924154445242F9
:101328000500A4183AE753465A076346D9085346B6
:101338000A43DC087EE61A001C002A4300D0ABE60C
:10134800C1E620210025091A19E500220025014CD3
:101358003AE5C046FF070000FFFF7FFFFE070000D9
:10136800F0B5DE46454657464E46E0B587B0009292
:1013780001930B031B0B9B46CA0F4B0004008046CE
:101388005B0D029200D16AE1D44A934200D18CE10C
:101398005946420FC9000A43802109041143C2007B
:1013A8009046CF4A894692469A44002300240393E4
:1013B800009E019F3B031B0B9B467B0030005B0D8F
:1013C800FD0F002B00D128E1C44A934200D177E1F8
:1013D8005946720FC9000A438021090411438B46FC
:1013E800BF49F2008C4651466344CB1A9A46002303
:1013F800029E6E400F2C27D8BA49A40009598F467F
:10140800CB464246029E039B022B16D0032B00D1EB
:10141800A6E2012B00D0DFE0002200230024904642
:101428001B052343F60733434046190007B0F0BCB9
:10143800BB46B246A946A046F0BD0022002490460D
:10144800A64BEDE72E00DFE7CB4500D2D4E100D173
:10145800CFE101235B429C46444648460027E244CC
:101468005B46150E1B021D43190C2B041202009536
:101478001D0C914602910395FEF7CEFE02006A43C9
:101488000B04210C804619438A4209D9009D012387
:10149800AC465B4261449C46E0448D4200D8FBE187
:1014A800881A0299FEF7B8FE039A240442430904F5
:1014B800240C03000C43A24206D90099013B8C4638
:1014C8006444A14200D8E1E1A01A424612041A433A
:1014D80093464B4659461B0C1D0004930B04494682
:1014E8000904090C0C001B0C5C43120C6B43884666
:1014F80051436A43250CAC465B186344994203D9AF
:10150800802149028C466244190C24041B04240CD3
:101518008A181C19904202D316D1A74214D25B46EE
:10152800009D013B4F4405934F459B41AC465B42B0
:101538006344C018854200D3A1E1824200D9F6E194
:1015480000D1F1E1059B9B463C1BA742BF41009D92
:10155800801A7F42C01B854200D1D0E10299FEF774
:101568005BFE039A0B044243210C070019438A428D
:1015780000D978E1881A0299FEF74EFE039A2404EE
:1015880042430904240C03000C43A24200D95DE144
:101598004146A41A3A041A43049D13041B0C5943E8
:1015A80047466B439C46100C47430B0CBC446344B2
:1015B80068439F4203D980256D02AC4660441F0CE6
:1015C80009041B04090C3F185B18BC4200D202E155
:1015D80000D1FDE001231A43434B5344002B00DCA8
:1015E800AEE0510700D098E15946C90106D55946E1
:1015F8003E4B194080238B46DB0053443C498B42C9
:1016080000DD1AE75946D208490711435A465B05D7
:1016180054028846240B5B0D02E75A46009B1A4386
:1016280000D17EE05B46002B00D100E1584601F076
:10163800C7FA020003000B3A1D27009EBA1A1900C8
:101648005846D64008398840320002439346009AEB
:101658008A40284953448A469A440023C8E65B4690
:101668000343994656D05B46002B00D1CDE058463F
:1016780001F0A6FA0B235B429C46020084446646AE
:101688001D239B1B260011005846DE400839884060
:1016980033000343994623008B409846164B002499
:1016A8009B1A9A460023039382E65A4602439146C0
:1016B8002AD100229A46022390460824039377E60B
:1016C8005A46009B1A430D4B9C46E244002A17D108
:1016D80002231C4300239B46023389E6FF070000D0
:1016E80001FCFFFFAC9E0008FF030000FFFFFFFEA8
:1016F800FE070000F30300000DFCFFFF01F8FFFFE9
:10170800032332001C4373E69A460323D9460C246C
:1017180003934DE6002398469A4601330424039325
:1017280046E601231C4300239B46013360E6002361
:10173800802498460026924B240371E601225242E7
:101748000121C91A382900DD66E61F2900DCABE053
:101758001F204042C31A5846D8400300202904D00D
:1017680058468849514488400243511E8A411A43C9
:10177800072319000024114013420CD00F231340F3
:10178800042B00D1F9E0111D91429B410A005B42F4
:1017980059075B021C0BD2080A43904600233FE618
:1017A80080244B462403234209D05B46234206D1BA
:1017B8001C4324032E009046714B240B30E68024F2
:1017C8004B4624031C432403029E6D4B240B27E63F
:1017D800002B00D100E70098511E844664448442DF
:1017E80000D284E0BC4200D2AEE000D1C1E00A00E1
:1017F800F0E6424500D92CE64B46DC07580843463C
:101808005B081C434346DF072AE601F0D9F9152394
:101818009C4684440200634620321C2B00DC2EE7E1
:1018280023000838834099460023984636E701F09C
:10183800C7F902000300153220331C2A00DCFBE63E
:1018480000990838814000228B4602E70099013B45
:101858008C466444A14200D99AE6A24200D897E691
:10186800831E644494E6AC466144013F8D4200D92E
:1018780080E68A4200D87DE6871E61447AE6854282
:1018880000D05FE6B94500D95CE656E6A24200D82A
:101898001AE6831E644417E68A4200D800E6AC467E
:1018A800831E98466144FBE5374814005044824043
:1018B8005B4617008340CC407A1E974123433B4345
:1018C8001A005B46CB40510709D00F21114004296B
:1018D80005D0111D9142924152429B180A001902EB
:1018E80000D455E7002201230024904698E50A0019
:1018F800BC4200D06EE64B4500D06BE66CE6234B4D
:10190800234A5344924500DA18E7012149420A1D47
:101918008A42894149428B4466E60F2111400429D5
:1019280000D161E61100F2E7BC4200D80AE60223C2
:101938005B429C4600994F444F459B41E3448C468B
:101948005B426344C018FFE54946009D480048458E
:101958008941AC46494261448146023A6418C7E766
:1019680080245B4624031C4324039046044B240B29
:1019780056E59945E8D30A00BDE7002308E7C046C5
:10198800FF0700003E0400001E040000FF030000E3
:1019980002FCFFFFF0B55746DE464E464546E0B529
:1019A8000D000400E80F83460903D80F090B82468F
:1019B80019488C461F0369005E00490D3F0B760DE0
:1019C800814218D086420FD00120B1420DD1BC45CA
:1019D8000BD1944209D1D3451CD0002905D16046CA
:1019E8002043431E984100E00120F0BCBB46B246AC
:1019F800A946A046F0BD01208E42F6D16146394382
:101A08000F0017432743F0D15B465246981A431EEE
:101A18009841EAE70020E8E7FF070000F0B55746DD
:101A28004E464546DE46E0B50D000F03390B83B040
:101A38000400804601915800E90F314F400D8C4653
:101A48006E00190382469146760D090BD80FBE42E7
:101A58001FD0BA450FD0002E2FD15546019E3443D2
:101A6800002D27D10A433AD0002C45D100281AD19D
:101A78000120404217E011433BD1002E02D1019FC3
:101A88002743F3D0844509D16346002BF0D0604644
:101A980009E0019F27432CD1B24524D06346022098
:101AA800013B1840013803B0F0BCBB46B246A9461A
:101AB800A046F0BD002CD9D0E4E75446002CEDD068
:101AC8008445EBD15645E9DCDEDB019B8B42E5D84A
:101AD800DAD1C845E2D80020C845E4D2D4E70020CE
:101AE800002CE0D0DAE7114303D18445D6D1002099
:101AF800D9E702204042D6E78445E6D0CEE7C04683
:101B0800FF070000F0B557464E464546DE46E0B5AD
:101B18000D000F0304008046E80F390B844683B09C
:101B28005800304F400D01911E03690082469146CE
:101B3800490D360BD80FB94220D0BA450FD000292D
:101B48002BD101990C435146002937D1324338D063
:101B5800002C44D1002819D10120404216E0164338
:101B680013D1002902D1019F2743F3D0844520D007
:101B780063460220013B1840013807E0019F2743D4
:101B880003D18A45F4D116431FD0022003B0F0BC1C
:101B9800BB46B246A946A046F0BD5446002CE7D045
:101BA8008445E5D15145E3DC03DB019BB342DFD833
:101BB8000FD06346002BCFD06046E7E7002CC9D092
:101BC800D4E70020002CE1D0D2E78445D0D1002012
:101BD800DCE7C845CCD80020C845D7D2E9E784451A
:101BE800E3D0C5E7FF070000F0B55746DE464E468E
:101BF8004546E0B51F000B031B0B16009A46CA0F9B
:101C08004B000400934687B05B0D00D1D5E0BB4A7A
:101C1800934200D1F8E05146420FC9000A4380219F
:101C280009041143C2009146B54A8A469D1800230B
:101C3800984602933C037B00FA0F3000240B5B0D9F
:101C4800009200D196E0AD4A934231D0720FE40081
:101C58002243802424041443A94AF0009446634490
:101C68005B195A1C0192424600260A2A42DC5A464F
:101C780000994A4093464246022A32DC013A012A38
:101C880000D949E1022E00D1CAE0012E3DD100233E
:101C98000024002210005A461B052343D207134391
:101CA800190007B0F0BCBB46B246A946A046F0BD35
:101CB800924B2643EB18002E00D1BBE0032241468D
:101CC80011435A46884600994A40802109018C46AA
:101CD80029006144019141460A2900DD33E2934617
:101CE8000326424601279740A6213A00C9000A4028
:101CF8000F4231D0029E022E00D135E2032E00D1D0
:101D0800D2E154464846012EC1D0019A7D4B9446F3
:101D18006344002B00DCC0E0420709D00F220240D8
:101D2800042A05D0021D8242804140422418100036
:101D3800E20106D5744B019A1C4080239446DB00CF
:101D48006344724A93426BDC6207C00864025B0515
:101D58000243240B5B0D9DE7902189000F4263D15C
:101D680088223A4200D1D7E0009BA2469B46814692
:101D78000296BFE72300334300D17FE0002C00D157
:101D8800ADE1200000F01CFF020003000B3A1D200B
:101D98001900821A30000839D0408C4004433000C2
:101DA80088405B4AEB1A944663445A1C01924246A7
:101DB80000260A2A00DC5AE79CE753460343994663
:101DC80054D05346002B00D177E1504600F0F8FE7E
:101DD8000B235B429C46020084441100504608399C
:101DE80088401D23804660461B1A2000D840030007
:101DF800404603439A4623008B4099460023444DAE
:101E08009846AD1A029315E752460243914626D1E9
:101E180000221D000223924608329046029309E7E9
:101E280000240022354B35E7002380249B462403F9
:101E3800324B2FE702224146114380221201944679
:101E48002A006244884601920A2900DD52E75A4670
:101E58000020009904004A40934602260BE70C2212
:101E68001D000323814690460293E3E600239A4629
:101E780004339846033B00250293DBE642460133D0
:101E88001A432B0090465A1C019242460024002017
:101E980001260A2A00DCEAE62CE70122D21A382AAF
:101EA80000DDF4E61F2A00DC2AE11F214942CB1A93
:101EB8002100D9400B00202A05D0164A019D9446DE
:101EC8006544AC402043421E904118430723190043
:101ED8000024014003420CD00F230340042B00D1FF
:101EE80040E1031D8342A441180064426107640273
:101EF800240BC20800230A43CCE6C046FF070000B3
:101F080001FCFFFFFF030000FFFFFFFEFE070000CC
:101F18000DFCFFFF3E04000049464A460904090C2F
:101F28000D00160C020C0004000C4543AC460500DD
:101F38007543A84615000F007543009202952A00C4
:101F4800009D6F4365462D0CA94647444F44B8454C
:101F580005D91500802252029046454402953D0C51
:101F6800039565462D043F042D0CAC463D006544A1
:101F78000495250C2404240CAC4625007543A8467A
:101F880065460F006943414489466743390C494413
:101F98006E43884503D980225202904646440D0C70
:101FA800A846350045440595039D3F04A8463F0CC7
:101FB8000904C91988444546039555462E04360C2C
:101FC8002F0C35004543784381463800A8462D0C30
:101FD800AA46009A504372434A445244914503D951
:101FE80080256D02A9464844150CA94645462D048E
:101FF8002D0CA84665467D43120448449044A946E2
:102008003200654662436E437C43170C3619BF198C
:10201800BC4203D980246402A446E144029C039E86
:10202800A446059D66448E428941AC4612043C0490
:10203800120CA2186244494254184644A446464524
:10204800A44182466442A046AA4292418C458941F5
:10205800E244D044494252420A43A045A441824541
:102068008941644249420C4341463F0CD219121936
:10207800CC0D049970020843411E884141464A44E8
:10208800F60D52023043490214430843D20135D5B4
:102098000122430802401343E0071843640834E66A
:1020A800009BA2469B4681468024534624031C433A
:1020B80024034A462E4B240BECE500F081FD152342
:1020C8009C4684440200634620321C2B00DC84E6D4
:1020D800002399462300083883409A468EE600F08C
:1020E8006FFD02000300153220331C2A00DC4EE687
:1020F80002003400083A0020944052E6019304E6B6
:102108001C4B21009C460300019DD3406544A94017
:1021180019430300AB40581E834119430800D440BB
:102128004B0709D00F230B40042B05D00B1D8B4206
:102138008041404224181800230200D4D6E6012327
:1021480000240022A6E50F29AAD1802352461B03AA
:102158001A42A9D01C42A7D11C43009B02009B46EF
:10216800034B97E50024C1E60024014B220091E5CA
:10217800FF0700001E040000F0B54E464546DE4647
:102188005746E0B585B0009001910C034F00CE0F83
:10219800610A009CB046640F0C4300997F0DC8008B
:1021A80011001A001B039C460091019251004B0D2F
:1021B8009946019B009DD90F63466A0F5B0A13433A
:1021C800EA0094469346C14A03900293914500D190
:1021D800CDE0012569404D467D1BAA468E4200D1BF
:1021E80080E0002D00DC35E34946002900D1DFE01E
:1021F800974200D194E152460125382A19DC802201
:10220800029B12041343029352461F2A00DDE3E1A6
:10221800534620226146029DD21A9540D9400D436B
:10222800614691400A00511E8A411543029ADA40DC
:10223800A41A451BA84280414042241A230200D414
:102248003DE16402640A002C00D147E1200000F05F
:10225800B7FC0300083B20212800CA1AD0409C4044
:1022680002009D4022439F4200DD77E1D81B0130E8
:10227800091A2C008D40C4406B1E9D411300C240BA
:102288008B402543002714001D436B0709D00F23FB
:102298002B40042B05D02B1DAB42AD416D42641978
:1022A8001D00230200D440E1884A0137974200D13B
:1022B80001E1012643468649ED0821404A072A43A1
:1022C8007C054D022D0B640D1E4024052C43F6079A
:1022D80034431000210005B0F0BCBB46B246A94605
:1022E800A046F0BD002D00DCD0E24946002900D010
:1022F800D4E06146029B194300D12BE1691E012DF0
:1023080000D1D9E1954200D10AE10125382917DC2D
:102318008A4653461F2B00DDE7E12022D21A029B92
:10232800614693401D005346D940634693401A00C6
:102338000D43511E8A4153461543029ADA40A418A8
:102348002D188542804140422418230200D4B6E06B
:102358005E4B01379F4200D1ADE001215C4B6A081A
:102368001C4029400A43E507154364088DE7594A8C
:10237800029B92466246BA441A432CD08E422ED013
:102388005246002A60D0002F00D1DBE063460E00E1
:10239800029CD80862070243E4081300234300D1D3
:1023A80054E280252D0325432D03484C2D0B8CE743
:1023B8006146029B194300D1CCE029000139012D67
:1023C80000D188E1954200D1AAE00125382900DD35
:1023D8002FE78A4618E7012251408E42D0D1534652
:1023E800002B00D1BEE0002F00D038E1CA46220001
:1023F800024300D1E2E15346591E012B00D10DE200
:10240800324A924500D1D2E10127382913DC1F292D
:1024180000DDEEE12022029B521A250007009A46B1
:10242800CC4090409540CF40A244421E9041534634
:102438002F43074302933D00654465459241029B43
:1024480052424F46D41880E7234A7D1C154200D0DB
:10245800AAE062462500029B05431A43002F00D0DC
:10246800F5E0002D00D16BE1002A00D152E163466E
:10247800C51A029BE21AA8429B415B42D31A1A0270
:1024880000D4D5E163461D1AAC4592410126029B52
:1024980052421C1B8846A41A0E40F6E697423FD0CB
:1024A80052460125382A00DD4AE78022029B1204A1
:1024B800134302932DE73C000025002205E707237C
:1024C8002B40002B00D0E2E66BE0C046FF0700007F
:1024D800FFFF7FFF01F8FFFFFE070000280000F064
:1024E8006FFB030018331F2B00DCB4E62A00083802
:1024F80082409F4200DDB9E0DB1B581C1F2800DC2E
:10250800A0E115001F3BDD40202805D040231B1A01
:102518009A40531E9A411543072300272B40D0E7C2
:10252800C00862070243E40837E7EA0863071A436A
:10253800D34BE4089F4200D12FE72403250B7C05E9
:10254800640DC2E6CA462200024358D163460E0013
:10255800029C0393039B5746DA08E7E7C94CFF1A26
:10256800144092E6C84D7A1C2A4200D084E022002A
:102578000243002F00D0EFE0002A00D1E5E06246D8
:1025880002990A4300D1C5E06346C5188C468542C6
:102598008041644440422418230202D5B94B0137D4
:1025A8001C40BA460395D5E76246851AA84292416F
:1025B80052429146029BE31A1A004B46D21A130064
:1025C80091461A026CD44A464C462A4300D03AE651
:1025D80000260024002578E6029953460D00203A8B
:1025E800D540202B06D04022D21A0B0093406246D9
:1025F8001A4393465B465A1E93411D4319E65346B8
:102608005A1E012B00D1C6E09D4EB24500D1BDE651
:1026180088460E000125382A10DC1F2A7FDC20217D
:102628002500891A070088408D40D740D440411EB4
:102638008841029B3D431B1B054302936246551B81
:10264800AC459241029B52424F469C1AF6E5002D3A
:1026580000D0B7E0002A00D1F0E001260E40634622
:102668000298D90842070A43C40896E6854CFF1A1F
:1026780014406207E40860E781498A4200D1C9E052
:102688006346C11881428041029B4042E3181B18EF
:10269800DD075C08072349080D4317002B4010E7A6
:1026A80063461D1AAC4592410126029B52421C1BEF
:1026B8008846A41A0E40C6E56346C518029B8542A3
:1026C80080419C464042644424180127230200D4D8
:1026D800F5E6022741E66346C51AA8428041029BF7
:1026E8004042E41A0127241AA8E5029D52462B000D
:1026F800203AD34019005346202B06D04022D21A44
:102708002B00934062461A4393465D466B1E9D41DB
:102718000D4315E66207C0080243E4080DE71100FF
:1027280027002039CF40202A05D040218A1A94401A
:10273800250005430395039D6A1E95413D437DE7AA
:10274800002A00D144E701260E406346D908029BBF
:102758005A070A43DC08F0E6002A28D06246029F9E
:10276800C0083A4300D1DCE6620710438022E4083F
:102778001203144209D0FD08154206D1634601260A
:102788002C00D8087B0718430E40420FC000C00831
:102798005207024301E663461D1AAC459241029B6B
:1027A80052421C1B0E0088460127A41A46E56346C0
:1027B800D908029B5A070A43DC08EEE56346029CE7
:1027C8000393C7E6C008002A00D1AAE662071043AF
:1027D8008022E40812031442D7D0029FFD08154254
:1027E800D3D163460126D8087B072C0018430E4036
:1027F800CBE70A002700203AD740202905D04022FD
:10280800521A9440250005430395039D6A1E95417D
:102818002F4310E614000025002256E5029B604471
:102828009946604592414C4452420500A4184CE731
:102838001A001C002A4300D0B3E6C9E6802400260B
:102848002403AEE520210025091A17E500220025FA
:102858000B4C3AE5002D00D1F6E54B46DA1B9246C3
:10286800002F00D16FE6382A05DC80263604344371
:1028780088460E00D1E688460E000125DEE6C046F1
:10288800FF070000FFFF7FFFFE070000002D00D1BB
:1028980068E64B46D91B002F01D18A46A7E50127D8
:1028A800382900DDC7E5802212041443AFE5C0468D
:1028B800F0B5C6461E03360BB0460D4E0C034D0050
:1028C8005F0000B5240B6D0D7F0DB5420BD0084994
:1028D80000208F4204D1464616433000431E9841DB
:1028E80080BCB846F0BD04430120002CF8D1EEE7C7
:1028F800FF0700000B00020070B5164D0C0382B0F4
:102908004900002000920193240B490DDE0FA942D3
:1029180004DD1148814203DD104BF01802B070BD90
:102928008020400320430E4C641A1F2C08DD0D4BF9
:102938005B1AD84003005842002EEFD11800EDE78B
:10294800094B009A9C46030061448B40E2401343C4
:10295800F1E7C046FE0300001D040000FFFFFF7FF3
:102968003304000013040000EDFBFFFF10B5041E44
:1029780010D000F025F90E4B1B1A5B055B0D0A28D9
:102988000FDC0B222100121AD14015300A038440B3
:10299800120B01E0002300221B051343200019003D
:1029A80010BD22000B38824012030024120BF3E7FB
:1029B8001E04000070B542024300C40FFE201B0E27
:1029C800591C550A08420CD0E02189008C466D0735
:1029D800120B63441B051343E40723432800190023
:1029E80070BD002B14D1002D1BD0280000F0E8F892
:1029F8000A281CDC0B232A001B1ADA4003001533B3
:102A08009D400E4B12031B1A5B05120B5B0DE1E791
:102A1800002D09D0130B802212031A436D07084BAF
:102A2800D8E700230022D5E70022054BD2E70300B0
:102A38002A000B3B9A400025E3E7C04689030000C3
:102A4800FF070000F0B54B000F035B0D3B4C450F33
:102A580083B07F0A5E1C2F4300900191CA0FC50006
:102A680026420BD036495C18FE2C13DDFF200023CC
:102A7800C0051843D207104303B0F0BD002B02D1A4
:102A880000200023F4E73D43F0D08023DB03FF2040
:102A98003B43EDE7002C14DD009BFF009B01581E13
:102AA8008341690F3B430B43590741D00F2119401C
:102AB800042928D00433590125D501340023E0B274
:102AC800D6E721001731DBDB80211E2009043943BA
:102AD800001B1F281BDD02267642341B0E00E64031
:102AE8003400202804D017488446634499400D4395
:102AF8002B00591E8B412343590715D00F21002461
:102B08001940042917D19B015B0AE0B2B0E70E4CCB
:102B18001C192B00A540C340A140681E85412943CC
:102B28000B4300245907C1D19B0100205B0A9FE792
:102B3800DB08E0B29CE70433E5E7C046FE07000087
:102B480080FCFFFFA2FCFFFF82FCFFFF8446080019
:102B58006146FFE71FB500F0C9F8002801D400213D
:102B6800C8421FBD10B500F049F84042013010BD01
:102B780010B500F0BBF8002801DB002010BD0120D3
:102B880010BDC04610B500F0B1F8002801DD0020E6
:102B980010BD012010BDC04610B500F057F8002840
:102BA80001DC002010BD012010BDC04610B500F0AA
:102BB8004DF8002801DA002010BD012010BDC046E4
:102BC8001C2101231B04984201D3000C10391B0A55
:102BD800984201D3000A08391B09984201D3000919
:102BE800043902A2105C40187047C0460403020270
:102BF80001010101000000000000000070B5420062
:102C08004E024C0045026D0A120EC30F760A240EBE
:102C1800C90FFF2A10D0FF2C0CD00120A2420AD1E4
:102C2800B54208D18B420FD0002A04D12800431E98
:102C3800984100E0012070BD0120FF2CFBD13543F5
:102C4800F9D14B401800F6E70020F4E730B5420010
:102C580044024D02C30F4800640A120E6D0A000EAA
:102C6800C90FFF2A19D0FF280BD0002A1ED100282F
:102C78000BD1002D27D0002C34D100292FD00800EB
:102C880030BD002D28D1002A01D1002CF5D08B426F
:102C980007D1002B23D01800F2E7002C1CD1FF2805
:102CA80014D0581E022318400138E9E70028F8D04C
:102CB8008B42F6D18242F4DCEBDBAC42F1D8002047
:102CC800AC42DDD2E5E7002CDAD0EAE7002D03D1EB
:102CD8008B42E6D10020D3E702204042D0E7012012
:102CE8004042CDE78B42E8D0DBE7C04630B5420032
:102CF80044024D02C30F4800640A120E6D0A000E0A
:102D0800C90FFF2A1AD0FF280ED0002A1ED100288A
:102D18000ED1002D2AD0002C0CD08B421DD0581E6D
:102D280002231840013810E0002D0DD1002A20D1CF
:102D3800002C1ED1002923D0080006E0002C03D166
:102D4800FF28ECD1002D17D0022030BD0028E6D096
:102D58008B42E4D18242E2DC04DBAC42DFD80020C3
:102D6800AC42F2D2002B0BD01800EEE7002CECD0CE
:102D7800D5E78B42D3D1F5E700208B42E5D0CEE7EB
:102D880001204042E1E7C04670B50400A0200022BF
:102D98000221C00503F0CAFD0122044D20000449A8
:102DA8002C602A7106F056FE287170BDC400002000
:102DB800C90000200022054B0549DA84CA771900AA
:102DC800473328310A701A707047C046C400002083
:102DD800C900002010B5FFF7EDFFA0200022022156
:102DE800C00503F0A3FD10BD0A4B026810B59A4256
:102DF8000FD10949094CCB7F6079E21801339071F2
:102E0800CB77012200232068E384227106F022FE9A
:102E1800207110BD00440040C9000020C4000020FB
:102E2800084B026810B59A420BD11E2200210648B1
:102E380006F09AFE1E220021044806F095FEFFF7D0
:102E4800C9FF10BD00440040CA000020ED0000206A
:102E5800F8B5194A0124137A083B1900D8B2214061
:102E6800234219D1052817D9E040160014000B0099
:102E78000D00377A0133DBB23D4302368342F8D185
:102E88000133DBB25B00D618B679AE4206D01E22FB
:102E980000210A4806F068FE00200CE00025667A4A
:102EA8000135EDB231430234A842F8D1D218D379B2
:102EB80001208B42EBD1F8BDC4000020CA000020DD
:102EC800F8B50500140081422FD9091A88B2FDF718
:102ED800A1FEFFF76FFD00222D4BFEF785FE0600D1
:102EE80028000F00FDF796FEFFF764FD02000B00B7
:102EF80030003900FEF734FAFFF7A4FD051C200066
:102F0800FDF788FE011C281CFDF736FBFFF752FD74
:102F18001F4B0022FEF724FAFDF7DAF91D4B24189F
:102F28009C4200D91C002000F8BD8142FBD2411A06
:102F380088B2FDF76FFEFFF73DFD0022144BFEF748
:102F480053FE060028000F00FDF764FEFFF732FD70
:102F580002000B0030003900FEF702FAFFF772FD9D
:102F6800051C2000FDF756FE011C281CFDF704FB7C
:102F7800FDF796F9FFF7FAFC0022054BFEF7F0F98A
:102F8800FDF7A6F9844201D0241ACCE70024CAE749
:102F9800000059409CFF6300642110B51A4B1A7C4D
:102FA800587C4A431B7B8018802B07D1174B184C41
:102FB80099882268FFF784FF206008E0102B13D05F
:102FC80006D8042B18D0082B12D0022B18D010BD0D
:102FD800202B05D0402BFAD10C4B0E4CD988E8E7B2
:102FE8000A4B0D4C1989E4E7084B0C4C5989E0E76A
:102FF800064B0B4C9989DCE7044B0A4CD989D8E776
:10300800024B094C198AD4E7C4000020D0020020E2
:10301800980200209C020020A0020020A4020020A8
:10302800A8020020AC020020B002002070B5214B9D
:103038005B79102B06D0402219009143202901D03A
:10304800802B09D100221C491C4B08684968FEF7EF
:10305800CBFD04000D0012E0302B04D01022190023
:103068009143402903D100221349154BEDE71A007B
:10307800DF21703A0A4210D10F4B1C685D680022AC
:10308800200029000F4BFDF701F900280ED1290077
:103098002000FDF71DF980B270BDA02B03D10022DE
:1030A8000549094BD1E700240025F0E70024054D28
:1030B800EDE7C046E0010020D80500200000594097
:1030C80000408F40C0FFEF400088C340F8B5844CF3
:1030D800E57A102D58D1834A637AE2801822227249
:1030E800A27AE5726272804AA37212787F4B2273C9
:1030F8001A003D32117801220A436273DA8FE281A5
:103108001A1DD28F52BA22829A1DD28F52BA628267
:103118001A0048331B8808325BBAE382744BD28F9B
:10312800A361744B52BAA282A38300222500200017
:103138001100237A083BDBB25B0802309A4200D0C8
:10314800C3E05A1C5200A018817100210800023502
:10315800994200D0BEE0A218D071277A664E674D1A
:103168003A003100280006F0ECFC3A00002130005B
:1031780006F0FAFCFFF71EFE23002B3329001A780D
:10318800206805F05FFDF8BD202D46D15C4B574DFA
:103198001B78DB071CD5002000F02EFA002000F079
:1031A80043FA002000F05AFA002000F06FFA0020DD
:1031B80000F084FA002000F099FA002000F0AEFA3E
:1031C800002000F0C3FA002000F0DAFA00F062FCF8
:1031D80029003C310B78207B627A03430B70617BBA
:1031E800280007230E003D309E43037833430370C5
:1031F800EB8FE0890343EB873A4BE380102323727C
:10320800A37AA27263722023E3721F3B0B4363739A
:10321800374B2361374BA38287E7302D16D1FFF751
:1032280005FF304A637AE28010222272A27AA372E2
:103238006272C4222D4B9200E5729B5C627B237301
:10324800012340BA13436373E081E1E7402D24D1A1
:1032580001222B49254B0D78607A2A430A701A00FF
:1032680041253C321678227B617BAA433500954381
:103278000F0701D5350015433C331D70194BE3800A
:1032880010232372A37AA07263724023E3723F3B38
:103298000B4363730023E381BAE7502D00D044E762
:1032A800667AFFF779FE0F4B627BE3801223237265
:1032B800A37AE57263720123134363730023E381E6
:1032C8006382104BA67263612FE786790132D2B20E
:1032D800314332E7EE7901313043C9B237E7C046AE
:1032E800C4000020AA99FFFF0C030020D002002090
:1032F800000099AA0D0A0000CA000020ED00002075
:103308000803002099AA0D0A10B5FFF7A1FD0028AF
:1033180008D0064A064B927A5B799A4202D1FFF7A7
:10332800D5FE10BDFFF756FDFBE7C046C4000020E0
:10333800E001002070B5384C384B22002832127852
:10334800DB7F002A5CD1A279AA2A53D1002B53D063
:10335800E279992A4BD1012B09D1E38CC72B57D994
:1033680028342378002B4AD1FFF734FD47E0217A2F
:103378004A1ED0B21D2837D8022BEED06518AD787A
:10338800C81E992D2DD18342E7DB201880798D1E28
:10339800AA2823D1AB42E0DB6519A8790D281AD1F8
:1033A8009342DADBA21892790A2A0FD19942D4D82B
:1033B8002300A0202833093A0221C0051A7003F01F
:1033C800B5FA631DDB7F002BC7D115E09942C4D83D
:1033D800FFF700FDF5E79342BFDBF9E7AB42BCDB43
:1033E800F6E78342B9DBF3E7022BB6D0F0E7012B0F
:1033F800B3D0EDE7002BEBD1E38CC72BB0D870BD71
:10340800220047321378042BDBD801331370D8E736
:103418000133E384F0E7C046C4000020C90000205F
:1034280010B50B4C2379002B05D0012209492068DF
:1034380006F010FB2071230028331B78012B05D1DF
:1034480047342378042B01D9FFF75EFF10BDC0462F
:10345800C4000020C9000020F7B50E0014000500C4
:1034680003F0C2F80223124801A90360DB18436085
:103478001B3383601E3BC360002703F05BF9B8422F
:103488000BD003F0C3F8FEBDF31801201A685B687F
:1034980003F0FAF8002808D10137FB00E918BC420C
:1034A800F2DC03F025F90020EDE703F021F9E8E765
:1034B8000C010020030070B51C685D681E1A013AF3
:1034C8008E1992B2346075600833002AF4D170BD49
:1034D8000122802110B59140044803F027FA012108
:1034E800034A13788B43137010BDC0460004005084
:1034F800100300208021012210B58900044803F040
:1035080015FA0221034A13788B43137010BDC04685
:1035180000040050100300200122802110B5044847
:1035280003F004FA0421034A13788B43137010BD87
:1035380000040050100300200122402110B5044867
:1035480003F0F4F90821034A13788B43137010BD74
:1035580000040050100300200122202110B5044867
:1035680003F0E4F91021034A13788B43137010BD5C
:1035780000040050100300200122102110B5044857
:1035880003F0D4F92021034A13788B43137010BD3C
:1035980000040050100300200122082110B504483F
:1035A80003F0C4F94021034A13788B43137010BD0C
:1035B80000040050100300200122082110B504481F
:1035C80003F0B4F97F21034A13780B40137010BD40
:1035D800000C0050100300200122042110B50448FB
:1035E80003F0A4F90121034A53788B43537010BDAB
:1035F800000C00501003002010B5041E02D0012852
:1036080003D010BDFFF764FFFBE7802100220448C8
:10361800490003F08BF9034B1A7814431C70F0E748
:10362800000400501003002010B5002802D0012823
:1036380003D010BDFFF75EFFFBE780210022890061
:10364800044803F073F90223034A11780B431370FB
:10365800EFE7C046000400501003002010B5002812
:1036680002D0012803D010BDFFF756FFFBE7002268
:103678008021044803F05AF90423034A11780B43C4
:103688001370F0E7000400501003002010B5002864
:1036980002D0012803D010BDFFF74EFFFBE7002240
:1036A8004021044803F042F90823034A11780B43E8
:1036B8001370F0E7000400501003002010B5002834
:1036C80002D0012803D010BDFFF746FFFBE7002218
:1036D8002021044803F02AF91023034A11780B43E8
:1036E8001370F0E7000400501003002010B5002804
:1036F80002D0012803D010BDFFF73EFFFBE70022F0
:103708001021044803F012F92023034A11780B43CF
:103718001370F0E7000400501003002010B50028D3
:1037280002D0012803D010BDFFF736FFFBE70022C7
:103738000821044803F0FAF84023034A11780B43A0
:103748001370F0E7000400501003002010B50028A3
:1037580002D0012803D010BDFFF72EFFFBE700229F
:103768000821054803F0E2F88023044A5B421178F7
:103778000B431370EFE7C046000C00501003002005
:1037880010B5041E02D0012803D010BDFFF724FF96
:10379800FBE700220421044803F0C8F8034B5A78D9
:1037A80014435C70F1E7C046000C00501003002081
:1037B800F7B52E4D2E4C696A2A6AA069002905D1F1
:1037C800904203D90120FFF7C1FF0AE06769C319D6
:1037D800002907D1934205D9FFF7EEFE0120FFF734
:1037E8009DFFF7BDE6699B19019300239C468B4218
:1037F80008D1019B934205D9FFF7CEFE0120FFF7C0
:10380800BFFFEEE7019BC3188C4504D1934202D950
:10381800FFF7E2FED6E7FF1800238B4201D197425B
:10382800DAD8F6198B4201D19642E5D880190029D9
:1038380001D19042ECD8FFF7CFFEFFF7ADFEFFF7BE
:10384800BBFEC223002000219B00E31818605960CA
:10385800C42300229B00E2543D3423787F32134076
:103868002370002200232A626B62BAE7200100203D
:10387800D002002070B5224B224A1E781B785BB21A
:10388800002B08DA012400251F4B186A596A001911
:103898006941186259623C321378127852B2002A90
:1038A80003DA19490A6801320A605A0603D516492B
:1038B8004A6801324A609A0603D513498A68013278
:1038C8008A60DA0603D51049CA680132CA601A0745
:1038D80003D50D490A6901320A615A0703D50A4915
:1038E8004A6901324A619B0703D5074A9369013344
:1038F8009361760603D5044AD3690133D36170BD59
:103908000D030020D00200202001002010B50A4B32
:103918000A4C1B6822689A4203D20120FFF76CFE0A
:1039280010BDFFF7D5FD00237F21054A23601378DA
:103938000B401370F4E7C0469802002020010020D5
:103948000C03002010B50A4B0A4C1B6862689A42A7
:1039580003D20120FFF750FE10BDFFF7B9FD002389
:103968004021054A636013788B431370F4E7C0461F
:103978009C020020200100200C03002010B50A4BF7
:103988000A4C1B68A2689A4203D20120FFF74CFE3A
:1039980010BDFFF7AFFD00232021054AA36013786F
:1039A8008B431370F4E7C046A002002020010020DA
:1039B8000C03002010B50A4B0A4C1B68E2689A42B7
:1039C80003D20120FFF74AFE10BDFFF7A5FD002333
:1039D8001021054AE36013788B431370F4E7C0465F
:1039E800A4020020200100200C03002010B50A4B7F
:1039F8000A4C1B6822699A4203D20120FFF746FE4F
:103A080010BDFFF799FD00230821054A23611378AB
:103A18008B431370F4E7C046A80200202001002061
:103A28000C03002010B50A4B0A4C1B6862699A42C5
:103A380003D20120FFF742FE10BDFFF78DFD0023E2
:103A48000421054A636113788B431370F4E7C04679
:103A5800AC020020200100200C03002010B50A4B06
:103A68000A4C1B68A2699A4203D20120FFF73EFE66
:103A780010BDFFF781FD00230221054AA3611378D9
:103A88008B431370F4E7C046B002002020010020E9
:103A98000C030020002000210022084B1862596204
:103AA80001211A605A609A60DA601A615A619A6153
:103AB800DA61034A13788B431370704720010020A2
:103AC8000803002070B5154D154CEA69E3699A4260
:103AD80003D20120FFF754FE70BDA1695B189A421A
:103AE80005D2FFF779FD0120FFF730FEF4E7FFF775
:103AF80063FDFFF771FDC223002000219B00E3183E
:103B0800C4221860596000239200A35440223D3417
:103B1800EB61237893432370DEE7C0462001002041
:103B2800D002002010B5424C01202200414B38320F
:103B38001B7812785BB202423BD1002B01DAFFF707
:103B4800E5FE23003C331B785B0601D5FFF7FAFE40
:103B580023003C331B789B0601D5FFF70FFF23009A
:103B68003C331B78DB0601D5FFF724FF23003C33E9
:103B78001B781B0701D5FFF739FF23003C331B785F
:103B88005B0701D5FFF74EFF23003C331B789B07EB
:103B980001D5FFF763FF23003D331B787F2B01D945
:103BA800FFF706FE3D3423785B0601D5FFF78AFF51
:103BB80010BD002B2ADAFFF71FFD23003C331B78CA
:103BC8009B0626D50120FFF72FFD23003C331B78E9
:103BD800DB0621D50120FFF741FD23003C331B788C
:103BE8001B071CD50120FFF751FD23003C331B7830
:103BF8005B0717D50120FFF761FD23003C331B78D5
:103C08009B0712D50120FFF771FDC4E7FFF760FCA1
:103C1800D3E7FFF76FFCD8E7FFF77EFCDDE7FFF798
:103C28008BFCE2E7FFF798FCE7E7FFF7A5FCB2E7B4
:103C3800D00200200C03002010B5074C082120609A
:103C480004F0CEFE0421206804F0CAFE002120689A
:103C580004F0C6FE10BDC04648010020002803D16C
:103C6800144B1B681B68D863002903D1114B1B68D0
:103C78001B689963002A03D10E4B1B681B685A63A3
:103C8800002805D00B4B80001B6801381B68D863DF
:103C9800002905D0074B89001B6801391B68996307
:103CA800002A05D0034B92001B68013A1B685A632F
:103CB8007047C04648010020034B044A1A62044A70
:103CC8005A6200221A8570474C0100200300FF0049
:103CD80000FFFF0F70B5802300250C4C0C4E290007
:103CE8009B02A0601422300023602571203605F065
:103CF8003BFF29000A22074805F036FF3570658525
:103D0800E58525636563A563E56370BD4C01002007
:103D1800580100206C01002070B5812300250B4E4E
:103D28000B4C29005B0414223000236025712036D7
:103D380005F01AFF29000A22064805F015FF35701C
:103D48006585E5852563656370BDC046580100201B
:103D58004C0100206C010020AF210A4A10B51388DD
:103D680089008B4204D2013313800023D38510BD10
:103D7800D38D01339BB2D3858B42F8D3FFF7CCFFA9
:103D8800F5E7C0464C010020094B02689A420AD167
:103D98000849094A0B780133DBB2092B04D80B70A8
:103DA80000232C3213707047002353851371F7E7F3
:103DB80000540040760100204C010020454B026869
:103DC800D0B59A4200D084E0434A444C137801337A
:103DD800DBB21370132B00D878E0E08FFCF71AFFE2
:103DE800FEF7E8FD3E4A3F4BFDF7FEFE0600208B3E
:103DF8000F00FCF7C3FEFEF7DDFD3B4A3B4BFDF72A
:103E0800F3FE02000B0030003900FCF745FFFCF719
:103E18005FFAE087208FFCF7FDFEFEF7CBFD304A06
:103E2800304BFDF7E1FE0600608B0F00FCF7A6FEA5
:103E3800FEF7C0FD2C4A2D4BFDF7D6FE02000B0005
:103E480030003900FCF728FFFCF742FA2087608F22
:103E5800FCF7E0FEFEF7AEFD214A224BFDF7C4FE5B
:103E68000600A08B0F00FCF789FEFEF7A3FD1E4A93
:103E78001E4BFDF7B9FE02000B0030003900FCF7BD
:103E88000BFFFCF725FA6087A08FFCF7C3FEFEF74F
:103E980091FD134A134BFDF7A7FE0600E08B0F00B8
:103EA800FCF76CFEFEF786FD0F4A104BFDF79CFEF3
:103EB8000B00020039003000FCF7EEFEFCF708FAB0
:103EC8000023238063850133A087237100232C34CA
:103ED8002370D0BD00540040760100204C01002022
:103EE800666666666666E63F333333333333D33FFD
:103EF80037B5012580210A4B0A4A1B780A4CD25C47
:103F08000C331B19019500930A432B00A0682E3926
:103F180002F05EFE23002B342C331D70257037BD54
:103F280076010020EC9E00084C010020254B1A8BDE
:103F3800D878DA865A8B1A869A8B5A86DA8B9A86BA
:103F480001283DD15A1C197BD27F914237D19A1C46
:103F5800597BD27F914232D1DA1C997BD27F914230
:103F68002DD11A1DD97BD27F914228D15A1D197C97
:103F7800D27F914223D19A1D597CD27F91421ED182
:103F8800DA1D997CD27F914219D11A000832D97C66
:103F9800D27F914213D11A002832197D12789142AA
:103FA8000DD11A002932597D1278914207D19B7D93
:103FB8000020442B03D04D3B5A1E9341D8B2704782
:103FC8000020FCE74C01002010B5084CA378022B18
:103FD80004D1013BE370FFF76FFE02E0E378012BA9
:103FE800F9D0FFF7A3FFA07010BDC0464C01002018
:103FF800AF2337B52D4C9B0022889A4204D3230067
:104008002A331B78002B04D023002B331B78012B79
:1040180007D123002C331B782279134301D1FFF7F2
:1040280067FFFFF7D1FFA278012A04D123002A33C2
:104038001B78002B04D023002B331B78022B31D1A3
:1040480025002C352B78002B16D12379012B13D181
:10405800220080202A321178154A0193525C2031BF
:104068006118009102435221A06802F04BFD02231F
:104078002B342B70237037BD002A04D123002A3338
:104088001B78002B04D023002B331B78022BF2D192
:1040980023002C331B78002BEDD12279012AEAD199
:1040A8002371E8E7002AE9D0E5E7C0464C01002083
:1040B800EC9E0008024B9878434258417047C0462E
:1040C8004C01002030B5054C258F0580608F088095
:1040D800A18F1180E28F1A8030BDC0464C010020AC
:1040E800F0B5012589B01422002103A805F03CFD94
:1040F8000221FE261B4B1C4F5A6B38002A435A6379
:104108005A6BB6002A400092009A5A6B00240A4360
:104118005A635A6B0A400192019A5A6B06310A4354
:104128005A635B6B00220B4002930431029B02F03E
:10413800FDFB002231000D4802F0F8FB0C2338008B
:1041480003A9039304950594069402F03DFB0748E0
:1041580003A9039604950594069402F035FB09B06B
:10416800F0BDC04600100240000C00500004005092
:1041780010B5134B134C01222360134B20006360CE
:104188000023E260A36023616361A361E3612362AA
:1041980002F05AFC002801D001F074FF0021200031
:1041A80003F07AFB002801D001F06CFF0021200009
:1041B80003F098FB002801D001F064FF10BDC04651
:1041C800005400408C010020583D500030B50400D8
:1041D8008FB01422002103A805F0C6FC1822002184
:1041E80008A805F0C1FC1C4B22689A4231D1202353
:1041F80008A8089303F0E8FE002801D001F042FF68
:104208000122164CA020636B002513436363636B84
:1042180003A913400193019BC023DB0003931223DE
:10422800C00504930C3B07930595069502F0CCFA5C
:104238008022E36B92031343E363E36B172013407D
:1042480002932A002900029B02F006F9172002F0C7
:104258002DF90FB030BDC046005400400010024098
:1042680000B593B03422002105A805F07DFC00219B
:10427800102201A805F078FC8020800003F056FB8E
:1042880002230593FE3340220893002305A80993CF
:104298000A920C9303F076FB011E01D072B6FEE77A
:1042A800072302900390049001A8019303F0CAFD2C
:1042B800002801D072B6FEE713B000BDF0B50026A5
:1042C80000270022D64B95B01B780A93D54B1B7854
:1042D800049605970B930A9B029603975B00C318F5
:1042E8000F930B9B009601975B00C3180E93002158
:1042F8000F9B09919B5A009801990893089C099D66
:1043080000196941029C039D009001910E99895AF8
:1043180008328C46069100210791069807992418BF
:104328004D410294039564465C43E1170C940D914A
:10433800049C059D0C980D9924184D415B431093DE
:10434800DB17119304940595109B119CF61867418F
:10435800582ACCD1B44C009A019B00980199266246
:104368006762A260E360029A039B22616361049A18
:10437800059BA261E361FBF7C9FF069007910298CC
:104388000399FBF7C3FF0290039104980599FBF783
:10439800BDFF0022A54BFDF727FC029A039B009066
:1043A800019106980799FDF71FFC02000B00009881
:1043B8000199FDF7E1FE0090019130003900FBF70B
:1043C800A5FF0022994BFDF70FFC069A079B0600F4
:1043D8000F0010001900FDF707FC02000B00300069
:1043E8003900FDF7C9FE02000B0000980199FCF79F
:1043F800B7FF02000B000090019106980799A2628E
:10440800E362FDF7F1FB02000B0002980399FDF748
:10441800B3FE0022854BFCF7A3FF02000B000290BD
:10442800039122636363009A019B10001900FDF752
:10443800DBFB7F4B0022FCF72FFC00230690079143
:104448007C4E04930E9B049A985AFEF78FFA029AB0
:10445800039BFDF791FE009A019BFDF7C5FB0F9B9F
:10446800049A0400985A0D00FEF780FA02000B0027
:1044780020002900FCF710FC069A079BFCF770FF48
:1044880004000D000200346075600B00009801996B
:10449800FDF7AAFB029A039BFCF7FEFB02000B0048
:1044A800B265F365604B644F9A6BDB6B08920993B6
:1044B800109011910898099922002B00FDF75CFED5
:1044C8003B008933FF335C681B680C930D94109A8A
:1044D800119B129013910C980D99FDF74DFE129AAD
:1044E800139B04000D0010001900FDF77DFB22004E
:1044F800109011912B0020002900FDF775FB0B008F
:10450800020010981199FCF7C7FB05F068FB33000F
:10451800B03318605960049B083608330493582B4D
:1045280090D10B9B20335B00FB185888FEF71EFACE
:10453800029A039BFDF720FE009A019BFDF754FBAE
:104548000A9B040020335B00FB1858880D00FEF717
:104558000DFA02000B0020002900FCF79DFB069ACB
:10456800079BFCF7FDFEA42304000D009B00FB182D
:104578001C605D6002000B0000980199FDF734FB98
:10458800029A039BFCF788FBA6230A00009001917E
:1045980001009B00FB1819605A60089809992200CD
:1045A8002B00FDF7E9FD009A019B04000D000C9813
:1045B8000D99FDF7E1FD22002B00009001912000EC
:1045C8002900FDF711FB009A019B04000D00100063
:1045D8001900FDF709FB02000B0020002900FCF779
:1045E8005BFB05F0FCFAA82304000D009B00FB18F8
:1045F8001C605D603B00E133FF331A685B68FBF7C2
:1046080031FE00281AD0C223002000219B00FB188D
:1046180018605960C42301229B00FA5415B0F0BDFC
:10462800CA030020CB030020C80300200000264056
:104638000000F03F00040020D00200203B00E933D6
:10464800FF331A685B682000290000920193FBF78A
:1046580009FE002812D0C2239B0020002900FE1862
:10466800009A019BFCF77CFE0B00D4490200086805
:104678004968FDF7B9FA30607160CBE73B00F13368
:10468800FF331A685B682000290002920393FBF746
:10469800E9FD002833D090239B00FB181A685B685B
:1046A80004920593C2239B0020002900FE18009A5B
:1046B800019BFDF761FD009A019B04000D00029823
:1046C8000399FDF759FD02000B0020002900FCF7B3
:1046D80047FE92239B000D00F9180400049A059BDD
:1046E80008684968FDF748FD02000B002000290012
:1046F800FDF77AFA049A059BFCF7CEFABBE73B0074
:10470800F933FF331A685B6820002900009201938F
:10471800FBF7A8FD002838D092239B00FB181A68E5
:104728005B6804920593C2239B0020002900FE18B1
:10473800029A039BFDF720FD029A039B04000D00DB
:1047480000980199FDF718FD0B00020029002000D0
:10475800FCF706FE942304000D009B00F918086876
:104768004968049A059BFDF707FD02000B0020002D
:104778002900FDF739FA049A059BFCF78DFAC42342
:104788000222306071609B0047E780239B00FB1882
:104798001A685B682000290002920393FBF762FD08
:1047A800002821D094239B00FB181A685B680492A8
:1047B8000593C2239B0020002900FE18009A019B44
:1047C800FDF7DAFC009A019B04000D00029803999A
:1047D800FDF7D2FC0B00020029002000FCF7C0FD09
:1047E800962304000D00B8E782239B00FB181A6883
:1047F8005B682000290000920193FBF733FD002835
:1048080038D096239B00FB181A685B6804920593BE
:10481800C2239B0020002900FE18029A039BFDF783
:10482800ABFC029A039B04000D0000980199FDF768
:10483800A3FC0B00020029002000FCF791FD98233F
:1048480004000D009B00F91808684968049A059B44
:10485800FDF792FC02000B0020002900FDF7C4F9C7
:10486800049A059BFCF718FAC42303223060716090
:104878009B00D2E684239B00FB181A685B68200023
:10488800290002920393FBF7EDFC002821D098231E
:104898009B00FB181A685B6804920593C2239B006F
:1048A80020002900FE18009A019BFDF765FC009A7C
:1048B800019B04000D0002980399FDF75DFC0B00B5
:1048C800020029002000FCF74BFD9A2304000D008C
:1048D800B8E786239B00FB181A685B68200029004C
:1048E80000920193FBF7BEFC002838D09A239B0066
:1048F800FB181A685B6804920593C2239B0020008A
:104908002900FE18029A039BFDF736FC029A039BC6
:1049180004000D0000980199FDF72EFC0B00020021
:1049280029002000FCF71CFD9C2304000D009B00BF
:10493800F91808684968049A059BFDF71DFC0200F0
:104948000B0020002900FDF74FF9049A059BFCF79E
:10495800A3F9C4230422306071609B005DE68823BC
:104968009B00FB181A685B682000290002920393D9
:10497800FBF778FC002823D09C239B00FB181A68BF
:104988005B6804920593C2239B0020002900FE184F
:10499800009A019BFDF7F0FB009A019B04000D00B3
:1049A80002980399FDF7E8FB0B000200290020009C
:1049B800FCF7D6FC9E2304000D00B8E71005002084
:1049C8008A239B00FB181A685B6820002900049260
:1049D8000593FBF747FC002838D09E239B00FB1863
:1049E8001A685B6800920193C2239B00200029008B
:1049F800FE18029A039BFDF7BFFB029A039B040073
:104A08000D0004980599FDF7B7FB02000B00200084
:104A18002900FCF7A5FCA0239B000D00F918040051
:104A2800009A019B08684968FDF7A6FB02000B0085
:104A380020002900FDF7D8F8009A019BFCF72CF913
:104A4800C4230522306071609B00E6E58C239B003F
:104A5800FB181A685B682000290000920193FBF795
:104A680001FC002831D0A0239B00FB181A685B6862
:104A780002920393C2239B0020002900FE18049A87
:104A8800059BFDF779FB049A059B04000D0000982F
:104A98000199FDF771FB02000B0020002900FCF7CB
:104AA8005FFCA2239B000D00F9180400029A039BE7
:104AB80008684968FDF760FB02000B002000290028
:104AC800FDF792F8029A039BB8E72000009A019B31
:104AD8002900FBF7D1FB002800D19FE5A2239B000A
:104AE800FB181A685B680292039302980399C22321
:104AF8009B00FE18009A019BFCF732FC009A019B70
:104B08000490059120002900FDF736FB02000B00F8
:104B180004980599D4E7C04610B50448FFF7CEFBC2
:104B28000821034A13788B43137010BD1A03002021
:104B38000D030020F7B53F4B0400DE8F3E4D3000DB
:104B4800FCF768F8071C2088FCF764F8011C381C7F
:104B5800FBF7F2FB2700268026000190083658371D
:104B68003088FCF757F80199FBF706FDFBF798FB2F
:104B780030800836B742F3D1AB1DDE8F3000FCF72A
:104B880049F8071C6088FCF745F8011C381CFBF73E
:104B9800D3FB27006680260001900A365A373088F2
:104BA800FCF738F80199FBF7E7FCFBF779FB308055
:104BB8000836B742F3D12B000833DE8F3000FCF7FC
:104BC80029F8071CA088FCF725F8011C381CFBF7FE
:104BD800B3FB2700A680260001900C365C3730888E
:104BE800FCF718F80199FBF7C7FCFBF759FB308075
:104BF8000836B742F3D148352F883800FCF70AF851
:104C0800051CE088FCF706F8011C281CFBF794FB40
:104C18002500E780061C0E355E342888FBF7FAFF6E
:104C2800311CFBF7A9FCFBF73BFB28800835AC429D
:104C3800F3D1F7BDD4020020D0020020F0B5D84B44
:104C48005A79602A00D144E300D96CE0302A00D1B7
:104C580085E206D8102A00D135E1202A00D121E2C8
:104C6800F0BD402A00D1D7E2502AF9D1CD48CE492B
:104C78001861586198619866D8661867CA48D961FA
:104C8800CA495867181DC1671962596299629967BC
:104C9800D967C749C7480231C8671800C64A88306B
:104CA800DA60C64AC34C02601800C54DDC62C54CC8
:104CB800AC46C54EDD631C64C44DBD4CC44FE5878E
:104CC8009E60C44C1E66BC4E8C302780DF801A6301
:104CD8005A639A635E6602601800903002601A0098
:104CE8006046943210601A00B648983210601A0074
:104CF8009C3215805C2294469C446446B64ACD8713
:104D080022809E24A4469C44644625801D00B34FFF
:104D1800B34EB4499864B448AA4CDF641E6558651C
:104D28009965A0352BE1902A01D100F031FC63D8B8
:104D3800702A00D12AE3802A00D091E7AB48AC4919
:104D48001861586198619866D8661867A848D9614B
:104D5800A8495867181DC16719625962996299670D
:104D6800D9679349A4480231C8671800A34DA44ADB
:104D7800AC46DA60DD63A34AC525883002601800B6
:104D88009D4CA14EDC62A14CED011C64884CA04FE7
:104D9800E5879E608F4C1E66994E8C302780DF8099
:104DA8001A635A639A635E66026018009030026064
:104DB8001A006046943210601A00944898321060C5
:104DC8001A009C3215805C2294469C446446914AA1
:104DD800CD8722809E24A4469C44644625801D00DD
:104DE8008D4F8E4E8E4998648E48884CDF641E65C0
:104DF80058659965A035C2E0A02A02D0FF2A00D0E4
:104E08002EE7894889491861586198619866D8667B
:104E180018678648D96186495867181DC16719629D
:104E2800596299629967D967190082480831C86739
:104E38001800814D814ADD639D1DAC46DA60804AC9
:104E48007C4C883002601800DC627E4C8C301C641C
:104E580064467D4D02601800E5875E24903002604C
:104E68001A635A639A631A00A4467348943210600E
:104E78009C441A006446754E754F72489E601E66C3
:104E88006E4E98322780DF805E6610601A009C3272
:104E980015805C229446F2229C446446FF322280AC
:104EA8009E24A4469C446446CD8725801D00694FF6
:104EB800694E6A4998646A48624CDF641E655865A1
:104EC8009965A0355BE06748674918615861986142
:104ED8009866D86618676448D96164495867181D88
:104EE800C1671962596299629967D9673049604800
:104EF8000231C86718005F4A8830DA605E4A5C4C45
:104F0800026018005D4DDC625D4CAC465D4EDD63B1
:104F18001C645D4D264C5D4FE5879E602D4C1E66DA
:104F2800544E8C302780DF801A635A639A635E661A
:104F380002601800903002601A00604694321060D7
:104F48001A004F48983210601A009C3215805C2273
:104F580094469C4464464E4ACD8722809E24A446AB
:104F68009C44644625801D004A4F4B4E4B4998642B
:104F78004B48434CDF641E6558659965A0352C6025
:104F88001C00A43427601C00A83426601C00AC3424
:104F980020601800B433B03001601A8060E6C04663
:104FA800E00100202F4F2F4F2F4FA74CA74CA74CA5
:104FB800E6010020A74C944992502F4F94499449F8
:104FC8009449704870487048925092507048000058
:104FD800925000003E020020CD1D00007048DF2ED8
:104FE800DF2EDF2ECD1DCD1DDF2ECD1D2882288280
:104FF8002882D87DD87DD87DD87D2F6F2F6F80628D
:10500800428828822F6F2F6F428842888062806290
:105018004288FFFFF22C00008062B85BB85BB85B87
:10502800F22CF22CB85BF22C8F708F708F70E055D9
:10503800E055E055E05585418541FD3188938F70F5
:1050480085418541FD31FD31FD310000889388930C
:105058008893FFFFFD31F010F010F010F101F1011D
:10506800F010F10173A373A373A3D1A0D1A0D1A0B1
:10507800D1A09C9E4FA673A39C9E9C9E9C9E529CD6
:10508800529C529C4FA64FA6529CFFFF4FA6FFFF73
:105098008C2B0000529CC04EC04EC04E8C2B8C2BCB
:1050A800C04E8C2BE848E9491861586198619866A8
:1050B800D8661867E548D961E5495867181DC1677A
:1050C8001962596299629967D967E249E2480231DF
:1050D800C8671800E14A8830DA60E14ADE4C0260AD
:1050E8001800E04DDC62E04CAC46E04EDD631C6429
:1050F800DF4DD84CDF4FE5879E60DF4C1E66D74EEC
:105108008C302780DF801A635A639A635E66026078
:105118001800903002601A006046943210601A003D
:10512800D148983210601A009C3215805C2294464F
:105138009C446446D14ACD8722809E24A4469C4440
:10514800644625801D00CE4FCE4ECF499864CF4887
:10515800C54CDF641E6558659965A0350FE7CC48D6
:10516800CC491861586198619866D8661867C9482B
:10517800D961C9495867181DC1671962596299628E
:105188009967D967B349C5480231C8671800C44A46
:105198008830DA60C34AC14C02601800C24DDC6234
:1051A800C24CAC46C24EDD631C64C24DA94CC24F12
:1051B800E5879E60B04C1E66B94E8C302780DF8034
:1051C8001A635A639A635E66026018009030026040
:1051D8001A006046943210601A00B4489832106081
:1051E8001A009C3215805C2294469C446446B34A5B
:1051F800CD8722809E24A4469C44644625801D00B9
:10520800AF4FB04EB0499864B048A84CDF641E65F3
:1052180058659965A035B2E6AD48AE491861586140
:1052280098619866D8661867AA48D961AA495867E4
:10523800181DC1671962596299629967D9678549CA
:10524800A6480231C8671800A54A8830DA60A54A1E
:10525800A24C02601800A44DDC62A44CAC46A44EDB
:10526800DD631C64A34D7B4CA34FE5879E60824C95
:105278001E669B4E8C302780DF801A635A639A63C0
:105288005E6602601800903002601A006046943230
:1052980010601A009548983210601A009C321580E8
:1052A8005C2294469C446446944ACD8722809E247E
:1052B800A4469C44644625801D00914F914E924916
:1052C80098649248894CDF641E6558659965A035D5
:1052D80055E68F488F491861586198619866D86675
:1052E80018678C48D9618C495867181DC1671962BD
:1052F800596299629967D967564988480231C867DF
:105308001800874A8830DA60864A844C02601800A0
:10531800854DDC62854CAC46854EDD631C64854D4D
:105328004C4C854FE5879E60534C1E667C4E8C30F6
:105338002780DF801A635A639A635E6602601800EA
:10534800903002601A006046943210601A00774864
:10535800983210601A009C3215805C2294469C4456
:105368006446764ACD8722809E24A4469C4464469F
:1053780025801D00724F734E7349986473486B4CB7
:10538800DF641E6558659965A035F8E57048714970
:105398001861586198619866D86618676D48D96130
:1053A8006D495867181DC1671962596299629967F2
:1053B800D967284969480231C8671800684A88309F
:1053C800DA60684A654C02601800674DDC62674C19
:1053D800AC46674EDD631C64664D1E4C664FE58720
:1053E8009E60254C1E665E4E8C302780DF801A63D7
:1053F8005A639A635E6602601800903002601A0071
:105408006046943210601A005848983210601A00AA
:105418009C3215805C2294469C446446574ACD874A
:1054280022809E24A4469C44644625801D00544F37
:10543800544E5549986455484C4CDF641E65586570
:105448009965A0359BE5C046D18CD18CD18C376F3E
:10545800376F376FE6010020376FAE4B0E9CD18C4B
:10546800AE4BAE4BAE4B0134013401340E9C0E9C56
:10547800013400000E9CFFFF3E02002012020000D3
:105488000134DA07DA07DA0712021202DA0712021F
:10549800958795879587FC86FC86FC86FC86A7857C
:1054A800BE879587A785A785A785928392839283D0
:1054B800BE87BE879283FFFFBE87FFFF8260000022
:1054C8009283447144714471826082604471826045
:1054D800F119F119F119BC18BC18BC18BC186218DC
:1054E800EC1CF119621862186218FD15FD15FD15FE
:1054F800EC1CEC1CFD150000EC1C00005B0B000014
:10550800FD156C126C126C125B0B5B0B6C125B0B57
:10551800A458A458A4588456845684568456FE53D6
:10552800F659A458FE53FE53FE53F050F050F05075
:10553800F659F659F0500000F65900009343000060
:10554800F050934C934C934C93439343934C934315
:10555800AA5BAA5BAA5B7958795879587958E74ABF
:10556800E75EAA5BE74AE74AE74A84388438843822
:10557800E75EE75E84380000E75E00005A2B000013
:105588008438B932B932B9325A2B5A2BB9325A2B1C
:105598002E482F491861586198619866D86618672F
:1055A8002B48D9612B495867181DC1671962596280
:1055B80099629967D967284928480231C86718004D
:1055C800274A8830DA60274A244C02601800264DA2
:1055D800DC62264CAC46264EDD631C64254D1E4C11
:1055E800254FE5879E60254C1E661D4E8C30278012
:1055F800DF801A635A639A635E660260180090300F
:1056080002601A006046943210601A0017489832F7
:1056180010601A009C3215805C2294469C446446B3
:10562800174ACD8722809E24A4469C446446258040
:105638001D00144F144E1549986415480B4CDF642F
:105648001E6558659965A03599E4C046339633962A
:105658003396BA75BA75BA75E6010020BA75BA52AA
:1056680050C73396BA52BA52BA52BD41BD41BD4134
:1056780050C750C7BD41000050C7FFFF3E02002081
:10568800D7280000BD414E384E384E38D728D72885
:105698004E38D72810B5074B074C236003232371D6
:1056A800064BDB786371FFF7C9FA054BD4342380C6
:1056B80010BDC046AA550001E0010020D00200201C
:1056C80055AAFFFF10B5DD4BDD4C5B79602B00D18F
:1056D80087E25FD8302B00D1EEE121D8102B00D122
:1056E80012E1202B00D167E1D64B58226382D64BBA
:1056F800D6496361D64BD748A361D74BE361FA23F8
:105708002362A36204F062FA5822D449D44804F010
:105718005DFA7C223D34237852421343237010BD36
:10572800402B00D108E2502BDED1FA23DB00636066
:10573800C823A3600023E36023822380FF3302226F
:10574800A3702300FF32FA331A808E230021002031
:105758009B00E3181860596090239B00C14AE11828
:10576800C14B0A604B609221890061180A604B6046
:10577800942300229B00E118BC4B0A604B609621E1
:10578800890061180A604B6098239B00E118002289
:10579800B74BC4E1902B00D1BCE25BD8702B00D191
:1057A80061E2802BA0D1FA239B006360B14B0222F7
:1057B800A3606423E360DC23FF332382AE4BFF3214
:1057C80023808223A3702300FA331A808E230020BB
:1057D80000219B00E31818605960902300229B0069
:1057E800E118A64B00200A604B60922189006118DD
:1057F8000A604B60942300229B00E118A04B0A60CA
:105808004B609621890061180A604B60982300223A
:105818009B00E1189B4B0A604B609A218900611834
:105828000A604B609C2300229B00E118964B0A609B
:105838004B609E21890061180A604B60A023934940
:105848009B00E31818605960A2239B000020904930
:10585800E318AEE0A02B02D0FF2B00D044E7FA23D8
:105868009B006360A3600023E3602382824B0222D3
:1058780023808223A3702300FF32FA331A808E23F9
:10588800002000219B00E318186059609023002233
:105898009B00E1187F4B00200A604B609221890031
:1058A80061180A604B60942300229B00E1186F4B3B
:1058B8000A604B609621890061180A604B60982342
:1058C80000229B00E1186A4B0A604B609A2189000C
:1058D80061180A604B609C2300229B00E1186E4B04
:1058E8000A604B609E21890061180A604B60A02302
:1058F80080219B00E318C90518605960A2239B000A
:1059080000206649E31854E0FA23DB006360C823EB
:10591800A3600023E3602382614B02222380992342
:10592800A3702300FF32FA331A808E23002100204F
:105938009B00E31818605960902300229B00E1182F
:10594800554B0A604B609221890061180A604B60D0
:1059580094239B00E11880230022DB050A604B603A
:105968009621890061180A604B60982300229B00E9
:10597800E1184C4B0A604B609A21890061180A6053
:105988004B609C2300229B00E118444B0A604B604B
:105998009E21890061180A604B60A02300203B49C2
:1059A8009B00E31818605960A22300209B003E4921
:1059B800E3181860596097E6C82363603B4B0222DE
:1059C800A3600023E3602382394BFF322380A023A6
:1059D800A3702300FA331A808E23002100209B0035
:1059E800E3181860596090239B00E1188023002277
:1059F800DB050A604B609221890061180A604B60E0
:105A0800942300229B00E1181C4B0A604B609621EE
:105A1800890061180A604B60982300229B00E118F6
:105A2800174B0A604B609A21890061180A604B6025
:105A38009C239B00E11800221E4BA7E7E0010020F1
:105A4800D00200201405000090650000E601002047
:105A5800D8D600001A030020102700003E020020BC
:105A6800720300209A9999999999C93F0000E03FDB
:105A78000000E83F1900C8008282FFFF00001440C0
:105A88000000244000003940000044400000494024
:105A980000C062400000D03F0000F03F000010400E
:105AA8009999FFFF0000084000005940C800C8004D
:105AB80000A0FFFF00002E4096235B006360963B2A
:105AC800A3600023E36023822380A033A370230014
:105AD800B24AFA331A808E23002100209B00E31873
:105AE8001860596090239B00AD4AE118AD4B0A60DD
:105AF8004B609221890061180A604B6094239B00D7
:105B0800A74AE118A84B0A604B60962189006118E2
:105B18000A604B6098239B00E118A14AA34B0A60D6
:105B28004B609A21890061180A604B609C239B0096
:105B3800E11800229E4B40E0FA23DB0063609D4B96
:105B48009D4AA36000232280E36002222382A3707F
:105B58002300FF32FA331A808E23002100209B0095
:105B6800E3181860596090239B008D4AE1188E4B0A
:105B78000A604B609221890061180A604B60942387
:105B88009B008E4AE1188E4B0A604B609621890073
:105B980061180A604B60982300229B00E118844B2F
:105BA8000A604B609A21890061180A604B609C2347
:105BB8009B00E11880230022DB050A604B609E21D0
:105BC800890061180A604B60A02300207D499B0072
:105BD800E31818605960A2239B0000207A49E31853
:105BE800E7E67A4B022263601E23A3600023E3608A
:105BF800783323820E3B23809533A3702300FF3232
:105C0800FA331A808E23002100209B00E3181860C5
:105C18005960902300229B00E1186A4B0A604B6090
:105C28009221890061180A604B60942300229B002E
:105C3800E118654B0A604B609621890061180A607B
:105C48004B60982300229B00E118614B0A604B606F
:105C58009A21890061180A604B609C239B00E11817
:105C680000225C4B92E65C4B022263605B4BFF3286
:105C7800A3606423E360A533FF3323829F3BFF3B8C
:105C880023809533A3702300FA331A808E230021D2
:105C980000209B00E31818605960902300229B00A5
:105CA800E1184F4B0A604B609221890061180A6025
:105CB8004B60942300229B00E1184A4B0A604B601A
:105CC8009621890061180A604B60982300229B0086
:105CD800E118454B0A604B609A21890061180A60F7
:105CE8004B609C2300229B00E118404B0A604B60EC
:105CF8009E21890061180A604B60A02300203C495E
:105D08009B00E31818605960A2239B0000203949C2
:105D1800E3184EE6FA239B006360374B0222A36028
:105D28000023E36091239B00238201235B422380AD
:105D3800A3702300FF32FA331A808E23002100203B
:105D48009B00E31818605960902300229B00E1181B
:105D58002A4B0A604B609221890061180A604B60E7
:105D6800942300229B00E1181F4B0A604B60962188
:105D7800890061180A604B60982300229B00E11893
:105D88001A4B0A604B609A21890061180A604B60BF
:105D98009C239B00E1180022194BA7E70202000090
:105DA8009A9999999999B93F9999C93F9999D93FD8
:105DB8000000F03FC8002C0100FFFFFF33333333EE
:105DC8003333E33F0000144000002440DC050000AA
:105DD8000000344000003E40F401640064003700D5
:105DE80000004E4000005E4000807140008081400D
:105DF8000000894000408F406400640000806140DA
:105E080000E08540142110B5144B154A9888154CAC
:105E1800484320601400D888BC34484320601400EC
:105E28001889C0344843206014005889C434484352
:105E3800206014009889C834484320601400D88929
:105E4800CC3448432060188AD03241431160022282
:105E5800383319780A431A7010BDC046D0020020A2
:105E6800E001002098020020402210B5044BDA70AF
:105E7800FFF710FCFFF726FCFFF7C4FF10BDC04674
:105E8800D0020020F8B500F0C1FAFEF7E9F9FEF7F4
:105E980027F9FEF76DF900F0A7F900F00FFA514F56
:105EA8001E2239005048FDF705FBFFF7DDFF4F487C
:105EB800FDF710FF4E48FDF7BFFE4E48FCF764FFA4
:105EC8000020FDF799FB0020FDF7AEFB0020FDF751
:105ED800C5FB0020FDF7DAFB0020FDF7EFFB0020F3
:105EE800FDF704FC0020FDF719FC0020FDF72EFC4F
:105EF8000020FDF745FC404C0225A2786178207807
:105F0800FDF7ACFE2600383633782B4207D01E2228
:105F180039003548FDF7A0FA3378AB433370FEF704
:105F280067F8FEF7C7F82600431E98413D36430040
:105F38003078A84318433070284248D02F4B304A55
:105F480030493148FEF7BEF833785B0744D4230064
:105F580001223C331B7813421BD0626A236A9A429F
:105F680017D3C2239B00E118002208684968002360
:105F7800FAF768F9002806D0C4239B00E35C002BDD
:105F880001D1FEF7C9FDA38F204A1340A387002340
:105F9800636226003D3633789B0618D5E26AA36A09
:105FA8009A4214D31A48FEF7C5FD382332780020E8
:105FB8009A43283B1343C22200219200A218106082
:105FC8005160C422337000239200E362A354FDF7AA
:105FD80027FAFDF7A7FD95E7A38F0E4A1340A3877D
:105FE800F5E7C046E001002000F800088C01002019
:105FF800EC05002038060020D002002018030020FD
:10600800160300201403002012030020FEF7FFFFF0
:106018001A030020FEDFFFFF042010B51549164BB8
:106028000A7802420BD05A8F144C013292B25A8726
:10603800A24204D90A7882430A70114A5A871A0080
:106048003D321278910714D519003C310978C907F7
:1060580002D5596A01315962920602D5DA6A0132CB
:10606800DA621A003E3212787F2A02D95A6B01325C
:106078005A6310BD0D030020D00200204F460000D7
:106088005046000072B6FEE701210A4B82B01A6C36
:106098000A431A641A6C0A4080210092009ADA6B4B
:1060A80049050A43DA63DB6B0B400193019B02B09D
:1060B8007047C04600100240FEE7FEE77047704791
:1060C80010B50120FDF7FAFAFDF746FEFDF732F9A3
:1060D800FDF7D0FB084C23780133DBB22370642B27
:1060E80003D9FFF799FF0023237000F0A3F90020DC
:1060F800FDF7E4FA10BDC046E805002010B50248D7
:1061080002F02AF910BDC046EC050020064810B57B
:1061180003689A69E023DB001A4202D001F086F98D
:1061280010BD00F0B7FDFBE78C01002010B5024858
:1061380002F0F2FD10BDC04638060020704700008E
:1061480007B50B4B02689A4210D10221094B102067
:10615800DA6B0A43DA630022DB6B0B400193110010
:10616800019B00F079F9102000F0A0F907BDC046A6
:10617800000400400010024030B5040089B0142229
:10618800002103A803F0F0FC144B22689A4223D1A3
:1061980001240225124BA0205A6B03A922435A63FB
:1061A8005A6BC00522400192019A5A6B2A435A63DE
:1061B8005B6B04952B400293029BC02307940393C7
:1061C80000F002FB0023074803A9039404950593F4
:1061D8000693079400F0F8FA09B030BD00040040B7
:1061E800001002400004005030B58FB0102200218A
:1061F80003A803F0B9FC0C220021684603F0B4FCA4
:106208001C22002107A803F0AFFC294C294B2A4D7A
:106218002360002320006360A360E5602361A3611D
:1062280002F08CF9002801D0FFF72CFF8023200012
:106238005B0103A9039302F0A3FA002801D0FFF73A
:1062480021FF200002F0A4F9002801D0FFF71AFF6F
:106258000023694620000093029302F0C5FB002842
:1062680001D0FFF70FFF00226023200007A9079342
:10627800089509920B9202F0F1F9002801D0FFF776
:1062880001FF0422200007A902F0E8F9002801D044
:10629800FFF7F8FE0822200007A902F0DFF900281E
:1062A80001D0FFF7EFFE2000FFF766FF0FB030BD0B
:1062B800EC05002000040040FF0300000D480E4BD1
:1062C80010B5036096239B01002143600C230A004C
:1062D80043610B008160C16001618161C16101623C
:1062E8004162816203F0E4FB002801D0FFF7CAFE97
:1062F80010BDC046380600200044004010B5040018
:1063080088B01422002103A803F02EFC144B226845
:106318009A4223D18021134B8902DA6BA0200A43C9
:10632800DA63DA6BC0050A400192019A0122596BBF
:10633800114359635B6B03A913400293029B0E231D
:1063480003930C3B0493079200F03EFA00221C20B2
:10635800110000F081F81C2000F0A8F808B010BD6A
:1063680000440040001002400D488546FFF7E6FE55
:106378000C480D490D4A002302E0D458C450043398
:10638800C4188C42F9D30A4A0A4C002301E013606E
:106398000432A242FBD303F0F5FBFFF773FDFEE7DF
:1063A8000020002000000020A8000020849F000892
:1063B800A800002024080020FEE7000070B5104B5C
:1063C80005001978002901D1012070BDFA2080004C
:1063D800F9F79CFE0B4C01002068F9F797FE00F0D6
:1063E80071F8041EF0D1032DEED802000120290017
:1063F800404200F031F8044B20001D60E5E7C0463C
:106408000400002000000020080000208023084A23
:106418005B00116810B50B4303201360FFF7CEFF34
:10642800041E03D1FFF730FE200010BD0124FBE756
:1064380000200240034A044B11681B785B18136064
:106448007047C046CC06002004000020014B1868A5
:106458007047C046CC06002010B5FF2403220B006D
:1064680021000240D20091409B012340C943934040
:1064780000280ADBC0240B4A800880008018A4008A
:1064880002590A401343035110BD0F221040083827
:10649800054A800880008018C26911401943C1610B
:1064A800F2E7C04600E100E000ED00E0002805DB6F
:1064B8001F2318401E3B8340014A13607047C046A3
:1064C80000E100E08022431E5204012093420DD2D5
:1064D800C021074A07485360036A09061B021B0AC2
:1064E8000B43036200200723906013607047C04687
:1064F80010E000E000ED00E0F0B5002808D0841DB1
:10650800E37F411D022B05D00423C3630023CB770F
:106518000120F0BD0E250268466C1368AB4313607A
:106528003368104D2B403360012316689E43166074
:10653800026C1B331A401B3B93400B4E77683B435E
:106548007360C26C836C5A60036D002B05D01A68A7
:106558002A401A60436D826D5A6001230020E37758
:10656800C877D6E7FFFEFFFF00000240F8B5811D9F
:10657800CB7F022B03D00423C3630120F8BD0E2474
:1065880002681C271368456CA34313600123146831
:106598009C4314602A68104C22402A60026C0F4DFC
:1065A8003A4093406E6833436B60C26C836C5A60A8
:1065B800036D002B05D01A6822401A60436D826D66
:1065C8005A6001230022CB77431DDA77836B93420D
:1065D80000D098470020D1E7FFFEFFFF00000240EF
:1065E8000630C07FC0B270470020054B5A6982420E
:1065F80005DA044A9A60044A9A605869C00F7047DD
:106608000020024023016745AB89EFCD014B586854
:106618007047C046D0060020F8B50400FFF716FF03
:10662800802706007F02144D2B693B4216D12A6948
:10663800124B11001248194028611A4217D18027BD
:10664800FF022B69180038403B420FD0631CF8D07A
:10665800FFF7FCFE801BA042F3D306E0631CE3D0E7
:10666800FFF7F4FE801BA042DDD30320F8BD054BE5
:1066780001205960FAE7C04600200240FA83000072
:10668800FB830000D0060020F7B5174E019333783E
:1066980004000D0002200092012B1ED00123FA20D5
:1066A8003370002380007360FFF7B6FF002812D113
:1066B8000E4F012C12D17B6923437B61009B2B6019
:1066C800BFF36F8F019B6B60FA208000FFF7A4FF78
:1066D8007B69A3437B6100233370FEBD28000099CA
:1066E80003F09AFBF0E7C046D006002000200240E5
:1066F800FA2010B58000FFF78FFF8022044B1206A6
:1067080059690A435A615869C043C00F10BDC04651
:1067180000200240044A05485369C9000340194350
:10672800034B0B43536170470020024007E0FFFF13
:1067380002000100F7B5214F05003B7802240191C2
:10674800012B1AD00123FA203B70002380007B60C4
:10675800FFF762FF041E0ED104236B602B68042B25
:106768000DD1FA20164A174B516980000B4353612B
:10677800FFF752FF040000233B702000FEBD0123F9
:10678800019A5B421360AE68AB68EA689B18B34233
:106798000CD968683100FFF7BDFFFA208000FFF7C9
:1067A8003BFF002808D00400019B1E600221044A18
:1067B80053698B435361DEE70136E5E7D0060020D5
:1067C80000200240040001000023F0B585B00A68EB
:1067D8001400DC4001D105B0F0BD012514009D4036
:1067E8002C4000942A4200D191E04A685F00944608
:1067F8000322644622400324BC40E4430194541E0F
:10680800012C2ED88668019C2640CC68BC403443B5
:10681800846044680126AC4325006446240934405A
:106828009C402C434460C568019C25408C68BC4052
:106838002C43C460022A16D107250F261D40AD003F
:10684800AE40DC08A40004190294246A03962600CA
:10685800039CA64334000E69AE402643029C266280
:1068680001E0032ADFD1BA400468019D25402A438C
:10687800C02402606246A402224248D0254A032569
:106888009C08A400A4180F221D40ED00AA40A027D0
:10689800266EFF0596430022B8420CD01E4F0132E7
:1068A800B84208D01D4F0132B84204D01C4F033201
:1068B800B84200D1023AAA40674632432266154CD4
:1068C800009A2668009DD2433543FF0201D4350063
:1068D8001540674625606668009D3543BF0201D4B0
:1068E80035001540674665600E4C009DE66F3543E0
:1068F800BF0301D4350015406746E5670A4C009E82
:10690800E56F2E43FF0301D415402E00E6670133DF
:106918005DE7C0460018024000040050000800501F
:10692800000C00500818024004180240002A01D048
:10693800816170478162FCE703689A69920701D513
:1069480000229A6201229969114202D199690A4387
:106958009A61704730B5039C006823431204890587
:106968001A43890D054B45680A43640D23435200B9
:106978009D4352082A43426030BDC046FF63FF036F
:1069880010B5436B1B4C0AB2A3421ED01A4CA3424B
:106998001BD01A4CA34218D000239A4200DAB8330D
:1069A800CA0701D5F22213438A0701D5F4221343FB
:1069B800102906D19022134301680A6813430B601B
:1069C80010BD2029F8D10B43F6E700239A4200DADC
:1069D800B833CA0701D5F22213438A0701D5F42236
:1069E80013431029E6D0202901D16022E3E740298A
:1069F800E9D0E1E7117200085D760008B57000087B
:106A0800002310B5CA0708D5030041331A78282394
:106A18001A40CA33282A00D1B03B8A0708D5020099
:106A28002824413212782240A2420BD14422134337
:106A380009B2002901DAB822134301680A689A43A7
:106A48000A6010BDF422F2E770B504000120002CA2
:106A58004ED0250041352B78DAB2002B05D1230022
:106A6800403320001A70FDF7B1FB242301212B705D
:106A78002368E0681A68A6688A431A601D49626834
:106A88000A401A619A681C490A409A60012807D18D
:106A98008022120232439A605A681848024009E07C
:106AA8008422120232439A600228F5D18022586863
:106AB800120102435A605868114A02435A60DA6860
:106AC80000200A40DA60616922690A43A169090263
:106AD8000A43DA60216AE2690A431A6001221968E6
:106AE8000A431A60202360642B70206342342070AC
:106AF80070BDC046FFFFFFF0FF7FFFFFFFF7FFFFFE
:106B080000800002F0B5060087B003930CAB029238
:106B180004CB41361B880492059333780400022085
:106B2800202B08D1002A02D0059B002B05D18023F9
:106B380001209B00636407B0F0BD23688027986933
:106B48003F0284460500624602203D403A42F2D1A7
:106B5800270040373A78012AEDD0013838702030C4
:106B6800307020004026049A423006706262059A0E
:106B780065646285134A2585E262134AE1646263AB
:106B88006A46107A039A012A16D1986201235B4259
:106B980023656B461A7B0D4B2000009380235B0412
:106BA800FFF7D8FE230000254033200001211D7087
:106BB800FFF7E6FE2800BEE7029A120A9A622065ED
:106BC800E7E7C0460000FFFF1973000800200080B7
:106BD800F0B5060087B003930CAB20CB02921B885C
:106BE80041360493337804000220202B08D1002D6D
:106BF80002D0049B002B05D1802301209B006364F5
:106C080007B0F0BD2368802798693F028446624632
:106C18003840059002203A42F2D1270040373A78AE
:106C2800012AEDD00138387021303070200040261C
:106C3800059A423006706264049A65626285124A57
:106C4800E262124AE16462636A46107A039A012A90
:106C580015D1986201235B4223656B461A7B0C4B66
:106C6800200000930023FFF775FE23000025403322
:106C7800200001211D70FFF783FE2800C0E7029A5B
:106C8800120A9A622065E8E70000FFFF19730008FE
:106C980000200080036810B599691A68436B002BBF
:106CA80000D0984710BD70477047030070B50025A5
:106CB8002022060042331D70013B1978040040363B
:106CC8001A7021290AD11123456303632039FFF77C
:106CD80097FE20003570FFF7E6FF70BD122345636D
:106CE80003630221FFF78CFE20003570FFF7DCFFFD
:106CF800F3E77047704700000100036810B504000F
:106D080000201A6842310870510418D51A681849C9
:106D18000A401A60230041331A78292A14D1013A0B
:106D28001A702123200023630121FFF769FE230045
:106D38000022403320001A70FFF7DBFF10BD120459
:106D4800E8D51A680B49E3E71A782A2AF6D1023AF5
:106D58001A702223200023630221FFF751FE23002B
:106D68000022403320001A70FFF7C4FFE6E7C04650
:106D7800FFBFFFFFFF7FFFFF70470300F7B5282223
:106D880041331B7804000168134093423CD1FE272D
:106D98008D698E698B68CA68ED030192C268360CEA
:106DA800ED0F3E40022A25D19B059A0D5B0F7340DB
:106DB800180006263040334210D1A36C0133A36477
:106DC800A36C022B09D19B19A064CB61230040332B
:106DD800187029002000FFF7CFFFF7BD80212000A1
:106DE8000902FFF70DFE2300002240331A70019AB2
:106DF8003A40EEE780210902FFF702FE2300002255
:106E080040331A703200E4E70823CB610023403492
:106E18002370E2E770470000184B10B5C3620023E7
:106E280002000363040020204132107053700422D2
:106E38006363114212D02368596A636A1970636ADE
:106E480001336362238D002B08D0013B2385638DBA
:106E5800013B9BB26385636C1A4362642000084956
:106E6800FFF7CEFD102223682000DA6123000022FC
:106E780040331A70FFF7CEFF10BDC0460000FFFF79
:106E880003800000704770470100020010B54131CF
:106E98000C7800234032602C06D1403C0C70036310
:106EA8001370FFF7F0FF10BD03631370FFF7EAFFDD
:106EB800F9E7000070B505000022040041354230B2
:106EC8002B7802703A48283BE0626285626C0A437C
:106ED8006264022B2BD803212000FFF791FD2823A1
:106EE8002B70344BA06B6363236B002840D01A00CF
:106EF8001021113A8A433BD123681A68520403D5FA
:106F08001A682D490A401A60FFF76AFB01282BD03E
:106F1800A06B2A4B00228363230040331A70FFF7CB
:106F280025FB002823D0A06B836B98471FE0200027
:106F38002349FFF765FD2000FFF7FEFC2B78602B47
:106F480010D020222A702368996911420AD09969C1
:106F5800103A114204D0DA61616C0C3A0A43626457
:106F68002022DA610023BDE72000FFF78DFF70BD06
:106F7800E06B0028F8D01022123B9343F4D1236829
:106F88001A68120403D51A680E490A401A60FFF7F6
:106F980027FB0128E8D0E06B084B0022836323001D
:106FA80040331A70FFF7E2FA0028E0D0E06BBBE745
:106FB8000000FFFF65770008FFBFFFFF817800082A
:106FC80003800000FF7FFFFFF7B520230500066858
:106FD8004135F3612B7804000F00212B2BD10121BF
:106FE800FFF70EFD1123236373682E4A1340736065
:106FF800002363632C4BE36210231F4204D0F36128
:10700800626C0C3B134363642B78602B05D17F07BC
:1070180003D5736ADBB20193019B2000FFF78CFC58
:10702800636C2A78602A01D0002B0CD02000616C98
:10703800FFF740FFF7BD2B78222BD5D10221FFF7B0
:10704800DFFC1223CFE72A78212A13D1013A2A70CC
:1070580022002100236342321078403113700B70F4
:10706800402803D12000FCF78FFEE3E72000FFF75C
:107078001AFEDFE72A78222ADCD1023A2A70220097
:107088002100236342321078403113700B7040287E
:1070980003D12000FCF792FECCE72000FFF704FEA6
:1070A800C8E7C04600E800FE0000FFFF73B5050012
:1070B80040352B7804000220012B15D001232B70BA
:1070C8000F33194211D01A420FD022682000D36121
:1070D800626C0C3B134320216364FFF751FC2000D2
:1070E800FFF72AFC0020287076BD0223194208D039
:1070F8001A4206D02368226D9A6201235B422365F7
:10710800F0E740260B063BD5324239D0012120005A
:10711800FFF776FC10212000FFF732FC638D002B6F
:1071280029D0638DFF2B1BD90023FF22E16C228518
:107138000093802389B25B042000FFF70BFC638D6A
:10714800228D9B1A9BB26385230041331A782368EA
:107158001968222A47D1802212020A431A60C1E71D
:107168000023628DE16C92B2228500938023D2B213
:1071780089B29B04E0E731002000FFF79BFEB1E7EE
:10718800314233D0324231D0260001212000FFF7AE
:1071980037FC413610212000FFF7F2FB3378223B01
:1071A8005A425341174A9B029B18628DFF2A10D9F5
:1071B800FF22E16C22850093802389B25B042000C2
:1071C800FFF7C8FB638D228D9B1A9BB263853278CB
:1071D800BDE7628DE16C92B2228500938023D2B222
:1071E80089B29B04EBE78022D201B6E7202319423B
:1071F80000D177E71A4200D174E72000FFF7E4FED8
:1072080070E7C04600200080F7B5060040363378A6
:1072180004000220012B15D0012333700F331942CB
:1072280011D01A420FD022682000D361626C0C3B47
:10723800134320216364FFF7A3FB2000FFF77CFBC7
:1072480000203070FEBD4023080641D51A423FD0C9
:1072580025682A689A432A60638D002B2CD06968B8
:10726800638D8905890DFF2B18D9FF23238580237A
:107278005B040020278D0090FAB22000FFF76AFB1C
:10728800638DDB1B9BB26385413423782A68222BEC
:107298000FD180231B0213432B60D1E7638DE26A71
:1072A80023851A4B9A4201D0E36AE2E780239B04C4
:1072B800DFE78023DB01EEE76B689B0103D4200046
:1072C800FFF7F3FCBCE740212000FFF7F3FDB7E729
:1072D800194212D01A4210D0638D002BF3D12268C4
:1072E80053689B01ACD4E16A084B9942E7D18023EB
:1072F8005168DB010B435360A2E7202319429FD05A
:107308001A429DD02000FFF75FFE99E70000FFFFBB
:10731800F7B5070040373B7804000D00160002203F
:10732800012B1AD001233B700F33194216D01A4291
:1073380014D022682000D361626C0C3B1343636451
:10734800FFF7FAFA20231D4205D01E4203D0290078
:107358002000FFF739FE00203870FEBD04231D42CF
:1073680011D01E420FD09D4323685A6A636A1A706F
:10737800636A01336362238D013B2385638D013B7F
:107388009BB26385DEE702231D420FD01E420DD05B
:10739800236D2268013303D1636A19789162E8E7A3
:1073A800236D936201235B422365CBE740232A06C2
:1073B8001AD51E4218D0638D002B10D0238D002BB8
:1073C8000DD1628DFF2A25D9FF22E16C2285009319
:1073D800802389B25B042000FFF7BCFAB2E74021A2
:1073E8002000FFF767FDADE71D42ABD01E42A9D0D4
:1073F80001212000FFF704FB02212000FFF7C0FA5B
:10740800230041331B78223B5A425341064A9B02D0
:107418009B18D6E7628DE16C92B222850093802397
:10742800D2B289B29B04D6E70020008070B58025CF
:1074380003686D0099691A68294206D0140604D5B4
:107448000124466C34434464DD618025ED00294203
:1074580006D0140604D50824466C34434464DD6120
:107468008024A400214206D0120604D50222416CD1
:107478000A434264DC610B23416C194201D0FFF7D7
:1074880019FD70BDF7B506002022056841362B6846
:1074980004000093C36A0F0001933378EA61D8B2FD
:1074A800212B09D0223808280CD8F8F725FE680BBC
:1074B8000B0B0B0B6E05680020005E49FFF7A0FA66
:1074C8002123236380226B68120213436B606B686D
:1074D800594A200013406B60FFF72EFA009B5B04AB
:1074E80059D52B68554A13402B60A36B002B03D04A
:1074F8001B685B689BB263857B0710D5636A6A6A01
:107508001A70636A01336362238D002B05D0013B37
:107518002385638D013B9BB2638504239F43638D61
:10752800002B03D00423626C1343636410231F42AF
:1075380011D0009A1A420ED0628D002A49D13378B0
:10754800282B33D18023019A9B049A422ED13900EB
:107558002000FFF761FC2300002242331A70656C9B
:107568006263954244D02000616CFFF7A3FC337836
:10757800282B03D139002000FFF74EFCF7BD20006F
:107588002F49FFF73DFA22239BE720002D49FFF7FB
:1075980037FA002395E78022009B12021342ABD0F2
:1075A8002B68294A13402B60E36B9FE73178102240
:1075B800236829290BD125490198884207D0200042
:1075C800DA61FFF7B9F92000FFF796FBC3E7DA6144
:1075D800C1E72268D3610423626C13436364019A90
:1075E8001B4B1A42B7D12000616CFFF763FCB2E76E
:1075F8002700E36A154A403793420CD02000FFF772
:107608007BFB2023114A2000E262337025633D7022
:10761800FFF700FCB2E7202332782000337025639F
:107628003D70222A02D1FFF765FBA7E7FFF761FB50
:10763800A4E7C0460180000000E800FEFFBFFFFF8E
:107648000280000003800000FF7FFFFF0000FFFFB3
:10765800FFFFFFFEF8B5050040352B780400C66A29
:107668000220012B0BD001232B701F33194207D0A6
:107678001A4205D02000FFF705FF00202870F8BD4A
:10768800102319425CD01A425AD0C020000202428C
:1076980053D0E06B031E09D0802713003F023B4004
:1076A8003A4203D003685B68584243412000A76B05
:1076B8004130002F05D0520403D53A685268002A99
:1076C80001D0012B1AD10378282B07D180239B04E2
:1076D8009E4203D12000FFF79FFBCEE710220178DE
:1076E8002368DA612929C8D11A498E42C5D02000F9
:1076F800FFF722F92000FFF7FFFABEE71022236800
:10770800DA610423626C134363640078124BC0B2DD
:107718001E42B2D12138092808D8F8F7EDFC050C2B
:10772800070707070707050C212323632000616C5F
:10773800FFF7C0FBA1E72223F7E72268D3619CE7A4
:107748000823194299D01A4297D02000FFF715FB59
:1077580093E7C0460000FFFFFFFFFFFE70B505007E
:1077680040352E780400C36A0220012E0BD0013860
:1077780028701F30014207D0024205D02000FFF7D1
:1077880081FE0020287070BD102001422FD00242D7
:107798002DD0628D002A1CD1220041321078282871
:1077A80007D180208004834203D12000FFF734FBF7
:1077B800E7E7102110782268D1612928E1D12C4807
:1077C8008342DED02000FFF7B7F82000FFF794FAD5
:1077D800D7E72268D0610422616C0A436264254AB3
:1077E8001342CED12000616CFFF764FBC9E7042087
:1077F800014219D0024217D0628D002A0DD02268AA
:10780800516A626A1170626A01326262228D013ABB
:107818002285628D013A92B26285628D002AB0D1CA
:10782800134A9342ADD0D0E70820014205D0024266
:1078380003D02000FFF7A1FAA3E702200142A0D05D
:1078480002429ED0628D002A0DD0636A22681978A0
:10785800013391626362638D013B9BB26385238D23
:10786800013B23858DE7034A134200D089E7ACE743
:107878000000FFFFFFFFFFFE806A10B5836B002B3F
:1078880001D000229A63C36B002B01D000229A63B7
:10789800FFF7FAFA10BD0000F0B504004134227871
:1078A80003000F000220D6B2202A18D11D0040354F
:1078B8002A78012A13D0242222701B68233A1968D7
:1078C8000748914319601968014000201960196838
:1078D8003943196019680A431A6026702870F0BD88
:1078E800FFEFFFFF0200F0B5413214780300E5B264
:1078F8000220202C17D11C0040342678012E12D0EB
:10790800223010701B6823381E68074F86431E609C
:107918001E6809023E40314319601968084318601F
:10792800002015702070F0BDFFF0FFFF10B5114C5E
:107938001149236802000B40034323608023002081
:107948009B009A420ED10D4B0D49186806235843E7
:10795800F8F7DCFB8022431CD20061690800104064
:10796800114200D110BD002B01D0013BF5E70320E7
:10797800F8E7C04600700040FFF9FFFF0000002054
:1079880040420F00F0B5040085B0002802D1012064
:1079980005B0F0BD0368DB0710D423689B075CD4EF
:1079A80023681B0700D5C1E023685B0700D5F2E018
:1079B800E369002B00D079E10020E9E73822AF4DD8
:1079C800AB681340EA68102B09D1D3439B0708D151
:1079D8002B689B03E1D56368002BDED1D7E7082B22
:1079E800F6D0802263685202934211D12A68134369
:1079F8002B60FEF72BFD80270600BF022B683B4259
:107A0800CBD1FEF723FD801B6428F7D90320BFE7FD
:107A1800A021C9028B4208D180232968DB020B43CD
:107A28002B602B681A432A60E3E72A6894490A40C6
:107A38002A602A6893490A402A60002BD9D1FEF7A8
:107A480005FD80270600BF022B683B42A5D0FEF744
:107A5800FDFC801B6428F7D9D8E73822874DAB682E
:107A68001340EA68102B28D103210A40022A26D1A4
:107A78002A68520503D5E268002A00D187E76968B9
:107A880062698148120201400A436A60002B0CD1E6
:107A98002B687E4A7E491340226913432B602B686A
:107AA8007C4A9B045B0FDA400A607B4B1868FEF740
:107AB80085FC002800D173E769E7002BD8D0E3687C
:107AC800002B20D02B68714A802713402269FF00C1
:107AD80013432B6080232A685B0013432B60FEF757
:107AE800B5FC06002B683B4207D06A6863696649A3
:107AF8001B020A4013436B6052E7FEF7A7FC801B8A
:107B08000228EFD982E72B68644A802713402B604C
:107B1800FEF79CFC0600FF002B683B4200D13FE7C4
:107B2800FEF794FC801B0228F6D96FE73822534DE4
:107B3800AB681340182B08D12B6E9B0700D433E792
:107B4800A369002B00D02FE721E7A2690123002AAF
:107B580010D02A6E022713432B66FEF777FC060027
:107B68002B6E3B4200D01FE7FEF770FC801B0228FB
:107B7800F6D94BE72A6E02279A432A66FEF766FC77
:107B880006002B6E3B4200D10EE7FEF75FFC801B20
:107B98000228F6D93AE73822384DAB681340202B33
:107BA80008D1EB6D9B0700D402E7A368002B00D037
:107BB800FEE6ECE680220021EB6B520500911342B1
:107BC80008D1EB6B1343EB63EB6B13400393039BFD
:107BD800012300938027324E7F0033683B4215D043
:107BE800A368012B22D1EA6D1343EB65FEF72EFC47
:107BF80002270600EB6D3B4238D0009B012B00D0DA
:107C0800D6E6EB6B274A1340EB63D1E633683B4378
:107C18003360FEF71BFC019033683B42E0D1FEF76E
:107C280015FC019BC01A0228F6D9EFE6EA6D052B70
:107C380005D1013B1343EB65EA6D0123D4E701212C
:107C48008A43EA65EA6D03318A43EA65002BCDD1A0
:107C5800FEF7FCFB02270600EB6D3B42CDD0FEF79A
:107C6800F5FB114B801B9842F6D9CFE6FEF7EEFBE9
:107C78000D4B801B9842BDD9C8E6C0460010024093
:107C8800FFFFFEFFFFFFFBFFFF80FFFFFFC7FFFFB8
:107C9800000000200024F40008000020FFFEFFFF81
:107CA80000700040FFFFFFEF8813000038213F4DB0
:107CB800AA680A40102A51D03D4A022B38D12B68B5
:107CC800802713402B60FEF7C1FB0600BF042B681A
:107CD8003B4227D1616A236AEA680B43354980260B
:107CE8000A401343E26AB6041343226B1343A26AA1
:107CF80012021343EB6080232A685B0413432B6052
:107D08008023EA685B051343EB60FEF79FFB0400E2
:107D18002B68334200D04FE6FEF798FB001B022881
:107D2800F6D973E6FEF792FB801B0228CFD96DE6E1
:107D38002B68802613402B60FEF788FB0400B604EE
:107D48002B68334204D1EB681B4A1340EB6033E6DF
:107D5800FEF77CFB001B0228F2D957E6012B00D165
:107D680015E60322E868216A02408A4200D00EE63E
:107D78007022616A02408A4200D008E6FE21A26AA7
:107D8800C90101401202914200D000E6F822E16ADE
:107D9800920302408A4200D0F9E5236B400F400766
:107DA800C01A431E9841C0B2F2E5C0460010024016
:107DB800FFFFFFFE8C80C11FFCFFFEEF382370B56C
:107DC8001D4CA2681A4205D123681C489B045B0F0E
:107DD800D84070BDA2681A40082A27D0A2681A4065
:107DE800102A17D1E368E168DB43E5684906490FC3
:107DF8006F322D0A013115409B0709D11048F8F759
:107E080085F9E1686843490F0131F8F77FF9E0E740
:107E18000A48F4E7A2681A40202A09D0A26800207C
:107E28001340182BD5D1FA20C001D2E70448D0E777
:107E380080200002CDE7C046001002400024F40074
:107E480000127A00F7B504000D00002801D10120C6
:107E5800FEBD07274A4E33683B408B422AD322682F
:107E680093073BD4D20748D4072733683B40AB423B
:107E78000AD93368BB432B433360FEF7E7FA019016
:107E880033683B40AB426BD123683E4D5B076FD4F0
:107E9800FFF794FFAB683C491B051B0F9B005B5821
:107EA8001F210B40D840394A394B10601868FEF73B
:107EB80085FACDE73368BB430B433360FEF7C6FA58
:107EC800019033683B40AB42C9D0FEF7BFFA019B33
:107ED800C01A304B9842F4D90320B9E7294953070F
:107EE80004D5E0238868DB0103438B608B682A484C
:107EF8000340A06803438B60B4E76268214F012AFE
:107F080019D13B689B03A2D50721BB688B43134358
:107F1800BB60FEF79BFA01903823BA681A40636881
:107F2800DB009A42A0D0FEF791FA019BC01A194BC8
:107F38009842F1D9D0E7022A03D13B689B01E3D4E8
:107F480085E7002A03D13B685B05DDD47FE7022380
:107F5800032A03D1396E1942D6D178E7F96DFAE7C9
:107F6800FEF774FA019BC01A0A4B984288D9B3E706
:107F7800AB680A4A1340E2681343AB6088E7C0461F
:107F88000020024000100240209F0008000000204E
:107F98000800002088130000FFF0FFFFFF8FFFFF9D
:107FA800064B07499B68074A5B045B0F9B005B58BD
:107FB8001F2110680B40D8407047C046001002408F
:107FC800009F000800000020F0B50368050085B098
:107FD80000209B0351D58022484C5205E36B00904A
:107FE800134208D1E36B1343E363E36B134003933A
:107FF800039B012300938027414E7F0033683B4356
:108008003360FEF723FA019033683B4227D0E16DD5
:10801800C022080092006B691040114217D09842A4
:108028000CD0E36D374AE16D1340802252020A43B7
:10803800E265E26D34490A40E265E365DB0706D58F
:10804800FEF704FA02270600E36D3B424ED0E36DCB
:108058002C4A002013406A691343E36506E0FEF7E3
:10806800F5F9019BC01A0228CED90320009B012BE9
:1080780003D1E36B254A1340E3632A68D30706D587
:1080880003241E494B6DA3436C6823434B65930639
:1080980006D51A491E4C4B6D2340AC6823434B65EB
:1080A80053040FD515492C694B6D9B009B0823433E
:1080B8004B658023DB059C4204D18023CC685B029E
:1080C8002343CB6012050FD50C4A124C536DE96857
:1080D80023400B4353658023DB01994204D180235D
:1080E800D1685B020B43D36005B0F0BDFEF7AEF973
:1080F800094B801B9842A7D9B7E7C0460010024039
:1081080000700040FFFCFFFFFFFFFEFFFFFFFFEFD7
:10811800FFCFFFFFFF3FFFFF8813000070B501246A
:10812800036A026AA24302624468164A85691540D6
:108138000A681543022293438A681343124A9042FD
:1081480005D0124EB04202D0114EB04213D10826CB
:10815800B343CE6833430426B343904205D00B4A59
:10816800904202D00A4A904205D10A4A8E692240BA
:108178004C69344314434A6844608561426303622E
:1081880070BDC0468CFFFEFF002C0140004401403A
:1081980000480140FFFCFFFF70B5174A056A036AF3
:1081A800134003624268154BC4691C400B681C43AA
:1081B800134B1D408B681B022B43124DA8420ED156
:1081C800114D1D40CB681B022B43104D2B40104D09
:1081D8004E6915408A69324312012A4305E00D4D64
:1081E800A842F4D00C4DA842F1D042604A68C4615C
:1081F800C263036270BDC046FFFEFFFF8CFFFEFF37
:10820800FFFDFFFF002C0140FFF7FFFFFFFBFFFF13
:10821800FFCFFFFF004401400048014030B5124A3B
:10822800046A036A114D134003624368C2692A4015
:108238000D682D0215430E4A14408A681203224322
:108248000C4CA04205D00C4CA04202D00B4CA042D2
:1082580004D10B4C1C404B699B01234343604B6882
:10826800C5610364026230BDFFEFFFFFFF8CFFFEB4
:10827800FFDFFFFF002C014000440140004801409F
:10828800FFBFFFFF70B5066A104C036A104A23400F
:1082980003624368456D15400A6815430D4A164048
:1082A8008A68120432430C4EB04205D00B4EB042DD
:1082B80002D00B4EB04203D11C404B691B02234332
:1082C80043604B6845658365026270BDFFFFFEFF32
:1082D8008FFFFEFFFFFFFDFF002C0140004401401F
:1082E8000048014030B5124A046A036A114D134030
:1082F80003624368426D2A400D682D0215430E4AF9
:1083080014408A68120522430C4CA04205D00C4C3C
:10831800A04202D00B4CA04204D10B4C1C404B692C
:108328009B02234343604B684565C365026230BDC9
:10833800FFFFEFFFFF8FFFFEFFFFDFFF002C014075
:108348000044014000480140FFFFFBFF70477047B1
:1083580070477047704770470222036870B5DD6840
:108368001E69040016420DD015420BD0053A1A6159
:10837800043202779B699B0700D17CE0FFF7E9FF95
:108388000023237704231E4212D01D4210D0052259
:10839800236852421A61073222779A69C0239B00E8
:1083A80020001A4200D16CE0FFF7D3FF00232377A7
:1083B80008231E420FD01D420DD0092223685242C5
:1083C8001A610D322277DB6920009B075FD0FFF727
:1083D800C0FF0023237710231E4211D01D420FD067
:1083E8001122236852421A6119322277DA69C023AE
:1083F8009B0020001A4250D0FFF7ABFF00232377E1
:1084080001231E4208D01D4206D002222368524290
:1084180020001A61FFF79BFF82239B011E4207D0B1
:108428002B0605D52368204A20001A6100F00DFBB1
:10843800F30507D52B0605D523681C4A20001A61C9
:1084480000F004FB40231E4208D01D4206D0412202
:108458002368524220001A61FFF77DFF20231E4245
:1084680008D01D4206D021222368524220001A61FA
:1084780000F0EAFA70BDFFF76BFF2000FFF76AFF14
:108488007EE7FFF765FF2000FFF764FF8EE7FFF741
:108498005FFF2000FFF75EFF9BE7FFF759FF200013
:1084A800FFF758FFAAE7C0467FDFFFFFFFFEFFFF89
:1084B8001C4A10B50368904202D01B4CA04208D158
:1084C8007024A3434C68234390420BD0164CA0421F
:1084D80008D0164CA04205D0154CA04202D0154C2D
:1084E800A04203D1144C1C40CB6823438024A343EF
:1084F8004C69234303608B68C3620B6883629042B4
:1085080005D00B4B984202D00A4B984201D10B6917
:108518000363012242610369134202D00369934352
:10852800036110BD002C0140000400400020004001
:108538000044014000480140FFFCFFFF70B5040003
:108548000120002C23D025003D352B78DAB2002BF2
:1085580005D123003C3320001A70FDF7F1FD0223FA
:108568002B702068211DFFF7A3FF220001230020A4
:108578004832137047340A3A137053709370D370AB
:10858800137153719371D371137223702B7070BD73
:1085980070B504000120002C23D025003D352B7830
:1085A800DAB2002B05D123003C3320001A70FFF704
:1085B800CDFE02232B702068211DFFF779FF2200D2
:1085C800012300204832137047340A3A137053705D
:1085D8009370D370137153719371D37113722370A5
:1085E8002B7070BD102270B5056A036A164C934350
:1085F80003624268836923400C6824021C432023D9
:108608009D438B681B012B43104DA8420FD1802539
:10861800AB431E00CB68403D1B013343AB430C4DBD
:108628004E6915408A69324392002A4305E0094D94
:10863800A842F4D0084DA842F1D042604A6884614B
:108648008263036270BDC046FF8CFFFE002C0140B0
:10865800FFF3FFFF0044014000480140F8B5070060
:108668003C3715003A7803000C000220012A0CD090
:10867800013838700C2D51D008D8042D2DD0082D74
:108688003CD0002D17D000233B70F8BD102D58D0DA
:10869800142DF8D11D682800FFF724FE80236A6D89
:1086A8001B0113436B656B6D2E4A13406B65236981
:1086B8006A6D1B0253E01D682800FFF72FFD082391
:1086C800AA6913430422AB61AB699343AB61AB69FD
:1086D80022691343AB610020D5E71D682800FFF726
:1086E80081FF8023AA691B011343AB61AB691D4A53
:1086F8001340AB612369AA691B02EAE71E683000D0
:10870800FFF74AFD0422F3691D43F561F3699343BA
:10871800F361F36922691343F361DCE71D682800FC
:10872800FFF77CFD8023EA691B011343EB61EB69CA
:108738000C4A1340EB612369EA691B021343EB619E
:10874800C9E71D682800FFF79DFD08236A6D1343DC
:1087580004226B656B6D93436B656B6D22691343E4
:108768006B65B8E7FFFBFFFF30B58468034D0A432C
:108778001B022C4013432343836030BDFF00FFFFDF
:10878800F8B5050002223C352C7803001000012CB6
:108798001BD01E0001383D36287032701C68414AD3
:1087A800A3681340A3600B68602B4ED02DD8402BD4
:1087B80062D013D8202B0BD008D81022190091436F
:1087C80006D00123337000232B70F8BD302BF8D16D
:1087D800A26835490A401343072228E0502BF0D1FC
:1087E8004A68CB68216A276A1B0187432762F027FA
:1087F800A069B84303430A2081430A43A361226264
:10880800294BA2681A40572311E080225201934253
:108818000FD08022920193420DD0702BD1D1CB681A
:108828004A6820008968FFF79FFF7723A2681343EF
:10883800A3600020C5E7CB684A6820008968FFF775
:1088480093FF8023A268DB01F1E710274B68CA6811
:10885800216A206A1203B8432062A069134F1B01E2
:1088680038400243A02081430B43A2612362A268DF
:108878000D4B1A406723DAE74A68CB68216A276AF2
:108888001B0187432762F027A069B84303430A20E6
:1088980081430A43A3612262034BA2681A4047231B
:1088A800C5E7C0468800CEFF8FFFCFFFFF0FFFFF51
:1088B8001F2310B5012419408C408A40036AA34342
:1088C8000362036A1A43026210BD000010B508294A
:1088D8001CD006D800290BD0042914D00300433338
:1088E80008E00C2915D01029F8D10300423301E023
:1088F80003003E331B78013B5A1E9341DBB2002B29
:108908000AD0012042E003003F33F3E7030040337D
:10891800F0E703004133EDE7022308293ED009D8E8
:1089280000290ED0042932D00200433213700429E2
:10893800E7D12FE00C2939D01029F5D14230037046
:10894800DFE702003E3213700468E2681343E36015
:10895800046801222000FFF7ABFF1C4A94422DD087
:108968001B4B9C422AD01B4B9C4227D01A4B9C4243
:1089780007D1A368194A1340062B06D0073A934239
:1089880003D00123226813432360002010BD020096
:108998003F32137002680423D4680DE002004032AD
:1089A80013700268D3680B43D360D1E702004132E9
:1089B800137010230268D4682343F5E78023616CA1
:1089C8001B020B4363649442D3D0CFE7002C0140D1
:1089D8000044014000480140000400400700010035
:1089E80010B5FFF773FF10BDF0B5040002223C3448
:1089F800257803001000012D1FD01D003D352A7079
:108A08001A680E4E53689068B24203D10C4F3B402F
:108A18004F683B437027BB430F683B435360B242E8
:108A280002D0084B9A4204D1802398438B6818439C
:108A38009060012300202B702070F0BD002C0140B5
:108A4800FFFF0FFF000400407047704770470000A9
:108A580030B5EFF31084012282F310880168134DBA
:108A68000B682B400B6084F31088EFF3108182F3BE
:108A7800108802680E4C93682340936081F3108835
:108A8800C36E012B0AD1EFF3108183F310881024F1
:108A980002681368A343136081F31088030020223F
:108AA8008C331A600023C366436730BDDFFEFFFFC7
:108AB800FEFFFFEF30B5EFF31084012282F3108838
:108AC800802501680B68AB430B6084F31088EFF3D3
:108AD800108182F3108840230268106803431360F2
:108AE80081F3108830BD030088331B6810B5212B33
:108AF80006D1020056321388002B02D1FFF7DAFFA5
:108B080010BD036D01681C7801338C6203651388FE
:108B1800013B9BB21380F3E7030088331B6810B551
:108B2800212B06D1010056310B88002B02D1FFF70B
:108B3800C1FF10BD026D046813880232DB05DB0D2E
:108B4800A36202650B88013B9BB20B80F1E7000032
:108B5800030088331B6870B5212B21D10300010065
:108B680080246A331B885631002B19D00A88002AC2
:108B780017D1EFF31084013282F310880168114D88
:108B88008B682B408B6084F31088EFF3108182F39D
:108B980010884023026810680343136081F310882B
:108BA80070BD0568EA69224208D0026D1678013264
:108BB800AE6202650A88013A92B20A80013B9BB212
:108BC800D2E7C046FFFF7FFF030088331B6870B5FC
:108BD800212B21D10300010080246A331B885631E0
:108BE800002B19D00A88002A17D1EFF3108401321C
:108BF80082F310880168124D8B682B408B6084F3D8
:108C08001088EFF3108182F31088402302681068FF
:108C18000343136081F3108870BD0668F26922422D
:108C28000AD0056D2A880235D205D20DB2620565D3
:108C38000A88013A92B20A80013B9BB2D0E7C0464B
:108C4800FFFF7FFF30B5050088352C680300022040
:108C5800202C37D10138002934D0002A32D0802086
:108C68009C684001844205D11869002802D101306E
:108C7800014227D11965190054310A804A801A0027
:108C8800002190321160212280212A608022586EB2
:108C980092054901904216D1144A8C4203D11969B0
:108CA800002900D1124A9A67EFF31081012282F35A
:108CB80010881A68802390681B040343936081F32B
:108CC8001088002030BD0B4A8C4203D11969002955
:108CD80000D1094A9A67EFF31081012282F31088C4
:108CE8001A688023106803431360E8E7598B00086B
:108CF800D18B0008EF8A0008218B00087047806A32
:108D08000023020010B55E321380083A1380FFF783
:108D1800F5FF10BD70470000F7B50168C14DCB697C
:108D280004000A6888682B4210D120252B4200D104
:108D38009BE08026760515400640354300D194E037
:108D4800636F2000002B00D085E085E0B64D05401C
:108D58000095B64D009E1540354300D185E02500AD
:108D680001269035334205D0D70503D50E622F680A
:108D78003E432E60022633420CD0C7070AD527008F
:108D88000E6290373E680197B446042667463E4314
:108D9800019F3E60042633420CD0C7070AD527003E
:108DA8000E6290373E680197B446022667463E43F6
:108DB800019F3E600826B446334209D02027009E12
:108DC8001740374304D066460E622F683E432E6034
:108DD80080263601334206D0570104D50E62202181
:108DE8002E68314329602968002935D020210B429B
:108DF8000AD080235B0511400340194304D0636FF8
:108E0800002B01D02000984722682B6840279668DD
:108E180028223E40134020001E4322D0FFF718FEB0
:108E280023689B683B4218D0EFF31081012383F33A
:108E38001088250004CD9368BB43936081F31088A4
:108E4800E86F002809D07A4B8363FDF78FFB002871
:108E580002D0E86F836B9847F7BD2000FFF74EFFFD
:108E6800FAE7FFF74BFF2E60F6E7E56E012D00D01D
:108E78009FE01026334200D19BE0324200D198E0B7
:108E88000E62896840230A001A40194257D0211DF2
:108E9800CA6F1068426892B2002ADDD027005C379A
:108EA8003F889742D8D927005E373A800268202049
:108EB8008446104000906046024232D1EFF310879A
:108EC80085F3108820685B4E02683240026087F3A1
:108ED8001088EFF3108785F3108820688268AA430A
:108EE800826087F31088EFF3108785F31088206875
:108EF80082689A43826087F31088230062468C3325
:108F08001A60009BE366EFF3108085F310882268EF
:108F18000F351368AB43136080F31088C86FFDF7F3
:108F2800EBFA02232200236723005C325E331B889E
:108F38001188C91A89B22000FFF7ECFE8CE72300DC
:108F480020005C335E301988038800889BB20028B3
:108F580000D181E7C91A89B2002900D17CE7EFF373
:108F6800108785F310882068334E03683340036008
:108F780087F31088EFF3108785F3108820682F4E49
:108F880083683340836087F31088230020208C3364
:108F98001860E2666267EFF3108085F31088102589
:108FA80022681368AB43136080F310880223236799
:108FB800C1E780256D032B4206D0460204D5200068
:108FC8000D6200F0BBFD47E780210B4207D08025EA
:108FD8002D0411402840014301D0A36FB1E6402180
:108FE8000B4216D00A4214D0EFF31080012383F30A
:108FF8001088226813688B43136080F3108823005D
:10900800202288331A6000232000A367F9F708FF9D
:1090180022E7190214D5510012D5200000F090FD66
:109028001AE7C0460F0800000100001020010004E4
:10903800078D0008FFFEFFFFDFFEFFFFFEFFFFEFCB
:10904800DB0100D408E7002A00DB05E7200000F078
:1090580076FD01E70100F8B503008C310C68603338
:109068001A880368222C57D15B6A846D134002006A
:109078002370836D5E32013383651388013B9BB295
:10908800138013889CB2002B42D1EFF31086013372
:1090980083F310880568234F2A683A402A6086F3CC
:1090A8001088EFF3108683F310880568AA689A433E
:1090B800AA6086F3108820220A6002680467526852
:1090C800446712020AD5EFF3108183F3108802680F
:1090D800154C13682340136081F31088C36E012B6D
:1090E80017D10022C266EFF3108483F31088016859
:1090F8000F330A689A430A6084F310880268D169BA
:10910800194200D0136203005C331988FFF702FE8E
:10911800F8BDF9F769FEFBE7082299690A439A61E5
:10912800F6E7C046DFFEFFFFFFFFFFFB0200F8B5D2
:1091380003008C32116860331C880368222956D1D9
:10914800596A836D214019800100023383655E31BD
:109158000B88013B9BB20B800B889CB2002B42D141
:10916800EFF31086013383F310880568224F2968CE
:109178003940296086F31088EFF3108683F310884E
:109188000568A9689943A96086F3108820211160B1
:10919800026804675268446712020AD5EFF3108127
:1091A80083F310880268154C13682340136081F319
:1091B8001088C36E012B17D10022C266EFF310840A
:1091C80083F3108801680F330A689A430A6084F3AE
:1091D80010880268D169194200D0136203005C3319
:1091E8001988FFF797FDF8BDF9F7FEFDFBE70822A0
:1091F80099690A439A61F6E7DFFEFFFFFFFFFFFB6D
:109208000300F0B560331B8885B00293036804003F
:10921800DD691A6803929A68019202008C3212681A
:10922800222A00D0C2E0030068331B88002B02D03A
:1092380020231D4225D123005E331B889AB2002BC0
:109248001DD0230068331B88934218D9EFF3108090
:10925800012282F310882168574D8B682B408B6060
:1092680080F31088554B6367EFF3108182F3108801
:109278002023226810680343136081F3108805B027
:10928800F0BD2600236802995B6AA26D0B4013703B
:10929800A36D5E360133A36533882268013B9BB218
:1092A80033800723D5691D422FD0063B1D4208D0C5
:1092B8000399C90505D52100136290310868034355
:1092C8000B6002231D4209D00199C90706D5210068
:1092D800136290310868DB1803430B6004231D42B6
:1092E80009D00199C90706D5136222009032116886
:1092F800023B0B431360270090373B68002B04D0D8
:109308002000FFF7FBFC00233B60338899B2002B59
:1093180000D08DE7EFF31086013383F310882068BF
:10932800274F02683A40026086F31088EFF31086F0
:1093380083F310882068234F82683A40826086F35E
:109348001088220020208C32106022682167526821
:10935800616712020AD5EFF3108183F3108822683F
:10936800194813680340136081F31088E36E012BDA
:1093780018D10022E266EFF3108083F31088216889
:109388000F330A689A430A6080F310882268D1690B
:10939800194200D0136223005C3320001988FFF7BC
:1093A800B9FC45E72000F9F71FFD41E70822996954
:1093B8000A439A6163E7C046FFFFFFEF5D9000082C
:1093C800FFFEFFFFFEFFFFEFFFFFFFFB0300F0B50F
:1093D80060331B8885B0029303680400DD691A684E
:1093E80003929A68019202008C321268222A00D0F5
:1093F800C0E0030068331B88002B02D020231D42E5
:1094080025D123005E331B889AB2002B1DD0230080
:1094180068331B88934218D9EFF31080012282F336
:1094280010882168564D8B682B408B6080F310881C
:10943800544B6367EFF3108182F31088202322686E
:1094480010680343136081F3108805B0F0BD26004F
:1094580023680298596AA26D014011800232A26500
:109468005E363288013A92B232800722DD691542AF
:109478002FD0063A154208D00399C90505D5210011
:109488001A629031086802430A600222154209D024
:109498000199C90706D521001A6290310868921807
:1094A80002430A600422154209D00199C90706D56A
:1094B8001A6222000223903211680B4313602700BE
:1094C80090373B68002B04D02000FFF717FC0023DF
:1094D8003B60338899B2002B00D08FE7EFF31086FA
:1094E800013383F310882068274F02683A400260EE
:1094F80086F31088EFF3108683F310882068234FD3
:1095080082683A40826086F31088220020208C32DC
:109518001060226821675268616712020AD5EFF36A
:10952800108183F310882268194813680340136078
:1095380081F31088E36E012B18D10022E266EFF365
:10954800108083F3108821680F330A689A430A60F1
:1095580080F310882268D169194200D01362230071
:109568005C3320001988FFF7D5FB47E72000F9F79F
:109578003BFC43E7082299690A439A6165E7C046BC
:10958800FFFFFFEF35910008FFFEFFFFFEFFFFEF33
:10959800FFFFFFFB70B504002569A1680368294334
:1095A8006569C26929431868494D11432840014338
:1095B800196059684748256A0140E06801435960C5
:1095C800A16998682943444D284001430F209960B8
:1095D800D96A8143606A0143D96240498B4215D1F7
:1095E80003213F4B5B6D0B40013B022B60D83D498B
:1095F800C85C80231B029A422FD1082856D8F6F758
:109608007BFD5B550E550B5555550F0036495B18BC
:10961800591E8B411801ECE7FEF7D0FB4EE0334AA8
:10962800616A334B49001000C95AF6F76FFD656847
:1096380040006B08C0182900F6F768FD02002D4BA2
:10964800103A9A4232D80F23020000079A4393B285
:10965800400F22680343D36032E0082826D8F6F783
:109668004BFD1A2505251F25252522001F48626A5E
:109678001F4B5200D15AF6F749FD65686B08C018B0
:109688002900F6F743FD02001A4B103A9A420DD80A
:109698002368D86014E0FEF783FC002810D0E6E7C2
:1096A800FEF78CFBF9E780200002E0E7012008E0E4
:1096B80080231B029A42EED1FEF772FC021EAFD144
:1096C80000200D4BA36600236367A36770BDC046E7
:1096D800F369FFCFFFCFFFFFFFF4FF110038014010
:1096E80000100240609F000800BCFFBF0024F40087
:1096F800649F0008EFFF000001000100836A30B595
:109708001A0706D50168284C4A682240846B224310
:109718004A60DA0706D50168244C4A682240C46AC0
:1097280022434A609A0706D50168214C4A682240BC
:10973800046B22434A605A0706D501681D4C4A68E3
:109748002240446B22434A60DA0606D501681A4C67
:109758008A682240C46B22438A609A0606D501684B
:10976800164C8A682240046C22438A605A0610D537
:109778000168134D4A68446C2A4022434A6080229B
:109788005203944205D14A680E4C2240846C22430D
:109798004A601B0606D502680B4953680B40C16C2A
:1097A8000B43536030BDC046FF7FFFFFFFFFFDFF47
:1097B800FFFFFEFFFFFFFBFFFFEFFFFFFFDFFFFFE6
:1097C800FFFFEFFFFFFF9FFFFFFFF7FFF7B5040065
:1097D8000D00170000932268D3692B405B1B594288
:1097E8004B41BB4201D0002026E0089B0133F3D057
:1097F800FCF72CFE009BC01A089B98422DD8002B22
:109808002BD023681A685207E5D52A004021403A30
:109818008A43E0D0DA6908261100314001913242CA
:109828000BD020001E62FFF713F9230090331E604F
:109838000023012084342370FEBD8022D9691201DF
:109848001142C8D01A622000FFF702F92300202233
:1098580090331A60019B843423700320ECE70000E6
:10986800030073B50026040090331E60FCF7EEFD7C
:10987800236805001B681B071FD58021284B320071
:109888000093890303002000FFF7A0FFB04214D023
:10989800EFF31081012383F3108880202268136876
:1098A8008343136081F310882300202288331A60D1
:1098B800032000238434237076BD260023688C3669
:1098C8001B685B0723D58021154B002200932000DD
:1098D8002B00C903FFF77AFF002818D0EFF3108098
:1098E800012282F3108821680E4D0B682B400B6013
:1098F80080F31088EFF3108082F3108821688B685A
:1099080093438B6080F3108820233360D0E72300D3
:109918002022002088331A603260E0662067C8E79A
:10992800FFFFFF01DFFEFFFF03005C3370B58165B9
:1099380080241A805A800023816843676401A14209
:109948004ED10369591E8B41FF215B428B433C4931
:109958005B18010060310B8003000021903319600F
:109968002231043B1960EFF31084012383F310883C
:1099780001688D682B438B6084F3108880258021D3
:10998800466E84680369AD054901AE423AD10500C7
:1099980068352D88954235D82A4A8C4202D1002B49
:1099A80000D1294A4267002B0BD0EFF31081012325
:1099B80083F310880268FF3314682343136081F32C
:1099C8001088EFF31081012383F310888023026845
:1099D8005B0590680343936081F31088002070BD95
:1099E800002905D101697F230029B2D18033B0E76E
:1099F80080246405A142ACD101693F230029A8D184
:109A08004033A6E7114A8C4202D1002B00D1104AFC
:109A180042670122002B0AD0EFF3108182F31088ED
:109A2800902302685B00106803431360D4E7EFF3E8
:109A3800108182F31088026820231068F4E7C0467A
:109A4800FF01000009920008D59300085D90000806
:109A58003591000803008C3070B504680220202C72
:109A680025D10138002922D0002A20D080209C68E6
:109A78004001844205D11869002802D10130014211
:109A880015D10020D8661868406800020CD5EFF39D
:109A98001085012080F3108880201C68C004266887
:109AA8003043206085F310881800FFF73DFF70BD34
:109AB800F7B504000E001D000192002801D1012015
:109AC800FEBD070088373B68002B04D102008432B2
:109AD8001370FCF713FC2423012122683B601368F0
:109AE8008B431360A36A002B02D02000FFF706FE09
:109AF8002000FFF74FFD0128E1D080222368D20122
:109B080099682D040A439A609A680A4920000A4015
:109B180032439A60019A51050D431A6806490A4072
:109B2800154301221D6019680A431A60FFF798FE61
:109B3800C6E7C046FF7FFFFFFFFF00FC7047704786
:109B4800704710B5884206D800239A4208D0CC5CEA
:109B5800C4540133F9E78B189842F5D2013A00D280
:109B680010BD8B5C8354F9E703008218934200D13F
:109B7800704719700133F9E7014B18687047C04600
:109B88000C00002070B500260C4C0D4D641BA41071
:109B9800A64209D1002600F031F90A4C0A4D641B8F
:109BA800A410A64205D170BDB300EB589847013602
:109BB800EEE7B300EB5898470136F2E77C9F0008C0
:109BC8007C9F0008809F00087C9F0008002310B538
:109BD8009A4200D110BDCC5CC4540133F8E7F8B503
:109BE80004000D0000F022F8220006000F002B00F0
:109BF80020002900F8F75CFE002813D1002200237A
:109C080020002900F6F724FB00280BD0FFF7B4FF4B
:109C1800212300220360002310001900F7F7A0FB9E
:109C280006000F0030003900F8BD0000F0B50A004A
:109C38000D006D4904000300080087B028408842E1
:109C480011D122002B0020002900F7F7CDFF0200D8
:109C58000B0020002900F7F71FF804000D00200072
:109C6800290007B0F0BD002D11DC69004908214327
:109C7800F5D00020854210D022002B0020002900BA
:109C8800F8F77AFA02000B00F7F76AFBE5E7281500
:109C980015D180240021640307E0DA0A15385B0532
:109CA800002AFAD0F5E7520001312242FBD04C1EBF
:109CB800001B20241D00641AE5408B402A434B49B1
:109CC800120344188021120B49031143C00703D41F
:109CD800DA0F490051185B00002562104900802402
:109CE8000592DA0F5218162029005B00A4030E19FA
:109CF800964202DC3119921B2D19DE0F52000138F1
:109D080092195B0064080028F1D1202680270400FE
:109D180004963F06C619B446914202DB14D19E420E
:109D280012D860466646C0190091002E03DAC64371
:109D3800F60F8E190096521A634589414942521A04
:109D480061465B1A0099E419DE0F52009219049ECD
:109D58005B00013E7F080496002EDBD11A431FD01A
:109D6800234E244F306871683A687B6800920193EB
:109D78003268736802920393009A019BF8F7FCF922
:109D880002000B0002980399F6F76CFA002807D036
:109D9800306871683A687B68671C0FD1049C01358C
:109DA800154B6A10D2186308ED0702D58021090601
:109DB8000B4305991C0009058D1850E7F6F76CFF51
:109DC8007768366802000B0030003900F6F740FA71
:109DD800002804D0023463426341ED18E0E7012310
:109DE80001349C43DCE7C0460000F07F01FCFFFF24
:109DF80068000020600000200000E03FF8B5C04681
:109E0800F8BC08BC9E467047F8B5C046F8BC08BC0C
:109E18009E4670470000000001B40248844601BC19
:089E2800604700BF710000203B
:109E30000E0500083E0400085604000874040008DB
:109E400056040008B804000856040008740400080A
:109E50003E0400083E040008B8040008740400082A
:109E60005E0400085E0400085E040008C2040008E6
:109E70003E0400083E040008560400084C05000893
:109E800056040008B8040008560400084C050008F1
:109E90003E0400083E040008B80400084C05000811
:109EA0005E0400085E0400085E0400085014000808
:109EB00042140008201400084C1400082014000864
:109EC00036170008201400084C140008421400083B
:109ED00042140008361700084C1400080814000843
:109EE0000814000808140008A8170008000103045B
:109EF0000506070C0D0F12131415161718191A1B47
:109F00000000000000000000000000000000000051
:109F10000100000002000000030000000400000037
:109F20000000000000000000000000000000000031
:109F30000000000000000000000000000000000021
:109F40000100000002000000030000000400000007
:109F500006000000070000000800000009000000E3
:109F600004020800010002000400060008000A00C4
:0C9F70000C0010002000400080000001E8
:049F7C00E1000008F8
:049F8000B90000081C
:109F84000024F40001000000040000001000002080
:109F940000000000EC06002054070020BC0700204D
:109FA40000000000000000000000000000000000AD
:109FB400000000000000000000000000000000009D
:109FC400000000000000000000000000000000008D
:109FD400000000000000000000000000000000007D
:109FE40059F3F8C21F6EA501000000000000F03F05
:109FF40080220C4B30B55C69D20222435A61EFF3E4
:10A00400108272B64C1CFF34401A0D68455004315E
:10A014008C42FAD18021490218690842FCD182F3AA
:08A02400108830BD002002404D
:04000005080063711B
:00000001FF
